name,lon,lat,type
Coral Tree Lodge Tourist Park,150.7331889,-34.9167654,Commercial / Resort
Anglers Rest Caravan Park,150.7347175,-34.9069306,Commercial / Resort
Holiday Haven Currarong,150.8182645,-35.0173123,Commercial / Resort
Myola Tourist Park,150.6739631,-35.0233046,Commercial / Resort
Jervis Bay Holiday Park,150.6617417,-35.0231323,Commercial / Resort
White Sands Tourist Park,150.6755612,-35.0426722,Commercial / Resort
Huskisson Beach Tourist Park,150.6746467,-35.0467414,Commercial / Resort
Queanbeyan Riverside Caravan Park,149.2372403,-35.3498534,Commercial / Resort
Holiday Haven Tourist Park,150.7638826,-34.9076268,Commercial / Resort
Pebbly Beach,150.3260654,-35.6070181,Hardcore Bushcamp
Warri Camping Reserve,149.7377624,-35.3442165,Hardcore Bushcamp
Mudjimba Beach Caravan Park,153.0993933,-26.6178331,Commercial / Resort
Nobby Beach Holiday Village,153.4356755,-28.0608632,Commercial / Resort
Ocean Beach Tourist Park,153.4436209,-28.0695089,Commercial / Resort
Sheralee Tourist Caravan Park,151.151363,-33.9522014,Commercial / Resort
Dalby Tourist Park - Myall Creek,151.2666741,-27.1860531,Commercial / Resort
Lake Sambell Caravan Park,146.6992799,-36.358302,Hardcore Bushcamp
BIG4 Holiday Parks,151.3043275,-33.7006233,Commercial / Resort
Harbour Lights Caravan Park,148.2519438,-20.0142982,Commercial / Resort
Lane Cove River Tourist Park,151.1437975,-33.7901343,Commercial / Resort
Sydney Tourist Park,151.1052059,-34.0268383,Commercial / Resort
Werribee South Tourist Park,144.6897218,-37.9730939,Commercial / Resort
Meroo Head Camping Ground,150.3918544,-35.4770501,Hardcore Bushcamp
Bass Hill Tourist Park,150.9965723,-33.900312,Commercial / Resort
Durras Lake North Holiday Park,150.3019304,-35.6355175,Commercial / Resort
Galaxy Caravan Park,153.1679088,-27.6606956,Commercial / Resort
Advent Park Campground,116.0182866,-31.946583,Hardcore Bushcamp
Bellara Caravan Park,153.1494075,-27.0649289,Commercial / Resort
Acclaim Kingsway Tourist Park,115.8218345,-31.8145583,Commercial / Resort
Koorda Caravan Park,117.486647,-30.8218559,Commercial / Resort
Karrinyup Waters Resort,115.7930262,-31.8630486,Commercial / Resort
RAC Cervantes Holiday Park,115.0672434,-30.4981465,Commercial / Resort
Mungo Brush,152.3097426,-32.5429109,Hardcore Bushcamp
Dees Corner Camping Area,152.3165022,-32.5385307,Hardcore Bushcamp
"Darlington Beach Resort, unpowered camping area",153.1922481,-30.0471318,Hardcore Bushcamp
Loddon House Holiday Park,143.963575,-36.9792186,Commercial / Resort
Laanecoorie Lakeside Park,143.8862888,-36.8334146,Commercial / Resort
Kirra Beach Tourist Park,153.5227661,-28.1704388,Commercial / Resort
Dromana Holiday Village,144.9936594,-38.3287514,Commercial / Resort
Anglesea Caravan Park,144.1924709,-38.41014,Commercial / Resort
BIG4 Castlemaine Gardens Holiday Park,144.2137692,-37.052845,Commercial / Resort
Camp Cottermouth,148.9609283,-35.3317188,Hardcore Bushcamp
Snug Beach Cabin & Caravan Park,147.2621084,-43.0643773,Commercial / Resort
The Cove Caravan Park,117.1962288,-20.6329052,Commercial / Resort
Balmoral Holiday Park,116.81084,-20.7306547,Commercial / Resort
BP Caravan Park,144.692831,-37.972273,Commercial / Resort
Burns Beach Caravan Park,115.7208816,-31.7309725,Commercial / Resort
Beachside Caravan Park,150.7495342,-23.1200525,Commercial / Resort
Maldon Caravan & Camping Park,144.0627844,-36.9947734,Commercial / Resort
Woodhouse Scout Activity Centre,138.7371319,-34.9856579,Hardcore Bushcamp
Turkey Creek Roadhouse,128.2169191,-17.0165305,Commercial / Resort
Charlie Moreland Campground,152.6506162,-26.6155764,Hardcore Bushcamp
KCC Camp Site,150.2976912,-33.7299726,Hardcore Bushcamp
Reflections Jimmys Beach - Holiday Park,152.1801021,-32.6785685,Commercial / Resort
Reflections Hawks Nest - Holiday Park,152.1830941,-32.6716574,Hardcore Bushcamp
Banksia Campground,147.9610799,-43.1429564,Hardcore Bushcamp
Perth Vineyards Holiday Park (Big 4),115.9648717,-31.8767184,Commercial / Resort
Jerrinja Aboriginal Camping Area,150.78058,-35.0524603,Hardcore Bushcamp
Geelong Holiday Park,144.3491278,-38.1658374,Commercial / Resort
Lake Conjola Entrance Tourist Park,150.4971527,-35.269014,Commercial / Resort
Welshmans Reef Caravan Park,144.0203249,-37.0714814,Commercial / Resort
Borough Huts Campground,142.5396895,-37.2240506,Hardcore Bushcamp
Lake Fyans Holiday Park,142.6349296,-37.1433144,Commercial / Resort
Horseshoe Bend,142.0181019,-36.4980557,Hardcore Bushcamp
Ackle Bend,142.0201837,-36.5039381,Hardcore Bushcamp
Kiata Campground,141.7980792,-36.4466318,Hardcore Bushcamp
Beachport Caravan Park,140.0164396,-37.4785641,Commercial / Resort
Discovery Parks,139.7842792,-37.1648786,Commercial / Resort
Jeparit Caravan Park,141.9844739,-36.1445843,Commercial / Resort
Four Mile Beach Campsite,141.9282297,-36.1325682,Hardcore Bushcamp
Young Caravan Park,148.3030773,-34.309962,Commercial / Resort
Discovery Park - Geelong,144.3376331,-38.1671486,Commercial / Resort
Riverglen Holiday Park,144.3397406,-38.1674151,Commercial / Resort
Sherwood Village,144.348675,-38.1876057,Commercial / Resort
Geelong Surf Coast Highway Holiday Park,144.3336166,-38.235225,Commercial / Resort
Brighton Caravan Park,153.06169,-27.2869793,Commercial / Resort
Cotton Tree Holiday Park,153.1008597,-26.6526051,Commercial / Resort
Dunolly Caravan Park,143.7307885,-36.862847,Commercial / Resort
Pakenham Caravan Park,145.4930188,-38.0722178,Commercial / Resort
Lowden Forest Park Camping Area,149.6030707,-35.5102404,Hardcore Bushcamp
Bells Caravan Park,153.0923267,-27.2551587,Commercial / Resort
Bramble Bay Caravan Park,153.0914307,-27.254667,Commercial / Resort
Scarborough Holiday Village,153.110945,-27.192992,Commercial / Resort
Camp Somerset,152.6202488,-27.0736724,Hardcore Bushcamp
Oxley Pines Caravan Park,152.9678325,-27.5746181,Commercial / Resort
Mitchell Gardens Caravan Park,147.6379467,-37.8249926,Commercial / Resort
North Gardens Campground,146.4486993,-37.9326199,Hardcore Bushcamp
Hammonds Camping Area,144.0230808,-38.398865,Hardcore Bushcamp
BIG4 Port Willunga Tourist Park,138.4725783,-35.2486514,Commercial / Resort
Rosewood Showgrounds,152.5993014,-27.6389071,Commercial / Resort
Friday's Camping Area,144.190108,-37.8597168,Hardcore Bushcamp
Wanneroo Caravan Park,115.8050919,-31.7690081,Commercial / Resort
Big Hill Campground,143.9324597,-38.4748231,Hardcore Bushcamp
Bridgewater on Loddon Tourist Park,143.9362656,-36.606402,Commercial / Resort
Woodman Point Holiday Park,115.766307,-32.1296393,Commercial / Resort
Coral Coast Tourist Park,113.6613974,-24.8794311,Commercial / Resort
Outback Oasis Caravan Park Carnarvon,113.681619,-24.8657026,Commercial / Resort
Carnarvon Caravan Park,113.6891764,-24.8650213,Commercial / Resort
Clancy's Campground and Dayuse Area,152.1643368,-26.9715456,Hardcore Bushcamp
Southcombe By The Sea Caravan Park,142.2361928,-38.3907912,Commercial / Resort
Richards Camping Site,143.2752675,-37.3013317,Hardcore Bushcamp
Budj Bim Campground,141.9230525,-38.0563988,Hardcore Bushcamp
Battersbys,141.1609721,-38.046336,Hardcore Bushcamp
Dartmoor - Fort O'Hare Tourist Camping Reserve,141.2839224,-37.9255893,Hardcore Bushcamp
Lake Mombeong Campsite,141.1851392,-38.1345419,Hardcore Bushcamp
Captain Logan Camp Ground,152.5497003,-27.349875,Hardcore Bushcamp
Lake Boondooma,151.4492641,-26.1022413,Hardcore Bushcamp
Boondooma Dam,151.4407663,-26.0956731,Commercial / Resort
Emu Creek Campground and Dayuse area,152.1710032,-26.9776768,Hardcore Bushcamp
Unnamed Campsite,116.7706132,-31.8640763,Commercial / Resort
Rocky Creek Campsite,152.9550294,-26.8195346,Hardcore Bushcamp
Mittagong Camp Site,144.4127733,-38.0249999,Hardcore Bushcamp
Holiday Haven Bendalong Point,150.5381833,-35.2458885,Commercial / Resort
Hamiltons Crossing Crown Land Reserve,143.9337706,-36.9427073,Hardcore Bushcamp
YMCA Camp,152.9455463,-27.2598493,Hardcore Bushcamp
Finemore Tourist Park,152.33884,-24.8673932,Commercial / Resort
Bargara Beach Caravan Park,152.4551887,-24.8065016,Commercial / Resort
Unnamed Campsite,152.4435954,-24.7998213,Commercial / Resort
Kendalls On The Beach Holiday Park,150.8541075,-34.68185,Commercial / Resort
Canberra Holiday Village,149.1635675,-35.3340439,Commercial / Resort
Eagle Point Caravan Park,147.6812455,-37.8918842,Commercial / Resort
Ocean View Caravan Park,115.1119381,-21.6344775,Commercial / Resort
Burra Caravan & Camping Park,138.9374597,-33.6791959,Commercial / Resort
Discovery Parks Onslow,115.1279079,-21.6458504,Commercial / Resort
Kyabram Caravan and Tourist Park,145.0576082,-36.3159483,Commercial / Resort
Bonnie Doon Caravan Park,145.8536202,-37.0240353,Commercial / Resort
Gloryvale Reserve,151.878416,-31.8570598,Hardcore Bushcamp
Bretti Reserve,151.9174379,-31.790324,Hardcore Bushcamp
Bush Campsite 2,152.9579361,-26.8172106,Hardcore Bushcamp
Bush Campsite 1,152.955728,-26.8167734,Hardcore Bushcamp
Bush Campsite 4,152.9568903,-26.8187972,Hardcore Bushcamp
Bush Campsite 3,152.9562195,-26.8195275,Hardcore Bushcamp
Unnamed Campsite,151.4842709,-32.9836301,Commercial / Resort
Airport Tourist Village,144.8868159,-37.6726309,Commercial / Resort
Macedon Family Caravan Park,144.5591316,-37.4289445,Commercial / Resort
Margarets Corner,144.3534934,-37.4892287,Hardcore Bushcamp
BIG 4 Frankston Holiday Park,145.1412369,-38.1746481,Commercial / Resort
Unnamed Campsite,115.4411717,-31.2726282,Commercial / Resort
Honeysuckle Caravan Village,145.7264366,-36.6363414,Commercial / Resort
Jacobs Well Tourist Park,153.3655821,-27.7801164,Commercial / Resort
Eighty Mile Beach Caravan Park,120.6734577,-19.7547323,Commercial / Resort
Lakeview Caravan Park,141.4875169,-31.9430013,Commercial / Resort
Kalbarri Tudor Holiday Park,114.1694448,-27.7127639,Commercial / Resort
Jurien Bay Tourist Park,115.0386211,-30.3041137,Commercial / Resort
Kalgoorlie Discovery Holiday Park,121.4691337,-30.7829324,Commercial / Resort
Kilcunda Ocean View Holiday Retreat,145.4763279,-38.5510509,Commercial / Resort
Mansfield Holiday Park,146.1028647,-37.0619061,Commercial / Resort
Molesworth Recreation Reserve,145.539401,-37.1622549,Commercial / Resort
Weir Caravan Park,142.7618215,-34.5996011,Commercial / Resort
Robinvale Riverside Caravan Park,142.7696725,-34.5790717,Commercial / Resort
Mundrabilla Motel Caravan Park,128.2261444,-31.8170007,Commercial / Resort
Cocklebiddy Caravan Park,126.0980242,-32.0380573,Commercial / Resort
Fraser Range Station Caravan Park,122.7949147,-32.0295102,Commercial / Resort
Copi Hollow Caravan Park,142.3876618,-32.2683076,Commercial / Resort
Torquay Holiday Park,144.3154414,-38.3288654,Commercial / Resort
Streaky Bay Foreshore Tourist Park,134.1987449,-32.7964441,Commercial / Resort
Nullarbor Roadhouse Caravan Park,130.8971423,-31.4492366,Commercial / Resort
Avoca Dell Caravan Park,139.3086874,-35.0900489,Commercial / Resort
Rockingham Holiday Village,115.7823681,-32.2753863,Commercial / Resort
Cee and See Caravan Park,115.7492535,-32.2623015,Commercial / Resort
BIG4 NRMA Mildura Riverside Holiday Park,142.1236129,-34.1742484,Commercial / Resort
Woomera Travellers Village,136.8174667,-31.1997443,Commercial / Resort
Big4 Dandenong Tourist Park,145.2088471,-38.0385765,Commercial / Resort
BIG4 West Beach Parks,138.5046286,-34.9500997,Commercial / Resort
Knott's Crossing Resort,132.2699812,-14.4452805,Commercial / Resort
BIG4 Howard Springs Holiday Park,131.0332011,-12.4982573,Commercial / Resort
Lee Point Village Resort,130.8935596,-12.3439219,Commercial / Resort
Timber Creek Gunamu Tourist Park,130.4819579,-15.6627155,Commercial / Resort
Discovery Parks Lake Kununurra,128.7208481,-15.7918103,Commercial / Resort
Cable Beach Caravan Park,122.2161074,-17.9272329,Commercial / Resort
Tarangau Caravan Park,122.2179182,-17.924352,Commercial / Resort
Kimberley Entrance Caravan Park,123.629001,-17.3077022,Commercial / Resort
Fitzroy River Lodge,125.5831452,-18.2093375,Commercial / Resort
Kendalls Camp Area,145.8529209,-37.3108048,Hardcore Bushcamp
The Boys Camping Area,145.8599706,-37.3195852,Hardcore Bushcamp
Riverview Family Caravan Park,144.5114903,-38.2703871,Commercial / Resort
Sands Caravan & Mobile Home Park,144.474333,-38.1650138,Commercial / Resort
Archer Campground,152.6976852,-27.0154809,Hardcore Bushcamp
Cutters Camp,153.1943212,-28.4449211,Hardcore Bushcamp
Cedar Grove camping area,152.5868575,-26.3659323,Hardcore Bushcamp
Turner Holiday Park,115.1640699,-34.3242954,Commercial / Resort
Flinders Bay Caravan Park,115.1669265,-34.341211,Commercial / Resort
Watagan Headquarters Camping Area,151.4123047,-32.9759096,Hardcore Bushcamp
Bushrat's Camp,151.4208409,-32.9626693,Hardcore Bushcamp
Rivergums Caravan Park,150.311188,-28.5506556,Commercial / Resort
Big4 Bellarine,144.5657871,-38.2365403,Commercial / Resort
Yass Caravan Park,148.9084626,-34.8338649,Hardcore Bushcamp
Lake Eppalock Holiday Park,144.4990183,-36.886182,Commercial / Resort
Inverloch Holiday Park,145.7461817,-38.6347205,Commercial / Resort
Broome Vacation Village Caravan Park,122.213438,-17.9752969,Commercial / Resort
Melbourne Big 4 Holiday Park,144.9837577,-37.7225182,Hardcore Bushcamp
Acacia Caravan Park,142.9255653,-37.2763183,Commercial / Resort
Yarrangobilly Village Campground,148.4630536,-35.6524273,Hardcore Bushcamp
Big4 Cooktown Holiday Caravan Park,145.2450779,-15.4759735,Commercial / Resort
BIG4 Narooma East's Holiday Park,150.1257544,-36.2142628,Commercial / Resort
Surf Beach Holiday Park Narooma,150.1388283,-36.2233132,Commercial / Resort
Flat Rock Tent Park,153.6030343,-28.8439878,Hardcore Bushcamp
Glenwood Tourist Park,152.9457842,-29.7152137,Commercial / Resort
Bendeela Recreation Area,150.4750545,-34.7405339,Hardcore Bushcamp
Tamworth Holiday Park,150.9243955,-31.1439623,Commercial / Resort
Advancetown Caravan Park,153.2800618,-28.024752,Commercial / Resort
Woombah Woods Caravan Park,153.2527675,-29.3550202,Commercial / Resort
Bimbimbi Riverside Caravan Park,153.2769758,-29.357946,Commercial / Resort
Anchorage Holiday Park,153.349278,-29.3901221,Commercial / Resort
Iluka Riverside Caravan Park,153.3478642,-29.4060113,Commercial / Resort
BIG4 Plantation Caravan Park,113.7006493,-24.8615659,Commercial / Resort
Coffin Bay Caravan Park,135.4724497,-34.6242156,Commercial / Resort
Launceston Holiday Park,147.0505819,-41.3737227,Hardcore Bushcamp
Casey Gardens Residential Village,145.3043662,-38.0297118,Commercial / Resort
White Beach Caravan Park,147.7357595,-43.1108171,Commercial / Resort
Adelaide Beachfront Tourist Park,138.477901,-34.8523542,Commercial / Resort
Hidden Valley Caravan Park,128.747326,-15.7658635,Commercial / Resort
Portarlington Caravan Park,144.6399886,-38.1106188,Commercial / Resort
BIG4 St Helens Holiday Park,148.2521306,-41.333595,Commercial / Resort
Latrobe Mersey River Caravan Park,146.4037923,-41.2330799,Commercial / Resort
Discovery Holiday Parks Devonport,146.3767572,-41.1720792,Commercial / Resort
Aurora Kakadu Lodge,132.8359099,-12.6627632,Hardcore Bushcamp
Shoalhaven Ski Park,150.5692399,-34.8714436,Hardcore Bushcamp
Unnamed Campsite,145.3488169,-37.9253858,Commercial / Resort
RACV Resort Cobram,145.6632525,-35.931298,Commercial / Resort
Unnamed Campsite,145.348083,-37.926272,Commercial / Resort
Unnamed Campsite,145.3509262,-37.9269285,Hardcore Bushcamp
Shipwreck Coast Holiday Park,142.4763061,-38.3955323,Commercial / Resort
Surfside Holiday Park,142.4868915,-38.3918643,Commercial / Resort
Bencubbin Caravan Park,117.8632095,-30.818605,Commercial / Resort
Lakelands Caravan Park,147.1729722,-36.2123204,Commercial / Resort
Unnamed Campsite,150.3076693,-33.3399936,Hardcore Bushcamp
Cumberland River Holiday Park,143.9482621,-38.5738039,Hardcore Bushcamp
Ningaloo Caravan and Holiday Resort,114.1276582,-21.934908,Commercial / Resort
Exmouth Cape Holiday Park,114.132006,-21.9386593,Commercial / Resort
Mesa Campground,113.927478,-22.0063984,Hardcore Bushcamp
Torquay Foreshore Caravan Park,144.3207155,-38.339758,Commercial / Resort
Hurleys Camp,149.0025519,-31.3281448,Hardcore Bushcamp
Wunglebung,152.2511111,-29.215,Commercial / Resort
Otway Tourist Park,143.5405539,-38.5237118,Commercial / Resort
Lake Elizabeth Campground,143.7438609,-38.5490982,Hardcore Bushcamp
Boar Gully Camp Ground,144.2627695,-37.7668352,Hardcore Bushcamp
Mobbs Soak,150.2180081,-33.838615,Hardcore Bushcamp
Mornington Gardens Holiday Village,145.066403,-38.2251409,Commercial / Resort
Ground #8,150.8179768,-34.2425877,Hardcore Bushcamp
Ground #6,150.817419,-34.2380498,Hardcore Bushcamp
Ground #1,150.8208151,-34.2459876,Hardcore Bushcamp
Ground #10,150.8236334,-34.2447849,Hardcore Bushcamp
Ground #2,150.8180392,-34.2452464,Hardcore Bushcamp
Ground #7,150.8164888,-34.2405332,Hardcore Bushcamp
Ground #4,150.8140667,-34.2396106,Hardcore Bushcamp
Ground #9,150.8204288,-34.2438647,Hardcore Bushcamp
Ground #3,150.8157481,-34.2434673,Hardcore Bushcamp
Ball Park Caravan Park,146.3961805,-36.004722,Commercial / Resort
Corowa Caravan Park,146.3818983,-36.0076269,Commercial / Resort
Rivergum Holiday Park,146.4045292,-35.9838808,Commercial / Resort
Morgan Riverside Caravan Park,139.6712731,-34.0397309,Commercial / Resort
Lake Maraboon Tourist Park,148.0788748,-23.6593465,Commercial / Resort
Moura Caravan Park,149.9773973,-24.5625336,Commercial / Resort
Junction Park Short Stay Camping,150.0747272,-24.9546999,Hardcore Bushcamp
Port Elliot Caravan Park,138.6898593,-35.5308094,Commercial / Resort
Hindmarsh Island Caravan Park,138.814325,-35.504063,Commercial / Resort
Victor Harbour Beachfront Holiday Park,138.6118169,-35.5598319,Commercial / Resort
Country Club,150.514476,-23.2991025,Commercial / Resort
Bulli Beach Camping Reserve,150.9224488,-34.3418097,Hardcore Bushcamp
Corrimal Beach Tourist Park,150.9168676,-34.3792341,Commercial / Resort
Goondiwindi Top Tourist Park,150.2904915,-28.52351,Commercial / Resort
BIG4 Goondiwindi Holiday Park,150.3230284,-28.5330978,Commercial / Resort
Albany Gardens Holiday Resort,117.8735802,-35.0114473,Commercial / Resort
Kangaroo Country Caravan Park,150.5402457,-23.4912249,Hardcore Bushcamp
Big 4 Ballarat Windmill Holiday Park and Caravan Park,143.7823094,-37.5386421,Commercial / Resort
Pax Hill Activity Centre,143.892992,-37.580624,Hardcore Bushcamp
BIG4 Ballarat Goldfield Holiday Park,143.871558,-37.5729924,Commercial / Resort
BIG4 Ballarat Welcome Stranger Holiday Park,143.8920365,-37.5561241,Commercial / Resort
NRMA Tathra Beachfront Holiday Park,149.9785103,-36.7224539,Commercial / Resort
Tathra Beach Eco Camp,149.9752357,-36.7186993,Commercial / Resort
Evening Star Tourist Park,146.1581042,-26.3646745,Commercial / Resort
Belvidere Camp Site,115.6977305,-33.2354671,Hardcore Bushcamp
Great Ocean Road Tourist Park,142.8809769,-38.6042263,Commercial / Resort
Sailors Gully,115.9124086,-33.3673728,Hardcore Bushcamp
Blanket Bay Campsite,143.5826419,-38.8276709,Hardcore Bushcamp
Blanket Bay Great Ocean Walk Campsite,143.5823552,-38.8264542,Hardcore Bushcamp
Parker Hill Campground,143.558309,-38.8469171,Hardcore Bushcamp
Augathella Rest Area - Warrego Park - Main Campground,146.581736,-25.7952344,Hardcore Bushcamp
BIG4 Bendigo Park Lane Holiday Park,144.3470507,-36.7686585,Commercial / Resort
Bunbury Glade Caravan Park,115.6401973,-33.3545146,Commercial / Resort
Hobbs Corner,149.9828405,-36.7288469,Commercial / Resort
BIG4 Holiday Parks,149.9774494,-36.7244869,Commercial / Resort
Daylesford Victoria Caravan Park,144.1377998,-37.356543,Commercial / Resort
Johanna Beach Campground,143.3793794,-38.7612175,Hardcore Bushcamp
BIG4 Perth Midland Tourist Park,116.0120084,-31.8761013,Commercial / Resort
Swan Valley Tourist Park,115.9892082,-31.8391046,Commercial / Resort
BIG4 Colonial Holiday Park,152.645347,-31.8744909,Commercial / Resort
Reflections Tuncurry - Holiday Park,152.5043848,-32.1720268,Commercial / Resort
Great Lakes Holiday Park,152.4928628,-32.1834414,Commercial / Resort
Bundalong Caravan Park,146.2052294,-36.0690922,Commercial / Resort
Lani's Holiday Island,152.5122257,-32.197721,Commercial / Resort
Smugglers Cove Holiday Village,152.5131462,-32.2001633,Commercial / Resort
Victoria Lake Holiday Park,145.3931319,-36.3931186,Commercial / Resort
Reflections Forster Beach - Holiday Park,152.5096185,-32.1778067,Commercial / Resort
Lakeside Forster Holiday Park,152.5304385,-32.2231857,Commercial / Resort
Twin Dolphins Holiday Park,152.4833736,-32.1740434,Commercial / Resort
Emerald Cabin & Caravan Village,148.1685585,-23.520799,Commercial / Resort
Melville Caves Campground,143.698803,-36.6010907,Hardcore Bushcamp
Warragul Gardens Holiday Park & Retirement Village,145.9249429,-38.1633741,Commercial / Resort
Blairgowrie Caravan Park,144.7818418,-38.3664816,Commercial / Resort
Harland Park,152.0237497,-26.8686539,Hardcore Bushcamp
Ivanhoe Village Caravan Resort,128.7308729,-15.7700784,Commercial / Resort
Booloumba Creek Camping Area 1,152.6467899,-26.6399645,Hardcore Bushcamp
Caravan Park,143.7434963,-37.0401834,Commercial / Resort
Barwon Heads Caravan Park,144.4960296,-38.2861202,Commercial / Resort
Collendina Caravan Park,144.5566024,-38.2714392,Commercial / Resort
Horsham Riverside Caravan Park,142.1981315,-36.7232733,Commercial / Resort
Booloumba Creek No 3 Campground,152.6468817,-26.6456228,Hardcore Bushcamp
Booloumba Creek No 4 Campground,152.6484474,-26.647043,Hardcore Bushcamp
Wongai Walkers Camp,152.623498,-26.6903135,Hardcore Bushcamp
Tudor Caravan Park,144.9072,-38.3835057,Commercial / Resort
Amberlee Caravan Park,144.911045,-38.3802635,Commercial / Resort
Joseph Harris (Bay Park) Scout Camp,145.0048041,-38.2908503,Hardcore Bushcamp
Lord Somers Camp,145.145062,-38.3908316,Hardcore Bushcamp
Leeman Caravan Park,114.9767255,-29.9533377,Commercial / Resort
Green Head Caravan Park,114.9668296,-30.0679339,Commercial / Resort
Waterloo Village Caravan Park,115.7234753,-33.3410041,Commercial / Resort
Stony Point Caravan Park,145.2207679,-38.3746496,Commercial / Resort
Brunswick Caravan Park,115.8417417,-33.2498849,Commercial / Resort
Ocean View Caravan Park,152.9371111,-26.793254,Commercial / Resort
Kingston On Murray Caravan Park,140.352115,-34.222305,Commercial / Resort
Thomson River Caravan Park (Closed),147.0697472,-38.1288725,Commercial / Resort
Mt Beauty Holiday Centre,147.1606319,-36.7352442,Commercial / Resort
Marengo Holiday Park,143.664834,-38.7787231,Commercial / Resort
Yaringa Caravan Park,145.2438404,-38.2470103,Commercial / Resort
"Discovery Parks Lake Hume, Victoria",147.0120887,-36.1409575,Commercial / Resort
Eureka Stockade Holiday Park,143.8846836,-37.5638657,Commercial / Resort
Maffra Caravan Park,146.9806397,-37.9703243,Commercial / Resort
Portland Bay Holiday Park,141.6079031,-38.3377244,Commercial / Resort
Lakeside Tourist Park,139.7702786,-37.1671185,Commercial / Resort
Colac Colac Caravan Park,147.8352845,-36.2134101,Commercial / Resort
Little Dip Conservation Park - Long Gully,139.8006962,-37.255012,Hardcore Bushcamp
Unnamed Campsite,134.2640416,-20.5678926,Hardcore Bushcamp
Sea Vu Caravan Park,139.7619275,-37.1628152,Commercial / Resort
Big 4 Holiday Park,140.7430863,-36.9513769,Commercial / Resort
Marla South Rest Area,133.8198564,-27.5555016,Hardcore Bushcamp
Frazer Beach campsite,151.6227243,-33.1863893,Hardcore Bushcamp
Lake Purrumbete Caravan Park,143.2201877,-38.2933026,Commercial / Resort
Mountain View Caravan Park,152.0401215,-25.5138573,Commercial / Resort
Hat Head Holiday Park,153.0542535,-31.0559125,Commercial / Resort
Adder Rock Campground,153.5141425,-27.422626,Hardcore Bushcamp
Diamond Head Camping Area,152.7942681,-31.7184724,Hardcore Bushcamp
Yagon Campground,152.4943801,-32.4530618,Hardcore Bushcamp
BIG4 Iluka on Freycinet Holiday Park,148.2856921,-42.123271,Commercial / Resort
Mugwamp Camping Area,143.235858,-37.2928513,Hardcore Bushcamp
Bailes Picnic and Camping Area,143.2400788,-37.3161522,Hardcore Bushcamp
Fern Tree Camping Area,143.2398291,-37.3107476,Hardcore Bushcamp
Stirling Range Retreat,118.1913891,-34.3155354,Commercial / Resort
Vara-Ville Village,145.3219335,-36.3971197,Commercial / Resort
Acacia Gardens Caravan Park,145.3191589,-36.3993213,Commercial / Resort
Victor Harbor Holiday Park,138.6083658,-35.55852,Commercial / Resort
Hilltop Caravan Park,149.1809033,-21.1172909,Commercial / Resort
Tropicana Caravan Park,149.207063,-21.4264141,Commercial / Resort
Lumley Hill Camp Ground,152.5516901,-27.3477472,Commercial / Resort
Camden Holiday Park,150.706339,-34.0555658,Commercial / Resort
Moana Caravan Park,149.1908815,-21.320724,Commercial / Resort
Seaforth Caravan and Camping Reserve,148.9671824,-20.9001804,Commercial / Resort
Stinson Memorial Park,153.036592,-28.287576,Hardcore Bushcamp
Lake Dyer Caravan & Camping Ground,152.3778094,-27.6331692,Hardcore Bushcamp
Unnamed Campsite,115.6455607,-33.3760988,Commercial / Resort
Unnamed Campsite,140.0101171,-37.4859277,Commercial / Resort
Camping Bays,145.5035998,-37.0652316,Hardcore Bushcamp
Minimum Impact Camping,145.4987,-37.0618106,Hardcore Bushcamp
Wonboyn Cabins and Caravan Park,149.9138008,-37.2508239,Commercial / Resort
Waanyarra Recreation Site,143.8008833,-36.8169468,Hardcore Bushcamp
Armidale Tourist Park,151.6849476,-30.5203013,Commercial / Resort
Mallacoota Foreshore Holiday Park,149.7587778,-37.5592295,Commercial / Resort
Unnamed Campsite,146.3735124,-37.9785539,Commercial / Resort
Holbrook Motor Village,147.3075629,-35.7301472,Commercial / Resort
Black Snake Creek Campsite,147.1403109,-37.4469808,Hardcore Bushcamp
Talbotville Camp Site,147.0668211,-37.3347591,Hardcore Bushcamp
Lake View Caravan Park,147.4606622,-38.0530332,Commercial / Resort
Traralgon Holiday Village,146.4744645,-38.214681,Commercial / Resort
Oaks Camp,152.4709964,-28.8223919,Hardcore Bushcamp
Sleepy Hollow,152.4693672,-28.8246083,Hardcore Bushcamp
Bairnsdale Holiday Park: Big 4,147.6570949,-37.8175081,Commercial / Resort
Mycow Accommodation,149.1467301,-21.2135412,Commercial / Resort
Heathcote Tourist Park,151.0042701,-34.0913285,Commercial / Resort
Rolleston Caravan Park,148.623353,-24.4651339,Commercial / Resort
Eidsvold Caravan Park,151.1233628,-25.368099,Commercial / Resort
Middleton Beach Caravan Park,117.9160357,-35.0206558,Commercial / Resort
Lakeshore Caravan Park,144.5389837,-36.8559025,Commercial / Resort
Moorabbee Lodge Caravan Park,144.5948861,-36.8754795,Commercial / Resort
Bororen Caravan Park,151.4956841,-24.2440671,Commercial / Resort
Miriam Vale Caravan Park,151.5579645,-24.326006,Commercial / Resort
Tweed Holiday Parks Fingal Head,153.565255,-28.1959057,Commercial / Resort
Unnamed Campsite,153.567456,-28.1980329,Hardcore Bushcamp
Banksia Tourist Park,116.0206757,-31.9298746,Commercial / Resort
Bucasia Beachfront Caravan Resort,149.1682913,-21.0368352,Commercial / Resort
Quairading Caravan Park,117.4037094,-32.0120376,Commercial / Resort
Gatton Caravan Park,152.2880583,-27.5562689,Commercial / Resort
Unnamed Campsite,143.6707713,-37.4906498,Commercial / Resort
Unnamed Campsite,143.6420124,-37.532787,Commercial / Resort
Lake Colac Caravan Park,143.5934439,-38.3312391,Commercial / Resort
Notley Picnic and Camping Area,144.2625249,-36.6497181,Hardcore Bushcamp
Shadbolt Camping Ground and Picnic Site,144.2475529,-36.6284688,Hardcore Bushcamp
Oasis Tourist Park,134.7552271,-29.0050366,Commercial / Resort
BIG4 Stuart Range Outback Resort,134.759814,-29.0215483,Commercial / Resort
Merbein Caravan Park,142.0505012,-34.1655629,Commercial / Resort
Gold Coast Holiday Park & Motel,153.3178924,-27.8982041,Commercial / Resort
Mackay Caravan Park,149.1758931,-21.107306,Commercial / Resort
Shoreline Caravan Park,137.7617901,-32.4743019,Commercial / Resort
Discovery Parks Port Augusta,137.7547689,-32.4792332,Hardcore Bushcamp
Coogee Beach Holiday Park,115.7640271,-32.1149888,Commercial / Resort
Ingenia Holidays Nepean River,150.6791733,-33.7440696,Commercial / Resort
Walwa Riverside Caravan Park,147.7373114,-35.954832,Commercial / Resort
Mandalay Holiday Resort,115.2964837,-33.6575154,Hardcore Bushcamp
Aquatic Gardens Caravan Park,153.2631699,-27.6879006,Commercial / Resort
Central Tourist Park,149.1852007,-21.1248216,Commercial / Resort
Big 4 - Mackay Marine Tourist Park,149.2062172,-21.1129188,Commercial / Resort
Coomera Holiday Village,153.3114733,-27.8678128,Commercial / Resort
Brownhill Creek Caravan Park,138.6273071,-34.9870663,Commercial / Resort
Peach Trees Forest Park,152.4487499,-26.6360163,Hardcore Bushcamp
Treasure Island Holiday Park,153.393595,-27.9342401,Commercial / Resort
Main Beach Caravan Park,153.428006,-27.9769796,Commercial / Resort
Unnamed Campsite,152.8589296,-26.3583627,Commercial / Resort
Colac Caravan Park,143.5361205,-38.3341765,Commercial / Resort
Terang Community Caravan Park,142.9093156,-38.242272,Commercial / Resort
Gayndah Caravan Park,151.6040947,-25.6216882,Commercial / Resort
RAC Margaret River,115.0778194,-33.9344538,Hardcore Bushcamp
Lake Paradise,151.9167827,-25.3574084,Commercial / Resort
Mersey Bluff Caravan Park,146.354664,-41.1615123,Commercial / Resort
Pilbara Karratha Holiday Park,116.8140011,-20.7531781,Commercial / Resort
Treachery Camp,152.5157771,-32.4477089,Hardcore Bushcamp
Reflections Seal Rocks - Holiday Park,152.5235259,-32.4334002,Hardcore Bushcamp
Beachfront Tourist Park,152.8372004,-25.2780434,Commercial / Resort
Chinese Gardens,146.4494542,-37.9296964,Hardcore Bushcamp
Merringtons Flat Camping Area,146.4010358,-37.7622152,Hardcore Bushcamp
Junction Hut Camping Area,146.4019495,-37.7584064,Hardcore Bushcamp
Unnamed Campsite,146.4103966,-37.7513402,Hardcore Bushcamp
Wilks Park,147.3713795,-35.1005899,Hardcore Bushcamp
Unnamed Campsite,140.7182887,-38.0504425,Commercial / Resort
Premier Caravan Park,149.1646458,-21.1541189,Commercial / Resort
The Park Mackay,149.1525082,-21.1839121,Commercial / Resort
O'Tooles Flat Camping Area,146.4427086,-37.74797,Hardcore Bushcamp
Little O'Tooles Camping Area,146.440158,-37.7474568,Hardcore Bushcamp
BIG 4 Mackay Blacks Beach Holiday Park,149.1909635,-21.052014,Commercial / Resort
Unnamed Campsite,115.5003338,-31.3503031,Commercial / Resort
Lake Coolmunda Caravan Park,151.2116492,-28.4105026,Commercial / Resort
Cookatoo Island Waterfront Campground,151.1715454,-33.8464313,Commercial / Resort
BIG4 Inverloch Holiday Park,145.7425469,-38.6335822,Commercial / Resort
G'day Mate Tourist Park,133.867367,-23.7339903,Commercial / Resort
Coolum Beach Holiday Park,153.0914657,-26.5280175,Commercial / Resort
Unnamed Campsite,146.4319623,-37.8534093,Hardcore Bushcamp
Birdsville Caravan Park,139.3546999,-25.9000731,Hardcore Bushcamp
Beach Park Tourist Caravan Park Phillip Island,145.2290208,-38.4512048,Commercial / Resort
Phillip Island Beachfront Holiday Park,145.2273445,-38.4512474,Commercial / Resort
The Village Caravan Park,151.2652405,-27.8711009,Commercial / Resort
Millmerran Caravan Park,151.2688236,-27.8793783,Commercial / Resort
Luther Heights Youth Camp,153.0976635,-26.545285,Hardcore Bushcamp
Alpine Tourist Park,148.7693647,-35.9960212,Commercial / Resort
Laverton Caravan Park,122.4054989,-28.6250081,Commercial / Resort
Abel Tasman Caravan Park,146.3705544,-41.1737835,Commercial / Resort
Yardie Homestead Caravan Park,114.0144882,-21.8870323,Commercial / Resort
Rosedale Caravan Park,146.7652014,-38.1561296,Commercial / Resort
Lake Mulwala Holiday Park,146.0015233,-35.9970644,Commercial / Resort
Oasis Caravan Park,145.6329744,-35.9130001,Commercial / Resort
Collie River Valley Tourist Park,116.1443231,-33.3623231,Commercial / Resort
Boomerang Way Tourist Park,145.5674919,-35.8076799,Commercial / Resort
Tocumwal Caravan Park,145.5665604,-35.8099888,Commercial / Resort
Bruntons Bridge Camping Area,146.4721094,-37.9991169,Hardcore Bushcamp
Coopers Crossing,146.4234712,-37.9827703,Hardcore Bushcamp
Coopers Crossing,146.4257756,-37.9801284,Hardcore Bushcamp
Coopers Crossing,146.4240987,-37.9810134,Hardcore Bushcamp
Coopers Creek,146.4233689,-37.9845589,Hardcore Bushcamp
Unnamed Campsite,130.8341925,-17.447012,Commercial / Resort
Big 4 Maroochy River,153.0657862,-26.6458525,Commercial / Resort
Hamilton Caravan Park,142.0192101,-37.7329974,Commercial / Resort
Wooli Camping and Caravan Park,153.2651821,-29.8709232,Commercial / Resort
Moulamein Lakeside Caravan Park,144.0360927,-35.0855574,Commercial / Resort
Minnie Water Holiday Park,153.2911714,-29.773715,Commercial / Resort
Solitary Islands Resort,153.2556417,-29.8511051,Commercial / Resort
Noosa North Caravan Park,153.0376026,-26.3796039,Commercial / Resort
BIG4 Ingenia Holidays Noosa,153.0159193,-26.398329,Commercial / Resort
Noosa River Holiday Park,153.0738902,-26.3944611,Commercial / Resort
Apollo Gardens Caravan Park,152.374755,-24.8537846,Commercial / Resort
City Caravan Park,152.6815841,-25.518853,Commercial / Resort
Gladstone City Caravan Park,151.2714874,-23.8656283,Commercial / Resort
Parkhurst Motel and Van Park,150.5142677,-23.2969707,Commercial / Resort
BIG4 Townsville Gateway Holiday Park,146.8370286,-19.3199654,Commercial / Resort
BIG 4 Rowes Bay Beachfront Holiday Park,146.7914134,-19.2425053,Commercial / Resort
Discovery Parks - Townsville,146.8122047,-19.3194977,Commercial / Resort
BIG4 Ingenia Holidays Townsville,146.6657783,-19.2417089,Commercial / Resort
Bluewater Caravan Park,146.5784991,-19.1942515,Commercial / Resort
Coconut Glen Van Village,146.7139634,-19.2626993,Commercial / Resort
Coral Coast Tourist Park Mount St John,146.7483592,-19.2615137,Commercial / Resort
Barrier Reef Caravilla,145.7450568,-17.0238777,Commercial / Resort
BIG4 Ingenia Holidays Cairns Coconut Resort,145.7434289,-16.9700297,Commercial / Resort
Cardwell Van Park,146.0231016,-18.265845,Commercial / Resort
First City Caravilla,145.7426808,-16.9382814,Commercial / Resort
Mindarra Holiday Village,145.7463233,-16.9551061,Commercial / Resort
Cardwell Beachcomber Motel & Tourist Park,146.0182112,-18.2555077,Commercial / Resort
Cairns Sunland Leisure Park,145.7391156,-16.9171586,Commercial / Resort
White Rock Leisure Park,145.746486,-16.9700003,Commercial / Resort
Lake Placid Tourist Park,145.6745641,-16.8688624,Commercial / Resort
Barkly Homestead Roadhouse,135.8270207,-19.7119546,Commercial / Resort
Elliott Caravan Park,133.5431925,-17.5538419,Commercial / Resort
Midland Caravan Park,133.5477519,-17.5563278,Commercial / Resort
Outback Caravan Park,134.1991373,-19.6455467,Commercial / Resort
Tennant Creek Caravan Park,134.1931148,-19.638291,Commercial / Resort
Reflections Evans Head - Holiday Park,153.4326121,-29.1143658,Hardcore Bushcamp
Boab Caravan Park,132.2568129,-14.4760296,Commercial / Resort
Kimberleyland Caravan Park,128.7355219,-15.7863209,Commercial / Resort
Roebuck Plains Roadhouse Caravan Park,122.5010194,-17.8476336,Commercial / Resort
Tasman Holiday Parks - Denham Seaside,113.5291733,-25.9243474,Commercial / Resort
Wooramel Roadhouse Caravan Park,114.2940229,-25.7707629,Commercial / Resort
Northampton Caravan Park,114.6307608,-28.3527234,Commercial / Resort
Double Beach Caravan Park,114.6399398,-28.8597074,Commercial / Resort
Belair Gardens Caravan Park,114.5832977,-28.7794203,Commercial / Resort
Seaspray Beach Holiday Park,114.9212507,-29.2531026,Commercial / Resort
Australind Holiday Park,115.7031406,-33.3043356,Commercial / Resort
Mandurah Coastal Holiday Park,115.7303574,-32.5219335,Commercial / Resort
Caravan Park,115.6721343,-32.7871981,Commercial / Resort
Dawsville Holiday 7 Village,115.6394131,-32.6355882,Commercial / Resort
Miami Falcon Caravan Park,115.6644146,-32.5821167,Commercial / Resort
"Riverside Cabins, Caravans & Camping",115.6967927,-33.3129093,Commercial / Resort
Unnamed Campsite,115.7166469,-33.263126,Commercial / Resort
Myalup Beach Caravan Park,115.6909566,-33.103123,Commercial / Resort
Beachlands Holiday Park,115.307563,-33.6569342,Commercial / Resort
Busselton Holiday Village,115.3565476,-33.6513961,Commercial / Resort
Dunsborough Lakes Holiday Resort,115.1222356,-33.6308014,Commercial / Resort
Geographe Bay Holiday Park Broadwater,115.2814219,-33.6584493,Commercial / Resort
Kookaburra Caravan Park,115.3476427,-33.6464345,Commercial / Resort
Lazy Days Caravan Park,115.2886898,-33.6611578,Commercial / Resort
Port Arthur Holiday Park,147.8595934,-43.1322942,Commercial / Resort
Acclaim Pine Grove,121.8895399,-33.8327848,Commercial / Resort
Bushlands Holiday Park,121.8560512,-33.8398253,Commercial / Resort
Blue Lake Holiday Park,140.7682835,-37.845726,Commercial / Resort
Gateway Caravan Park Norseman,121.7768066,-32.1896836,Commercial / Resort
Penong Caravan Park,133.0102946,-31.9246572,Hardcore Bushcamp
Whyalla Caravan  & Tourist Park,137.5447568,-33.0473431,Commercial / Resort
Walcha Caravan Park,151.5984882,-30.9800609,Commercial / Resort
Adelaide Caravan Park,138.6148946,-34.9089216,Commercial / Resort
Brighton Beachfront Holiday Park,138.5168275,-35.0371198,Commercial / Resort
Christies Beach Caravan Park,138.4701865,-35.1355727,Commercial / Resort
Highway One Caravan Park,138.5908574,-34.7618429,Commercial / Resort
Jetty Road Caravan Park,138.3084979,-35.4468127,Commercial / Resort
Levi Park Caravan Park,138.6263233,-34.8904279,Commercial / Resort
Virginia Gardens,138.5705129,-34.6939501,Commercial / Resort
Adare Camp and Caravan Park,138.6278706,-35.5411119,Commercial / Resort
Beacon Resort Caravan Park,144.6238673,-38.2708064,Commercial / Resort
Bicheno East Coast Holiday Park,148.3023807,-41.8755156,Hardcore Bushcamp
Big 4 Bicheno Cabin Park,148.2945399,-41.8715857,Commercial / Resort
Jan Juc Caravan Park,144.2913406,-38.3476733,Commercial / Resort
Eldorado Tourist Park,144.3158581,-38.1037839,Commercial / Resort
Figtree Holiday Village,142.4903192,-38.3851337,Commercial / Resort
Lake Albert Caravan Parkl,139.3303287,-35.6903597,Commercial / Resort
Middleton Caravan Tourist and Mobile Home Park,138.7084517,-35.5087951,Commercial / Resort
Moolap Caravan Park,144.424499,-38.17806,Commercial / Resort
Gardens By East Beach Caravan Park,142.2411982,-38.3780746,Commercial / Resort
Portland Claremont Tourist Park,141.5999731,-38.3303873,Commercial / Resort
Queenscliff Recreational Reserve Caravan Park,144.6569182,-38.2724971,Commercial / Resort
Seaview Holiday Park,148.2945718,-41.8741356,Hardcore Bushcamp
Swansea Holiday Park - Schouten Beach,148.0791327,-42.1288344,Commercial / Resort
The Springs Queenscliff Caravan Park,144.6265919,-38.2716822,Commercial / Resort
Triabunna Caravan Park,147.9111236,-42.508545,Hardcore Bushcamp
Wellington Caravan Park,139.3825013,-35.33032,Commercial / Resort
Narambi Caravan Park,144.1869602,-38.402879,Commercial / Resort
A Maze'N Things Holiday Park,145.261043,-38.4878829,Commercial / Resort
Allawah Caravan and Boat Park,147.7263455,-37.9129069,Commercial / Resort
Amaroo Holiday Park,145.235924,-38.4529278,Commercial / Resort
Anchor Belle Holiday Park Cowes,145.2169953,-38.4517467,Commercial / Resort
Eden Bay,144.8634774,-38.3676949,Commercial / Resort
Bruthen Caravan Park,147.8343946,-37.7118089,Commercial / Resort
Ingenia Rental Frankston,145.169918,-38.1047863,Commercial / Resort
Glenvue Holiday Park,144.8127143,-38.3906009,Commercial / Resort
Kanasta Caravan Park,144.8199309,-38.3741646,Commercial / Resort
Nicholson River Tourist Park,147.7381313,-37.8161453,Commercial / Resort
North Arm Tourist Park,147.9776169,-37.8809068,Commercial / Resort
BIG4 Phillip Island Caravan Park,145.3557555,-38.5170533,Commercial / Resort
Point Leo Foreshore Reserve,145.0771443,-38.4162493,Commercial / Resort
Powlett River Caravan Park,145.5142217,-38.578012,Commercial / Resort
Resthaven Caravan Park,147.7138775,-37.9173258,Commercial / Resort
Rosebud Motel and Caravan Park,144.8857611,-38.3618258,Commercial / Resort
Seaview Holiday Park,145.2189236,-38.4572038,Commercial / Resort
Sundowner Willows Caravan Park,144.8777949,-38.3681133,Commercial / Resort
Sunrise Caravan Park - Rosebud,144.9068384,-38.357921,Commercial / Resort
Dalmeny Caravan & Camping Ground,150.1270504,-36.1636723,Commercial / Resort
Eden Gateway Holiday Park,149.9015171,-37.0542864,Commercial / Resort
Discovery Parks – Narooma Beach,150.1403495,-36.2471915,Commercial / Resort
Rest Point Garden Village,150.6041807,-34.9041917,Commercial / Resort
Shoalhaven Caravan Village,150.6147163,-34.8664067,Commercial / Resort
Tree Haven Tourist Park,150.5956164,-34.8408274,Commercial / Resort
Easts Beach Kiama Caravan Park,150.8513699,-34.6915622,Commercial / Resort
Lake Illawarra Village,150.8665914,-34.5266548,Commercial / Resort
Lake Windemere,150.8651195,-34.558002,Commercial / Resort
Oaklands Caravan Park,150.8646065,-34.5308285,Commercial / Resort
Shellharbour Beachside Holiday Park,150.8731066,-34.5811535,Commercial / Resort
Shellharbour Holiday Village,150.8662435,-34.5656291,Commercial / Resort
Nowra Riverside Tourist Park,150.6026973,-34.8659212,Commercial / Resort
Werri Beach Holiday Park,150.8304912,-34.7408335,Commercial / Resort
Windang Beach Tourist Park,150.8711816,-34.5364532,Commercial / Resort
Banksia Grove Village,151.8644176,-32.8055561,Commercial / Resort
Bays Holiday Park,152.0671648,-32.7567806,Commercial / Resort
Bevington Shores Manufactured Home VIllage,151.5555438,-33.216346,Commercial / Resort
Birubi Beach Caravan Village,152.0798613,-32.7812124,Commercial / Resort
Blue Bay Camping and Caravan Tourist Park,151.5000525,-33.3534217,Commercial / Resort
Blue Lagoon Beach Resort,151.485431,-33.3789733,Commercial / Resort
Bulahdelah Alum Mountain Caravan Park,152.2149073,-32.3999079,Commercial / Resort
Canton Beach Tourist Park,151.5460358,-33.2733934,Commercial / Resort
Central Caravan Park,152.8361352,-31.0788021,Commercial / Resort
Chain Valley Bay Van Village,151.5701535,-33.1606985,Commercial / Resort
Duncans Lakefront,151.4851253,-33.3558789,Commercial / Resort
Dunleith Caravan Park,151.5029244,-33.3383856,Commercial / Resort
El Lago Tourist Park,151.4960532,-33.3384555,Commercial / Resort
Emerald Tiki Village,152.0708929,-32.7709078,Commercial / Resort
Ettalong Beach Village Tourist Park,151.3349219,-33.5098542,Commercial / Resort
Fingal Bay Holiday Park,152.168249,-32.7469685,Commercial / Resort
Halifax Holiday Park,152.1607878,-32.7115548,Commercial / Resort
Kincumber Nautical Village,151.3835114,-33.4789916,Commercial / Resort
Lakeland Park for Manufactured Homes,151.5296295,-33.2234836,Commercial / Resort
Lakeview Tourist Park,151.4767591,-33.3645121,Hardcore Bushcamp
Port Macquarie Rental Village,152.8746349,-31.42541,Commercial / Resort
Lighthouse Beach Caravan Park,152.9203069,-31.4813634,Commercial / Resort
Marina Holiday Park,152.8952308,-31.414375,Commercial / Resort
Middle Rock Holiday Resort,152.1158399,-32.7664463,Commercial / Resort
Nambucca River Tourist Park,152.9442261,-30.7068852,Commercial / Resort
Oasis by the Lake,150.8717019,-34.5171455,Commercial / Resort
NRMA Ocean Beach Holiday Park,151.3099699,-33.5307,Commercial / Resort
Little Palm Cabins,152.8539756,-31.5513362,Commercial / Resort
Ingenia Holidays One Mile Beach,152.1137434,-32.777229,Commercial / Resort
Stockton Beach Tourist Park,151.7890164,-32.9134134,Commercial / Resort
Stoney Park Aqua and Action Park,152.7987665,-31.3304846,Commercial / Resort
Sun Valley Tourist Park,151.4843904,-33.3750268,Commercial / Resort
NRMA Port Macquarie Breakwall Holiday Park,152.9133017,-31.4277918,Commercial / Resort
Boyds Bay Holiday Park,153.5380922,-28.187036,Commercial / Resort
Chinderah Lake Caravan Park,153.5472922,-28.2421513,Commercial / Resort
Chinderah Village,153.5564646,-28.2356746,Commercial / Resort
Colonial Tweed,153.5219436,-28.1944549,Commercial / Resort
Ingenia Holidays Kingscliff,153.5606313,-28.2366364,Commercial / Resort
Homestead Chinderah,153.5552743,-28.2293137,Commercial / Resort
Kingscliff Beach Holiday Park,153.5758407,-28.2542828,Commercial / Resort
Kingscliff North Holiday Park,153.5676401,-28.2395062,Commercial / Resort
Woolgoolga Lakeside Holiday Park,153.1977855,-30.1010753,Commercial / Resort
Pyramid,153.5210108,-28.1856812,Commercial / Resort
River Retreat,153.5201955,-28.1943835,Commercial / Resort
Royal Pacific Tourist Retreat,153.5510254,-28.2428283,Commercial / Resort
Tallebudgera Creek Tourist Park,153.4590072,-28.1007729,Commercial / Resort
The Palm Village Tweed Heads South,153.5259898,-28.1947891,Commercial / Resort
Tweed Billabong Holiday Park,153.5294303,-28.1954056,Commercial / Resort
Tweed Broadwater Village,153.5174327,-28.1970044,Commercial / Resort
Tweed River Hacienda Holiday Park,153.5553723,-28.2313909,Commercial / Resort
Palm Lake Resort Tweed River,153.5549746,-28.22107,Commercial / Resort
The Haven Caravan Park,152.8009093,-31.6445159,Commercial / Resort
Brigadoon Holiday Park,152.8081391,-31.6395736,Commercial / Resort
The Palms at Avoca,151.4264958,-33.4758908,Commercial / Resort
Toowoon Bay Tourist Park,151.4956878,-33.3643237,Commercial / Resort
Toowoon Bay Van Park,151.4977601,-33.360298,Commercial / Resort
Two Shores Caravan Park,151.5095263,-33.3263508,Commercial / Resort
Walu Caravan Park,151.5425033,-33.226118,Commercial / Resort
Waterfront Tourist Park,151.5439518,-33.2711022,Commercial / Resort
Boort Lakes Holiday Park,143.7305261,-36.1183521,Commercial / Resort
Sunrise Tourist Park,153.4302241,-29.0154651,Commercial / Resort
Broadwater Stopover Tourist Park,153.4238393,-29.0198328,Commercial / Resort
Oodnadatta Tourist Park,135.4473828,-27.5492174,Commercial / Resort
Marla Travellers Rest Caravan Park,133.6245164,-27.3038013,Commercial / Resort
Unnamed Campsite,136.3384796,-28.908921,Commercial / Resort
Unnamed Campsite,134.7534215,-29.0150774,Commercial / Resort
Marree Caravan and Campers Park,138.0620207,-29.6467602,Commercial / Resort
Caravan Site,118.6858983,-26.1286847,Commercial / Resort
Kalumburu Mission Caravan Park,126.6446689,-14.2959335,Commercial / Resort
Ingenia Byron Bay,153.6126664,-28.6731876,Commercial / Resort
Bogong Jack Saddle Camping Area,147.1861211,-36.8341192,Hardcore Bushcamp
Glen Cromie Caravan Park,145.8930867,-38.0754139,Commercial / Resort
Sunset Beach Holiday Park,114.6210158,-28.7243595,Commercial / Resort
The Butts Reserve,144.0538034,-36.9875158,Hardcore Bushcamp
Windorah Caravan Park (Original),142.6529531,-25.419966,Commercial / Resort
Channel Country Tourist Park & Spas,144.2637697,-26.6173358,Commercial / Resort
Henty Bay Holiday Park,141.6203949,-38.2998781,Commercial / Resort
Narrawong Island Holiday Park,141.7047235,-38.2571322,Commercial / Resort
Camooweal Roadhouse Caravan Park,138.1181548,-19.9203272,Commercial / Resort
Camooweal Post Office Hotel Motel & Caravan Park,138.1193664,-19.9223182,Commercial / Resort
Beaufort Lake Caravan Park,143.3804538,-37.4418795,Commercial / Resort
Swansea Beach Chalets,148.0722449,-42.118609,Commercial / Resort
Regatta Point Holiday Park,150.068808,-36.3711715,Commercial / Resort
Cunnamulla Tourist Park - Gday Parks,145.6841566,-28.0752671,Commercial / Resort
Eulo Queen Hotel,145.0466948,-28.1600607,Commercial / Resort
Explorers Caravan Park,143.8192429,-27.9976444,Commercial / Resort
Southend On Sea Tourist Park,140.1226466,-37.5695413,Commercial / Resort
Southend Foreshore Campground,140.1230676,-37.5692191,Commercial / Resort
Swan Hill Holiday Park,143.5608172,-35.3654877,Commercial / Resort
Curtin Springs East RA,131.9787615,-25.2656823,Hardcore Bushcamp
Unnamed Campsite,131.7606827,-25.3111875,Hardcore Bushcamp
Wallaroo Holiday Park,137.6323738,-33.9202973,Commercial / Resort
Tolga Caravan Park,145.48034,-17.2285016,Commercial / Resort
Noosa North Shore Beach Campground,153.0612009,-26.333533,Commercial / Resort
Tandara Caravan Park,146.4697131,-38.2207427,Commercial / Resort
Unnamed Campsite,144.4455135,-36.7229545,Hardcore Bushcamp
Unnamed Campsite,144.4457836,-36.7239958,Hardcore Bushcamp
Imbil Caravan Park,152.6768214,-26.4591512,Commercial / Resort
Atherton Caravan Park and Units,145.5082466,-17.2620524,Commercial / Resort
Unnamed Campsite,144.426383,-36.7260649,Hardcore Bushcamp
Unnamed Campsite,144.4235099,-36.7259759,Hardcore Bushcamp
Unnamed Campsite,144.4216554,-36.7258087,Hardcore Bushcamp
Ah Sye's Camping Area,147.7331722,-36.7311886,Hardcore Bushcamp
Beach Retreat Tourist Park,145.739556,-40.9884948,Commercial / Resort
Grassy Head Holiday Park,152.9971544,-30.7936593,Commercial / Resort
Yarra Holiday Park,152.9891493,-30.8017295,Commercial / Resort
Christian Youth Centre,152.9901392,-30.7438012,Hardcore Bushcamp
Reflections Scotts Head - Holiday Park,152.9947838,-30.7458827,Hardcore Bushcamp
Queenscliff Tourist Park,144.6176301,-38.2776463,Commercial / Resort
Donald Lakeside Caravan Park,142.9901506,-36.3637985,Commercial / Resort
Mainway Caravan Park,149.4534745,-30.2213474,Commercial / Resort
Apollo Bay Holiday Park,143.6667081,-38.7505216,Commercial / Resort
Big4 Pisces Holiday Park,143.6751798,-38.7405167,Commercial / Resort
Unnamed Campsite,115.5393024,-31.9906863,Hardcore Bushcamp
Omeo Caravan Park,147.5951369,-37.091373,Commercial / Resort
Native Dog Flat Camping Area,148.0894865,-36.8964805,Hardcore Bushcamp
Native Dog Flat Horse Camping Area,148.0909312,-36.8982618,Hardcore Bushcamp
Greenacres Caravan and Tourist Park,153.2072698,-27.5628323,Commercial / Resort
Suggan Buggan Campground,148.3239202,-36.9529261,Hardcore Bushcamp
Willis Campground,148.4248386,-36.8993098,Hardcore Bushcamp
Scotchies Yard Campground,148.4138537,-36.8653554,Hardcore Bushcamp
Willis Campground,148.418934,-36.8867547,Hardcore Bushcamp
Jacobs River Camping Area - Kosciuszko NP,148.446209,-36.7494778,Hardcore Bushcamp
Eildon Riverside Holiday Park,145.8727226,-37.2532455,Commercial / Resort
Eildon Waters Caravan Park,145.8258793,-37.2540788,Commercial / Resort
Freshwater Camping & Day Use Area,153.1490311,-26.0032133,Hardcore Bushcamp
McKillops Bridge,148.4119386,-37.0914794,Hardcore Bushcamp
Temora Caravan Park,147.5354719,-34.4563816,Commercial / Resort
Newell Beach Caravan Park,145.4059046,-16.42528,Commercial / Resort
Apostles Camping Park and Cabins,143.1555974,-38.6941731,Commercial / Resort
BIG 4 Port Douglas Glengarry Holiday Park,145.4726476,-16.555041,Commercial / Resort
Merry Beach Caravan Resort,150.372428,-35.565224,Commercial / Resort
Pretty Beach,150.3657942,-35.5674978,Hardcore Bushcamp
Adelaide Shores Resort,138.5075373,-34.9562641,Commercial / Resort
August Moon Caravan Park,146.035769,-17.5573735,Commercial / Resort
Diggers Creek Motel and Van Park,146.0078297,-17.7976484,Commercial / Resort
Tully Caravan Park,145.9282757,-17.9313873,Commercial / Resort
Marina View Van Village,145.1934106,-38.3173817,Commercial / Resort
Elliston Caravan Park,134.8839183,-33.6366697,Commercial / Resort
Waterloo Bay Tourist Park,134.887549,-33.6461538,Commercial / Resort
Boreen Point Campground,152.9916702,-26.2883141,Hardcore Bushcamp
Cape Jaffa Caravan Park,139.6858964,-36.9431098,Commercial / Resort
Unnamed Campsite,139.7427343,-37.0415291,Hardcore Bushcamp
Townsville Tourist & Lifestyle Village,146.6911773,-19.3195616,Commercial / Resort
Alva Beach Tourist Park,147.4804732,-19.4595743,Commercial / Resort
Big4 Wye River Tourist Park,143.8878318,-38.6359234,Commercial / Resort
Wye River Foreshore Camping Reserve,143.8923489,-38.6337708,Commercial / Resort
Kennett River Holiday Park,143.8618152,-38.6688842,Commercial / Resort
BIG4 Albury Tourist Park,146.9395628,-36.0487935,Commercial / Resort
Surf Beach Holiday Park,150.8545085,-34.6785101,Commercial / Resort
Coopers Creek,146.4219202,-37.9828577,Hardcore Bushcamp
Barraba Caravan Park,150.61011,-30.3723703,Commercial / Resort
Unnamed Campsite,150.5779019,-29.8644702,Commercial / Resort
Reflections Copeton Waters - Holiday Park,150.9659497,-29.9327399,Hardcore Bushcamp
Erldunda Desert Oaks Resort,133.1991928,-25.1977494,Commercial / Resort
Ntaria Campground,132.7816034,-23.942569,Commercial / Resort
Alice Springs Tourist Park,133.8620103,-23.6993378,Commercial / Resort
Stuarts Well Roadhouse,133.4587259,-24.3397966,Commercial / Resort
BIG4 Riverside Swan Hill,143.5645606,-35.342944,Commercial / Resort
Fowlers Bay Caravan Park,132.4373321,-31.9889177,Commercial / Resort
RAC Esperance Holiday Park,121.9015333,-33.845448,Commercial / Resort
Unnamed Campsite,150.7288693,-30.7445639,Commercial / Resort
Coalmine Beach Holiday Park,116.7386623,-34.9895774,Commercial / Resort
Warrnambool Riverside Holiday Park,142.5697048,-38.4003448,Commercial / Resort
St Helens Gardens Caravan Park,148.7785932,-20.904342,Commercial / Resort
Sandon Point Aboriginal Tent Embassy,150.9234773,-34.3256757,Hardcore Bushcamp
Koumala Caravan Park,149.2469544,-21.610029,Commercial / Resort
Carmila Caravan Park,149.410521,-21.908256,Commercial / Resort
Venus Bay Caravan Park,145.818196,-38.7017114,Commercial / Resort
Treetops Scout Camp,144.6668832,-37.4486794,Hardcore Bushcamp
Bushy Park Tourist Park,145.2408719,-38.4533105,Commercial / Resort
YMCA Phillip Island Coastal Discovery Camp,145.2493947,-38.5031747,Hardcore Bushcamp
Anchorage Caravan Park,145.1958646,-38.4636201,Commercial / Resort
Murchison River Caravan Park,145.2178215,-36.6048243,Commercial / Resort
River Haven,145.2282138,-36.6171326,Commercial / Resort
Murchison East Caravan Park,145.2433584,-36.6142363,Commercial / Resort
Ceduna Airport Caravan Park,133.6909574,-32.1238092,Commercial / Resort
Unnamed Campsite,151.4523229,-32.3260688,Commercial / Resort
Barracrab Caravan Park,149.5361502,-22.12122,Commercial / Resort
Dandos Campground,143.6189797,-38.5539105,Hardcore Bushcamp
Smokey Bay Caravan Park,133.9350055,-32.3776514,Commercial / Resort
Starlings Gap,145.8012877,-37.8143033,Hardcore Bushcamp
Roonka Scout Camp,139.6311562,-34.2958057,Hardcore Bushcamp
Jetty Road Caravan Park,138.3081074,-35.4488836,Commercial / Resort
Unnamed Campsite,139.6206158,-34.3418446,Commercial / Resort
Armstrong Beach Caravan Park,149.2906643,-21.4523199,Commercial / Resort
Warracknabeal Caravan Park,142.3872952,-36.2527743,Commercial / Resort
Sarina Palms Caravan Village,149.2117543,-21.421276,Commercial / Resort
Beachside Caravan Park,138.3037781,-35.456776,Commercial / Resort
Big 4 Ceduna Tourist Park,133.6781586,-32.1244183,Commercial / Resort
Ceduna Foreshore Caravan Park,133.673163,-32.1276621,Commercial / Resort
Pemberton Caravan Park,116.0271301,-34.4448407,Commercial / Resort
Windmill Caravan Park,146.6721187,-38.5737848,Commercial / Resort
Yarram Rosebank Tourist Park,146.6759785,-38.5695003,Hardcore Bushcamp
Prom Central Caravan Park,146.2051008,-38.6550378,Hardcore Bushcamp
Reflections Urunga - Holiday Park,153.022944,-30.4963348,Commercial / Resort
Wonthaggi Coalfields Caravan & Residential Park,145.5792699,-38.6064354,Commercial / Resort
Ingenia Holiday Park Illawong,145.6151228,-38.6739105,Commercial / Resort
Kalbarri Anchorage Caravan Park,114.1709984,-27.7000002,Commercial / Resort
Kalbarri Anchorage Caravan Park,114.1709984,-27.7000002,Commercial / Resort
Sea Lake Caravan Park,142.8466366,-35.5029944,Commercial / Resort
Esperance Bay Holiday Park,121.8911822,-33.8694137,Commercial / Resort
Swan Reach Gardens Tourist Park,147.8697484,-37.8218692,Commercial / Resort
Lakes Caravilla Caravan Park,147.9565741,-37.8694203,Commercial / Resort
Sapphire Valley Caravan Park,149.9033572,-36.8841819,Commercial / Resort
Port Augusta Caravan Park Cabins,137.8376073,-32.5152643,Commercial / Resort
Cape Hillsborough Nature Tourist Park,149.0491592,-20.9253472,Commercial / Resort
Chuditch Camp Site,116.1101717,-32.7874846,Hardcore Bushcamp
Unnamed Campsite,146.0256582,-35.9711374,Commercial / Resort
Big 4 Bendigo Ascot Holiday Park,144.3139476,-36.725954,Commercial / Resort
Cann River Caravan Park,149.1464004,-37.567437,Commercial / Resort
Discovery Parks - Eden,149.8725483,-37.0987359,Commercial / Resort
Caledonian Caravan Park,144.2350522,-37.5988483,Commercial / Resort
Sandbar Holiday Park,152.5168071,-32.3845191,Commercial / Resort
The Ruins Campground and Picnic Area,152.5187745,-32.3104424,Hardcore Bushcamp
Tumbling Waters Holiday Park,130.9467932,-12.7738712,Commercial / Resort
Mingling Waters Bush Retreat,148.0896843,-37.7345289,Commercial / Resort
Discovery Holiday Park - Boulder,121.4874652,-30.7916864,Commercial / Resort
Boulder Town Camp (Zone 6),121.5005852,-30.7984733,Hardcore Bushcamp
O'connell River Whitsunday Tourist Park,148.6157884,-20.5652791,Commercial / Resort
Kuttabul Hotel & Caravan Park,148.9207698,-21.0511654,Commercial / Resort
Nebo Caravan Park,148.688177,-21.6862321,Commercial / Resort
Quambatook Caravan Park,143.5248421,-35.8517416,Commercial / Resort
Weeroona Holiday Park,152.6595288,-31.8965831,Commercial / Resort
Country Style Holiday Park,151.8871793,-28.7233609,Commercial / Resort
Taylor Reserve,144.7107258,-38.1370095,Commercial / Resort
Batman Reserve,144.7125846,-38.1407688,Commercial / Resort
Anderson Reserve,144.7070943,-38.1320961,Commercial / Resort
St Leonards Area 3 camping area,144.7168243,-38.176897,Commercial / Resort
St Leonards Area 4 camping area,144.7157789,-38.1789778,Commercial / Resort
IBIS Caravan Park,143.9283557,-35.7607282,Commercial / Resort
Lake Boga Caravan Park,143.6366565,-35.4631957,Commercial / Resort
Menindee Lake Caravan Park,142.4037677,-32.3551384,Commercial / Resort
Kangaroo Lake Caravan Park,143.7692255,-35.5528535,Commercial / Resort
Discovery Parks - Alice Springs,133.870656,-23.7334618,Commercial / Resort
Wanngardi Caravan Park,133.7811805,-23.7579775,Hardcore Bushcamp
Temple Bar Caravan Park,133.7827814,-23.7614696,Hardcore Bushcamp
Khancoban Lakeside Caravan Park,148.1203953,-36.2199199,Commercial / Resort
Alice Springs Heritage Caravan Park,133.871692,-23.7368138,Commercial / Resort
Wintersun Cabin and Caravan Park,133.8731085,-23.6814744,Commercial / Resort
Palm Cove Caravan Park & Campground,145.6708028,-16.7407348,Commercial / Resort
Laanecoorie River Reserve Camping Area,143.8992769,-36.8252374,Commercial / Resort
Pental Island Caravan Park,143.6126244,-35.3781398,Commercial / Resort
Wauchope Hotel Campground,134.2232517,-20.6409489,Commercial / Resort
Unnamed Campsite,133.3454678,-22.643345,Commercial / Resort
Chambers Pillar Campground,133.8279992,-24.8725216,Hardcore Bushcamp
Ayers Rock Campground - Unpowered Section,130.9894795,-25.2361929,Commercial / Resort
Ayers Rock Campground - Powered Section,130.9919593,-25.2377968,Commercial / Resort
Clermomt Caravan Park,147.646162,-22.8288053,Commercial / Resort
Kings Canyon Resort,131.5127119,-24.2493593,Commercial / Resort
Kings Creek Station,131.8177869,-24.4057185,Commercial / Resort
Larapinta Group Camping,133.7162321,-23.6788071,Hardcore Bushcamp
School Camp,133.7291197,-23.702231,Hardcore Bushcamp
Ouyen Caravan Park,142.3203248,-35.0741732,Hardcore Bushcamp
Cavendish Recreation Reserve,142.0441034,-37.5216139,Hardcore Bushcamp
Peterborough Caravan Park,138.8342411,-32.9813099,Commercial / Resort
Jamestown Country Retreat Caravan Park,138.6009679,-33.2060247,Commercial / Resort
Glenworth,151.1965352,-33.4004024,Hardcore Bushcamp
Big River,145.9458034,-37.5286445,Hardcore Bushcamp
Vennels: Lower,146.0791548,-37.5203015,Hardcore Bushcamp
Frenchmans Creek,146.0582203,-37.5224649,Hardcore Bushcamp
Knockwood Reserve,146.2287166,-37.4342515,Hardcore Bushcamp
Skipworth Reserve,146.1434422,-37.3459087,Hardcore Bushcamp
Tunnel Bend Reserve,146.2250662,-37.3826166,Hardcore Bushcamp
Gundagai River Caravan Park,148.1060653,-35.0732402,Commercial / Resort
Batlow Caravan Park,148.1476574,-35.5162983,Commercial / Resort
Reflections Tumut River,148.2211299,-35.2943882,Commercial / Resort
Koala Shores Holiday Park,152.0192883,-32.7389996,Commercial / Resort
Canobolas Caravan Park,149.1161647,-33.2969163,Commercial / Resort
Colour City Caravan Park,149.1103796,-33.2717905,Commercial / Resort
Bendigo Marong Caravan Park,144.1279,-36.7328382,Commercial / Resort
Karumba Point Sunset Caravan Park,140.8302141,-17.4633958,Commercial / Resort
Karumba Point Tourist Park,140.836611,-17.4546116,Commercial / Resort
Stockmans Reward Campground,146.0122497,-37.5255241,Hardcore Bushcamp
Oasis Caravan Park,140.5172722,-20.7060054,Commercial / Resort
Unnamed Campsite,146.1875312,-41.1534435,Hardcore Bushcamp
Marion Bay Caravan Park,136.9775173,-35.2442141,Commercial / Resort
Apex Beachside Holiday Park,146.1618941,-41.144382,Commercial / Resort
Unnamed Campsite,146.1600065,-41.1417785,Hardcore Bushcamp
Kinchant Waters Holiday Park,148.8929726,-21.2202334,Commercial / Resort
BIG4 Ulverstone Holiday Park,146.1816867,-41.153628,Commercial / Resort
Cobar Caravan Park,145.8258242,-31.495713,Commercial / Resort
Discovery Holiday Park Jindabyne,148.5970349,-36.4105088,Commercial / Resort
NRMA Bathurst Panorama Holiday Park,149.6271383,-33.418841,Commercial / Resort
Swan Bay Holiday Park,144.6511578,-38.2243567,Commercial / Resort
Unnamed Campsite,146.1470619,-37.9354283,Hardcore Bushcamp
Unnamed Campsite,146.1324345,-37.9332427,Hardcore Bushcamp
Unnamed Campsite,146.1331365,-37.9331793,Hardcore Bushcamp
Unnamed Campsite,146.1403308,-37.9356124,Hardcore Bushcamp
Dalwallinu Caravan Park,116.6690566,-30.2736029,Hardcore Bushcamp
Mehi River Van Park,149.8513535,-29.4708917,Commercial / Resort
The Pines Camping Area,146.0609343,-37.3575656,Hardcore Bushcamp
Horse Shoe Bend,146.0556896,-37.3667975,Hardcore Bushcamp
Jim Bullock,146.0575825,-37.3684351,Hardcore Bushcamp
Unnamed Campsite,146.0088723,-36.7993704,Commercial / Resort
Valleyview Caravan Park,146.4139554,-36.7620417,Commercial / Resort
Riverview Tourist Village,132.2565533,-14.4858768,Commercial / Resort
Unnamed Campsite,148.0182137,-37.871203,Commercial / Resort
Wodonga Holiday Park,146.8565675,-36.1111756,Commercial / Resort
Pootnoura Rest Area,134.2557774,-28.5547314,Hardcore Bushcamp
Southport Lagoon Campsite,146.938579,-43.4807986,Hardcore Bushcamp
Calliope Caravan Park,151.1908899,-24.0010601,Commercial / Resort
Acacia Ponds Village,149.8754995,-36.9054912,Commercial / Resort
Jasper Beach,115.6131468,-34.439958,Hardcore Bushcamp
Bowen Village Caravan Park,148.2178421,-20.0312267,Commercial / Resort
Bowen Palms Caravan Park,148.218695,-20.0354904,Commercial / Resort
Calcup Track,115.8966683,-34.6191217,Hardcore Bushcamp
Warren Beach,115.8104281,-34.5925283,Hardcore Bushcamp
Warren Beach,115.8106084,-34.5934684,Hardcore Bushcamp
Mission Beach Hideaway Holiday Village,146.1077619,-17.8647173,Commercial / Resort
Tropical Beach Caravan Park,148.2419036,-19.985566,Commercial / Resort
Kywong Caravan Park,141.010269,-38.0388007,Commercial / Resort
Gundagai Cabins & Tourist Park,148.0977821,-35.0638172,Hardcore Bushcamp
Wangaratta Caravan Park,148.2323809,-19.9808125,Commercial / Resort
NRMA Bowen Beachfront Holiday Park,148.2448713,-19.9858349,Commercial / Resort
Queens Beach Tourist Village,148.2307353,-19.9820173,Commercial / Resort
NRMA Bright Holiday Park,146.964836,-36.7293734,Commercial / Resort
Bright Cabin & Caravan Park,146.9749913,-36.742788,Commercial / Resort
Kidman's Camp,145.9574129,-30.045741,Hardcore Bushcamp
Warburton Holiday Park,145.7069116,-37.753368,Commercial / Resort
Unnamed Campsite,149.8869166,-36.3895889,Commercial / Resort
Bailey Bar Caravan Park,146.2539728,-26.4001361,Commercial / Resort
Slaty Creek Camp Ground No 1,143.9040713,-37.4626913,Hardcore Bushcamp
Top Crossing Hut,146.4414367,-36.9637575,Hardcore Bushcamp
River Island Nature Retreat,150.1115954,-34.3663064,Commercial / Resort
Riverlander Holiday Park,144.6813975,-36.0937972,Commercial / Resort
Unnamed Campsite,146.1176906,-37.2305923,Hardcore Bushcamp
Barcoo Hotel Caravan Park,145.4650861,-24.423591,Commercial / Resort
Longreach Tourist Park,144.2664286,-23.443061,Commercial / Resort
Coronation Beach,114.564925,-28.5529947,Hardcore Bushcamp
Gloucester Holiday Park,151.9514117,-32.0073199,Commercial / Resort
BIG 4 Beachcomber Coconut Holiday Park,146.09408,-17.935963,Commercial / Resort
Tropical Hibiscus Caravan Park,146.0918187,-17.8962467,Commercial / Resort
Riverside Caravan Park,145.428176,-17.0012909,Commercial / Resort
Kurrimine Beach Holiday Park,146.0976253,-17.7833684,Commercial / Resort
King Reef Resort & Caravan Park,146.1022842,-17.7816179,Commercial / Resort
Unnamed Campsite,146.1093705,-17.7748386,Commercial / Resort
Conjola Lakeside Van Park,150.4762212,-35.2676364,Commercial / Resort
Island View Caravan Park,150.4894448,-35.2687479,Commercial / Resort
Younghusband Caravan Park,139.4694856,-34.868983,Hardcore Bushcamp
Waratah Bay Caravan Park,146.0367594,-38.8111573,Commercial / Resort
Malanda Falls Caravan Park,145.5876016,-17.3533655,Commercial / Resort
Allen Terry Caravan Park,144.1954099,-20.8496508,Commercial / Resort
Dalrymple Tourist Van Park,146.2556379,-20.0573082,Commercial / Resort
Orbost Caravan Park,148.4535135,-37.7115895,Commercial / Resort
Marlo Ocean Views Cabin and Caravan Park,148.538758,-37.7955588,Commercial / Resort
Jungle Beach Caravan Park,148.6990663,-37.7884246,Commercial / Resort
Banksia Bluff Campground,148.7453759,-37.7969169,Hardcore Bushcamp
Marlo Caravan Park & Motel,148.5314732,-37.7950714,Commercial / Resort
Homestead Creek Campground,142.2955386,-31.2826238,Hardcore Bushcamp
Banksia Hut,116.512049,-35.004486,Hardcore Bushcamp
De Grey River Rest Area,119.2555305,-20.3090246,Hardcore Bushcamp
Burkett Road Rest Area,114.6129811,-22.9831864,Hardcore Bushcamp
Bush Bay,113.7524134,-25.1300974,Hardcore Bushcamp
Edaggee Rest Area,114.0583963,-25.459103,Hardcore Bushcamp
Blowholes Camping Area,113.4166152,-24.4905427,Hardcore Bushcamp
3 Mile Camp,113.497315,-23.8750161,Hardcore Bushcamp
Robe River Rest Area,115.9228324,-21.6147762,Hardcore Bushcamp
Dongara East Rest Area,115.0130346,-29.2549812,Hardcore Bushcamp
Galena Bridge Rest Area South (Murchison River),114.6906221,-27.827692,Hardcore Bushcamp
Nerren-Nerren Rest Area,114.6124788,-27.2116822,Hardcore Bushcamp
Camp Kelly (Trinity College),116.0788377,-32.7550526,Hardcore Bushcamp
Boatharbour Road Campsite,117.0679288,-35.0332571,Hardcore Bushcamp
Gnaraloo Station,113.5254483,-23.8217848,Hardcore Bushcamp
Halls Gap Lakeside Tourist Park,142.5429792,-37.1722736,Commercial / Resort
Malak Caravan Park,130.9068221,-12.4014424,Commercial / Resort
Halls Gap Holiday Park,142.5253781,-37.1283693,Commercial / Resort
Oasis Tourist Park,131.01695,-12.5082149,Commercial / Resort
Tasman Holiday Parks - Rollingstone,146.3967684,-19.0016463,Commercial / Resort
Kyogle Caravan Park,153.0020682,-28.6153852,Commercial / Resort
Fairhaven Campsite,145.2799951,-38.3420513,Hardcore Bushcamp
Killarney View Cabins & Caravan Park,152.2858369,-28.3296312,Commercial / Resort
Hydeaway Bay Caravan & Camping Park,148.4871935,-20.0869486,Commercial / Resort
The Poplars Camping Ground,145.9936663,-37.8202436,Hardcore Bushcamp
Gunna Go Caravan Park,148.5554679,-20.3515092,Commercial / Resort
Peoples Park Caravan Village,113.7703936,-23.1441915,Commercial / Resort
Freshwater Creek Camp - Revival Centre Church Retreat,144.2738023,-38.2556437,Hardcore Bushcamp
Discovery Parks - Carnarvon,113.6960257,-24.8663306,Commercial / Resort
Capricorn Holiday Park Carnarvon,113.7030682,-24.8642386,Commercial / Resort
Norwesta Lifestyle Park,113.6852144,-24.8653329,Commercial / Resort
Coleambally Caravan Park,145.8791316,-34.7987076,Commercial / Resort
Wyndham Caravan Park,128.1150905,-15.4809834,Commercial / Resort
Bunyip Weir (Freemans Mill) Camping Area,145.7474265,-37.9375472,Hardcore Bushcamp
Point Sinclair Camping Ground,132.9847166,-32.0873552,Commercial / Resort
Mullewa Caravan Park,115.5034406,-28.5383001,Hardcore Bushcamp
Morawa Short Stay Tourist Park,116.0073851,-29.2082403,Commercial / Resort
Perenjori Caravan Park,116.2889048,-29.4355836,Commercial / Resort
Travellers Rest Caravan & Camping Park,148.7187177,-20.6545008,Commercial / Resort
Lancelin North End Caravan Park,115.3273702,-31.0059463,Commercial / Resort
Experience Lancelin Holiday Park,115.3296735,-31.0258271,Commercial / Resort
Ledge Point Holiday Park,115.3802343,-31.1036777,Hardcore Bushcamp
Inlet rd,119.92681,-33.9483451,Hardcore Bushcamp
Blores Hill Caravan Park,146.8053163,-37.9379146,Commercial / Resort
Murphys Glen Campsite,150.4858331,-33.7688217,Hardcore Bushcamp
Musgrave Roadhouse,143.5037629,-14.781141,Commercial / Resort
Honey Hush Caravan Park,144.7804115,-37.8422521,Commercial / Resort
Munglinup Beach campsite,120.8052472,-33.8879117,Hardcore Bushcamp
Endeavour Falls Tourist Park,145.0291945,-15.3708261,Commercial / Resort
Fanny Cove,121.1926516,-33.8558865,Hardcore Bushcamp
Shoal Cape,121.1667533,-33.8656055,Hardcore Bushcamp
Big 4: Hawker Caravan Park,138.4262267,-31.8870515,Commercial / Resort
Lake Sambell Caravan Park,146.6996503,-36.359035,Commercial / Resort
Bridgetown Caravan Park,116.1365335,-33.9728554,Hardcore Bushcamp
Boyup Brook Flaxmill & Caravan Park,116.4000623,-33.8354573,Hardcore Bushcamp
Nannup Caravan Park,115.7635666,-33.9757664,Commercial / Resort
BIG 4 Conway Beach Tourist Park Whitsundays,148.7372571,-20.4770866,Commercial / Resort
Discovery Parks Moama West,144.7282346,-36.1037058,Commercial / Resort
BIG 4 Adventure Whitsunday Resort,148.6785537,-20.2852074,Commercial / Resort
Rose Bay Caravan Park,148.2650187,-19.991441,Commercial / Resort
Quinninup Eco Tourist Park,116.246849,-34.435874,Commercial / Resort
Darkan Caravan Park,116.7264495,-33.3350984,Commercial / Resort
Unnamed Campsite,117.1630942,-32.9366527,Hardcore Bushcamp
Wickepin Caravan Park,117.5033207,-32.7805981,Commercial / Resort
Dumbleyung Caravan Park,117.7404662,-33.3136397,Commercial / Resort
Kondinin Caravan Park,118.2636648,-32.4961615,Hardcore Bushcamp
Narembeen Caravan and Apex Park,118.3967774,-32.0639562,Commercial / Resort
Tyrconnel Gold Mine,145.0353309,-16.9357742,Hardcore Bushcamp
New Norfolk Caravan Park,147.0662746,-42.7756657,Commercial / Resort
Bells Bay camping area,152.7821742,-28.6069111,Hardcore Bushcamp
NRMA Airlie Beach Holiday Park,148.7031075,-20.2762335,Commercial / Resort
Hillston Caravan Park,145.5337977,-33.4806322,Commercial / Resort
Ingham Tourist Park,146.1532029,-18.6772135,Commercial / Resort
Mount Garnet Travellers Park,145.1045863,-17.6693882,Commercial / Resort
Goldfields Caravan Park,143.54912,-18.2868296,Commercial / Resort
Midway Caravan Park,143.5468763,-18.2894296,Commercial / Resort
Unnamed Campsite,141.0684238,-17.6775322,Commercial / Resort
Normanton Caravan Park,141.0777986,-17.6692668,Commercial / Resort
Scout Camp,150.8459409,-34.4012715,Hardcore Bushcamp
Brookton Caravan Park,117.0017717,-32.3693478,Hardcore Bushcamp
Pingelly Caravan Park,117.0853295,-32.5353532,Commercial / Resort
Wyalkatchem Travellers Park,117.3795515,-31.183603,Commercial / Resort
Unnamed Campsite,116.7152042,-30.8883421,Commercial / Resort
Moora Shire Caravan Park,116.0042782,-30.6379015,Commercial / Resort
Bolgart Caravan Park,116.5084605,-31.2708543,Commercial / Resort
Southern Cross Caravan Park,119.3367584,-31.2288774,Commercial / Resort
Prospector Holiday Park,121.4540968,-30.7656269,Commercial / Resort
Airlie Beach Tasman Holiday Parks,148.7299721,-20.2820599,Commercial / Resort
Kipara Tropical Rainforest Retreat,148.7362182,-20.28349,Commercial / Resort
BIG4 Airlie Cove Caravan Park & Resort,148.7374785,-20.2844668,Commercial / Resort
Coolgardie Tourist Village,121.1592165,-30.9552505,Commercial / Resort
Norm Howard Outdoor Education Centre,138.8518439,-35.4081597,Hardcore Bushcamp
Jollimont Caravan Park,148.8744817,-21.0059952,Commercial / Resort
Goomalling Caravan Park,116.8331994,-31.2993499,Commercial / Resort
Estuary Hideaway Holiday Park,115.6710991,-32.7201886,Hardcore Bushcamp
Port Sorell Lions Caravan Park,146.555515,-41.1636388,Commercial / Resort
Bay View Holiday Village,146.3802486,-41.1702051,Commercial / Resort
Devonport Holiday Village,146.379768,-41.1735905,Commercial / Resort
Margaret River Tourist Park and Country Cottages,115.0682662,-33.9590862,Commercial / Resort
Riverview Caravanpark,115.0836329,-33.9507045,Commercial / Resort
Shadygully Caravan Park and Cabins,149.7429082,-37.5529978,Commercial / Resort
Chaffe Creek Campsite,146.0734663,-37.3906482,Hardcore Bushcamp
Rest Point Caravan Park,116.7195422,-34.9870124,Commercial / Resort
Rose Gardens Caravan Park,117.942626,-34.9987031,Commercial / Resort
Unnamed Campsite,117.9393632,-35.0002482,Commercial / Resort
Hopetoun Beachside Caravan Park,120.1215581,-33.9492934,Commercial / Resort
Green Haven Tourist Park,120.0539933,-33.5787097,Commercial / Resort
BIG4 Whitsunday Islands Holiday Park,148.7541344,-20.2770641,Commercial / Resort
Ashford Caravan Park,151.0977289,-29.3229572,Commercial / Resort
Emmaville Caravan Park,151.6022378,-29.4481873,Commercial / Resort
Salmon Gums Community Caravan Park,121.6476657,-32.9817653,Commercial / Resort
Leinster Caravan Park,120.6976991,-27.9190239,Hardcore Bushcamp
Longford Riverside Caravan Park,147.1246908,-41.5895836,Commercial / Resort
Boddington Caravan Park,116.4728887,-32.7999373,Commercial / Resort
Tingha Gems Caravan Park,151.2154471,-29.9457421,Hardcore Bushcamp
Imbil Camping Retreat,152.681961,-26.4591845,Commercial / Resort
Chalks,138.9590415,-34.7395026,Hardcore Bushcamp
Cranbrook Caravan Park,117.5459612,-34.2971524,Hardcore Bushcamp
Lucky Bay,122.2201616,-33.9927583,Commercial / Resort
Alexanders Beach,122.7458807,-33.8862084,Hardcore Bushcamp
Belinup Campground - Cape Arid National Park,123.0177746,-33.8539033,Hardcore Bushcamp
Thomas Fisheries,123.2219779,-33.9924652,Hardcore Bushcamp
Jondee Creek,123.3231629,-33.9322802,Hardcore Bushcamp
Poison Creek,123.3501134,-33.9041838,Hardcore Bushcamp
Palm Village,153.1053058,-26.7931143,Commercial / Resort
Sunseeker Village,153.1004102,-26.7941454,Commercial / Resort
Golden Beach Holiday Park,153.1202339,-26.8248212,Commercial / Resort
Dicky Beach Family Holiday Park,153.1364911,-26.7822202,Commercial / Resort
Point Malcom,123.7539432,-33.7930857,Hardcore Bushcamp
Frankland Caravan Park,117.0825087,-34.3616328,Commercial / Resort
Browns Caravan Park,153.0385478,-28.8697904,Commercial / Resort
Reflections Bermagui - Holiday Park,150.0811223,-36.4261357,Hardcore Bushcamp
Bluff Falls Camping Area,147.7777181,-36.1228641,Hardcore Bushcamp
Hinces Creek Camping Area,147.767868,-36.0856534,Hardcore Bushcamp
Unnamed Campsite,138.4813045,-35.6315175,Hardcore Bushcamp
Mount Ragged,123.460452,-33.4657548,Hardcore Bushcamp
Unnamed Campsite,148.3029861,-41.8774083,Commercial / Resort
South Gregorys,113.464236,-25.5791399,Hardcore Bushcamp
Herald Bight,113.5354563,-25.622814,Hardcore Bushcamp
Gregorys,113.4753593,-25.5582188,Hardcore Bushcamp
BIG4 South Durras Holiday Park,150.2922819,-35.6554041,Commercial / Resort
Lakesea Caravan Park,150.2978884,-35.6447481,Hardcore Bushcamp
Murramarang Beachfront Nature Resort,150.3013129,-35.6674724,Hardcore Bushcamp
Jerramungup Caravan Park,118.9208432,-33.9434787,Commercial / Resort
Ongerup Caravan Park,118.4864814,-33.9681843,Hardcore Bushcamp
Warmun Roadhouse and Caravan Park,128.2167986,-17.0162395,Commercial / Resort
Mossman Riverside Leisure Park,145.3727001,-16.454819,Commercial / Resort
Discovery Holiday Park Pambula Beach,149.9072554,-36.9396967,Commercial / Resort
Sturt River Caravan Park,138.5650098,-35.0301668,Commercial / Resort
Harrietville Cabins & Caravan Park,147.0600801,-36.8936251,Commercial / Resort
Patonga Foreshore Caravan & Camping Area,151.2681554,-33.5543936,Commercial / Resort
Murray River Holiday Park,144.7545916,-36.114203,Commercial / Resort
Moama Riverside Holiday and Tourist Park,144.7555719,-36.1182608,Commercial / Resort
Camping Reserve,147.8377827,-20.7553206,Hardcore Bushcamp
Camping Reserve,147.8297392,-20.7565295,Hardcore Bushcamp
Reflections Red Rock - Holiday Park,153.2302337,-29.9834407,Commercial / Resort
BIG4 Batchelor Holiday Park,131.0227868,-13.0436481,Commercial / Resort
Tom Price Tourist Park,117.7625882,-22.6969396,Commercial / Resort
Port Smith,121.8159194,-18.5193007,Commercial / Resort
Sandfire Roadhouse Caravan Park,121.0922525,-19.7695599,Commercial / Resort
Top Of The Town Tourist Park,151.9461493,-28.6448845,Commercial / Resort
Yarrawonga Westside Caravan Park,145.9768308,-36.0200314,Commercial / Resort
Pardoo Roadhouse,119.8281688,-20.0549962,Commercial / Resort
BIG4 Silver Link Caravan Village Ayr,147.4151685,-19.5750195,Commercial / Resort
Coonamble Riverside Caravan Park,148.3889099,-30.9633769,Commercial / Resort
Crystal Brook Caravan Park,138.2038038,-33.3473242,Commercial / Resort
Nanutarra Roadhouse Caravan Park,115.5015934,-22.543379,Commercial / Resort
Minilya Bridge Caravan Park,114.0103177,-23.8148519,Commercial / Resort
Discovery Parks - Mount Buffalo,146.9070344,-36.6965862,Commercial / Resort
Unnamed Campsite,119.7419022,-23.3514384,Hardcore Bushcamp
Tarra Valley Caravan Park,146.5630833,-38.4708358,Commercial / Resort
Penrose Park,141.2298644,-31.8812632,Hardcore Bushcamp
Toodyay Holiday Park,116.4599482,-31.5712515,Commercial / Resort
Three Rivers Tourist Park,151.301855,-25.58665,Commercial / Resort
Citrus Country Caravan Park,151.3003751,-25.5832425,Commercial / Resort
Glenlyon Dam Tourist Park,151.4726326,-28.9644939,Commercial / Resort
Terry Hills Caravan Park,151.217168,-33.6955707,Commercial / Resort
Ceduna Shelley Beach Caravan Park,133.6897507,-32.1502166,Hardcore Bushcamp
Willow Springs,115.9255409,-34.0462386,Hardcore Bushcamp
Hobart Airport Big4 Caravan Park,147.4937383,-42.8312233,Commercial / Resort
Kadina Caravan Park,137.7183958,-33.9564256,Commercial / Resort
Unnamed Campsite,115.1495749,-34.3002551,Commercial / Resort
Molong Caravan Park,148.8708995,-33.0907267,Commercial / Resort
Port Sorell Lions Caravan Park,146.5570228,-41.1648282,Commercial / Resort
Port Sorell Lions Caravan Park,146.5589131,-41.1663363,Commercial / Resort
Kapunda Tourist Park,138.907517,-34.3361467,Commercial / Resort
Plateau Beech Campground,152.3265273,-31.1804022,Hardcore Bushcamp
Middle Beach Caravan Park,138.4084423,-34.6010919,Commercial / Resort
Tomahawk Caravan Park,147.7711683,-40.8743466,Hardcore Bushcamp
Territory Manor,133.0676505,-14.9184293,Commercial / Resort
Bitter Springs Cabins and Camping,133.0845581,-14.9104802,Commercial / Resort
Unnamed Campsite,143.9981101,-38.3732086,Hardcore Bushcamp
Tumby Bay Caravan Park,136.1046509,-34.3862912,Commercial / Resort
Tumby Bay Motorhome Park,136.1003983,-34.3587719,Commercial / Resort
Hammond's Road North,144.0263871,-38.3872558,Hardcore Bushcamp
Loxton Caravan Park - Manager Residence,140.5510382,-34.4524729,Commercial / Resort
Loxton Caravan and Camping Park,140.549736,-34.4502496,Commercial / Resort
State Border Rest Area,140.9672926,-36.344502,Hardcore Bushcamp
Gladstone Caravan Park,138.350808,-33.2687185,Commercial / Resort
Rowallan Scout Camp,144.6942376,-37.4095724,Hardcore Bushcamp
Leasingham Village Cabins & Caravan Par,138.649971,-33.981852,Hardcore Bushcamp
Price Caravan Park,137.9973233,-34.2868702,Commercial / Resort
Port Clinton Caravan Park,138.0198343,-34.2248214,Commercial / Resort
Ardrossan Caravan Park,137.9183079,-34.4208444,Commercial / Resort
Trig Campground Places 12 To 25,138.216193,-35.6512509,Hardcore Bushcamp
Trig Campground Places 1 To 11,138.2146724,-35.6495366,Hardcore Bushcamp
Kenny Park,134.6929161,-33.1697471,Hardcore Bushcamp
Moonta Bay Caravan Park,137.5636811,-34.0533041,Commercial / Resort
Port Hughes Caravan Park,137.5460216,-34.0765717,Commercial / Resort
BIG4 Port Hughes Holiday Park,137.5481843,-34.0805287,Commercial / Resort
Gulf Haven Caravan Park,137.4840024,-34.4943569,Commercial / Resort
Minlaton Caravan Park,137.5966889,-34.7668278,Commercial / Resort
Port Rickaby Caravan Park,137.495021,-34.6730625,Commercial / Resort
Balgowan Caravan & Camping Area,137.4941752,-34.323866,Commercial / Resort
Point Turton Caravan Park,137.350713,-34.9339869,Commercial / Resort
Port Vincent Foreshore Caravan Park,137.8640473,-34.7786714,Commercial / Resort
Pine Point Caravan Park,137.8780743,-34.5742494,Commercial / Resort
Port Julia Oval (reichenbach Memorial P,137.8767638,-34.6622909,Hardcore Bushcamp
Ingomar Rest Area,135.1278165,-29.7126519,Hardcore Bushcamp
The Twins Rest Area,135.1952119,-30.0278789,Hardcore Bushcamp
Mulga Well North Rest Area,135.3592483,-30.5344319,Hardcore Bushcamp
Glendambo North Rest Area,135.5438583,-30.813057,Hardcore Bushcamp
Salt Creek Lookout,136.5993281,-31.2643832,Hardcore Bushcamp
Glendambo South Rest Area,135.9275768,-31.1198388,Hardcore Bushcamp
Monalena Lagoon Rest Area,137.2298407,-31.7184713,Hardcore Bushcamp
Maslin Rest Area,137.2895782,-31.7740247,Hardcore Bushcamp
Bookaloo Rest Area,137.3478361,-31.8752592,Hardcore Bushcamp
Congelin Campground,116.8879399,-32.8204039,Hardcore Bushcamp
Balaklava Caravan Park,138.418699,-34.1495582,Hardcore Bushcamp
Farina Station Camground,138.2735776,-30.0619794,Hardcore Bushcamp
Ippinitchie Campground,138.2307761,-33.0664023,Hardcore Bushcamp
Yanakie Caravan Park,146.2669112,-38.813715,Commercial / Resort
Unnamed Campsite,146.4733294,-37.9974811,Hardcore Bushcamp
Rawson Caravan Park,146.4035431,-37.9564257,Hardcore Bushcamp
Katoomba Falls Tourist Park,150.3028193,-33.725204,Commercial / Resort
Bemm River Caravan Park,148.9645281,-37.7586541,Commercial / Resort
Cathedral Reserve Camping Ground,150.3902966,-33.5014156,Hardcore Bushcamp
Mount Tamborine Conference Centre,153.1634039,-27.9199078,Hardcore Bushcamp
Ellery Creek Big Hole - West MacDonnell NP,133.0724685,-23.7803724,Hardcore Bushcamp
Coal Country Caravan Park,148.0387436,-21.9995983,Commercial / Resort
Moranbah Village Caravan Park,148.0400517,-22.0021541,Commercial / Resort
Lemon Tree Flat Campground,150.9919316,-29.1476165,Hardcore Bushcamp
Kookibitta Campground,150.9968741,-29.1560662,Hardcore Bushcamp
Unnamed Campsite,148.7686815,-36.1790786,Hardcore Bushcamp
High Moor Campsite,146.2994286,-43.1649394,Hardcore Bushcamp
Barossa Valley Tourist Park,139.0038713,-34.467944,Hardcore Bushcamp
Sundowner Cabin & Tourist Park,137.541115,-33.041531,Commercial / Resort
Jingellic Reserve,147.7034063,-35.9291853,Hardcore Bushcamp
Pinch River Camping Area,148.4068163,-36.7925321,Hardcore Bushcamp
Native Dog Creek Camping area,152.2679181,-30.387495,Hardcore Bushcamp
Anbinik Kakadu Resort,132.8361938,-12.6674283,Commercial / Resort
Birdseye Caravan Park,136.500514,-33.7024091,Commercial / Resort
Unnamed Campsite,116.4524916,-31.5457282,Commercial / Resort
Sunset Caravan Park,153.1961301,-30.1083984,Commercial / Resort
Woolgoolga Beach HolidayPark,153.201349,-30.1096945,Commercial / Resort
Yarraman Caravan Park,151.9735935,-26.8351247,Commercial / Resort
Forrest Caravan Park,143.7174438,-38.5162959,Hardcore Bushcamp
Big 4 Bright Holiday Park,146.9663617,-36.7254237,Commercial / Resort
Bright Riverside Holiday Park,146.9602114,-36.7253296,Commercial / Resort
Exhibition Park (epic) Camping Ground -,149.148171,-35.2268509,Hardcore Bushcamp
Hogwash Bend,139.8538429,-34.0653693,Hardcore Bushcamp
River Bend Caravan Park,144.9213565,-36.0912053,Commercial / Resort
Lake Waranga Caravan Park,145.0395094,-36.5556505,Commercial / Resort
Tatura Caravan Park,145.2336439,-36.4461991,Commercial / Resort
Camp Coutts Scout Camp,150.9858118,-34.1441663,Hardcore Bushcamp
Unnamed Campsite,116.0761817,-33.4615003,Hardcore Bushcamp
A-Vina Van Village,150.8686325,-33.6412724,Commercial / Resort
Euroa Caravan Park,145.5779617,-36.7537118,Commercial / Resort
Glenfield Scout Activity Centre,150.9139893,-33.9746416,Hardcore Bushcamp
PK's Jungle Village,145.4639895,-16.0867852,Hardcore Bushcamp
Rifle Creek Rest Area,145.3278276,-16.6658768,Hardcore Bushcamp
Lake Eacham Caravan Park,145.6355217,-17.2961486,Commercial / Resort
Kellerberrin Caravan Park,117.7170691,-31.623992,Commercial / Resort
Sundowner Rockbank Caravan Park,144.6598691,-37.7299689,Commercial / Resort
Log Cabin Caravan Park,145.1751753,-38.1431486,Commercial / Resort
Unnamed Campsite,146.2133632,-38.0460353,Hardcore Bushcamp
Mudgee Valley Park,149.5694904,-32.5835132,Commercial / Resort
Riverside Caravan and Tourist Park,149.5846043,-32.5882182,Commercial / Resort
BIG4 Mudgee Holiday Park,149.6001736,-32.6135544,Commercial / Resort
Waltumba Campground,135.8931339,-32.1204429,Hardcore Bushcamp
Gradys Riverside Retreat,150.4627904,-34.8725448,Hardcore Bushcamp
Edwards Hill Camping Area,146.5246047,-37.760007,Hardcore Bushcamp
Darlington Beach Resort,153.1899108,-30.0482921,Commercial / Resort
Unnamed Campsite,153.1903714,-30.0432504,Commercial / Resort
Bindaree Motel & Caravan Park,146.407753,-35.9804776,Commercial / Resort
Holiday Haven Shoalhaven Heads,150.7460451,-34.8529528,Commercial / Resort
Marysville Caravan and Holiday Park,145.7475172,-37.5079077,Commercial / Resort
Reflections Corindi Beach - Holiday Park,153.2017035,-30.0284919,Commercial / Resort
Boulia Caravan Park,139.9188213,-22.9094495,Commercial / Resort
Reflections Cudgegong River Holiday Park,149.2579635,-32.6237304,Hardcore Bushcamp
Gold Commissioner's Camp,143.8662875,-37.5756518,Hardcore Bushcamp
Chinese Camp,143.8670732,-37.5758893,Hardcore Bushcamp
North Coast Holiday Parks Urunga Heads,153.0225869,-30.4964235,Commercial / Resort
The Palms Caravan Park,142.1883348,-34.1977737,Commercial / Resort
Coolah Home Base and Caravan Park,149.7240556,-31.8264916,Commercial / Resort
Nagambie Caravan Park,145.1480166,-36.799695,Commercial / Resort
Finchley Camping Area,151.0131621,-32.9803701,Hardcore Bushcamp
Moana Beach Tourist Park,138.4727618,-35.1991394,Commercial / Resort
Albury Central Tourist Park,146.9346302,-36.0673968,Commercial / Resort
John Oxley Caravan Park,149.2779478,-31.266894,Commercial / Resort
Cooee Point Reserve,145.877535,-41.0389134,Commercial / Resort
Aldinga Caravan Park,138.462161,-35.2987775,Hardcore Bushcamp
BIG4 Launceston Holiday Park,147.1409463,-41.457723,Commercial / Resort
Top Camp Caravan Park & Roadhouse,146.8735165,-20.094592,Commercial / Resort
Burdekin Falls Dam Caravan Park,147.1464706,-20.6425117,Commercial / Resort
Gumlu Caravan Park,147.6871742,-19.8813624,Commercial / Resort
Molongle Creek Van Park,147.69977,-19.8350917,Commercial / Resort
Camp Cooroora,152.9379371,-26.3814085,Hardcore Bushcamp
O'Briens Creek Camp Ground,144.0574449,-18.0460134,Hardcore Bushcamp
Lake Hume Holiday Park,147.1497073,-35.9970379,Commercial / Resort
Wheeny Creek Camping Ground,150.7227517,-33.4570346,Hardcore Bushcamp
Painter Island Caravan Park,146.3275488,-36.3495418,Commercial / Resort
Wangaratta Caravan & Tourist Park,146.3362569,-36.3451587,Commercial / Resort
Highway Tourist Village,149.7717784,-30.3349263,Commercial / Resort
Coxs River Camp Area,150.1787794,-33.7428278,Hardcore Bushcamp
Smalleys Beach Camping Reserve,149.0160303,-20.9138024,Commercial / Resort
Highlander Van Village,151.6689918,-30.492864,Commercial / Resort
Discovery Parks - Ballina,153.5849109,-28.8684183,Commercial / Resort
Reflections Shaws Bay - Holiday Park,153.5805339,-28.8674744,Commercial / Resort
Ballina Beach Village,153.5682832,-28.8859019,Commercial / Resort
Seabreeze Holiday Park,153.5612349,-28.8841506,Commercial / Resort
Star Roadhouse Caravan Park,151.5529052,-24.326469,Commercial / Resort
Mt Mittamatite Caravan Park,147.8836235,-36.2022326,Commercial / Resort
Pages River Caravan Park,150.8217053,-31.758552,Commercial / Resort
Office Beach Caravan Park,137.6236435,-33.928018,Commercial / Resort
Unnamed Campsite,144.048713,-37.3122567,Hardcore Bushcamp
Alum Creek Campground,150.1393801,-33.7576388,Hardcore Bushcamp
Discovery Holiday Park - Biloela,150.5183364,-24.4081736,Commercial / Resort
Myrtleford Holiday Park,146.7234561,-36.5630464,Commercial / Resort
NRMA Agnes Water Beach Holiday Park,151.9076653,-24.2107072,Commercial / Resort
Ingenia Holidays - White Albatross,153.0140479,-30.6472954,Commercial / Resort
Discovery Parks - Dubbo,148.587555,-32.2575528,Commercial / Resort
Blue Dolphin Caravan Park,150.7438343,-23.1334301,Commercial / Resort
Discovery Coast Caravan & Camping Park,151.8605883,-24.2476428,Commercial / Resort
Marlborough Motel And Van Park,149.8948768,-22.8248031,Commercial / Resort
Discovery Parks Melbourne,144.8639563,-37.7843309,Commercial / Resort
Baffle Creek Caravan and Camping Park,152.0021327,-24.5082923,Commercial / Resort
Silverband Lodge,142.5225643,-37.1488548,Hardcore Bushcamp
Norval Lodge and House,142.5232202,-37.149502,Hardcore Bushcamp
Norval Lodge and House,142.5231248,-37.1495565,Hardcore Bushcamp
BIG4 Ingenia Holidays Eden Beachfront,149.875568,-37.0774195,Commercial / Resort
Gum Tree Caravan Park,142.2414433,-38.3566746,Commercial / Resort
Fonty's Pool Chalets and Caravan Park,116.0663217,-34.2907608,Hardcore Bushcamp
Harkaway Scout Camp,145.3798082,-37.9844562,Hardcore Bushcamp
Clive Disher Park Scout Camp,147.2894637,-38.0143788,Hardcore Bushcamp
Porepunkah Mill Holiday Park,146.8899608,-36.68024,Commercial / Resort
Batemans Bay Marina Resort,150.1907468,-35.7176726,Commercial / Resort
Cobdogla Caravan Park,140.3994277,-34.2438704,Commercial / Resort
Berri Riverside Caravan Park,140.6100221,-34.2857891,Commercial / Resort
Angelo Exploration (RTIO) - Private,118.7897434,-23.3226405,Hardcore Bushcamp
Strahan Holiday Park,145.3199621,-42.1517422,Commercial / Resort
Zeehan Bush Camp Camping & Cabins,145.3329654,-41.8769966,Commercial / Resort
Manuka Campground,144.6662538,-41.043963,Hardcore Bushcamp
Dundas Road Bush Camp,152.7558708,-27.3853029,Hardcore Bushcamp
Beautiful Valley Caravan Park,138.1092387,-32.6615971,Commercial / Resort
Mitta Mitta Caravan Park,147.3742343,-36.5348588,Commercial / Resort
Coconut Grove Caravan Park,152.8382059,-25.2922188,Commercial / Resort
Scarness Beachfront Tourist Park,152.8573324,-25.2839263,Commercial / Resort
Beachfront  Tourist Park,152.873744,-25.2836677,Commercial / Resort
Unnamed Campsite,147.5001239,-36.5339184,Commercial / Resort
Cleaverville Nature Based Camping Grounds,117.0172903,-20.6521373,Commercial / Resort
Dingo Caravan Park,149.3310039,-23.6425691,Commercial / Resort
BIG4 NRMA Yarrawonga Mulwala Holiday Park,146.0240762,-35.9751557,Commercial / Resort
Seaspray Caravan Park,147.1912859,-38.3752033,Commercial / Resort
Former Seaspray Caravan Park,147.1880541,-38.3785133,Commercial / Resort
Yurlu Caravan Park,119.738622,-23.3489802,Hardcore Bushcamp
Loch Sport Caravan Park,147.5632659,-38.0544872,Commercial / Resort
Yallingup Beach Holiday Park,115.0255587,-33.6404615,Hardcore Bushcamp
Ocean Beach Holiday Park,117.3231202,-35.0218671,Hardcore Bushcamp
Quorn Caravan Park,138.0400507,-32.3430457,Commercial / Resort
Sawtell Beach Holiday Park,153.097983,-30.3736348,Commercial / Resort
Conto Campground - Leeuwin-Naturaliste National Park,115.0147544,-34.0806353,Hardcore Bushcamp
Cobram Barooga Golf Resort Caravan Park,145.6828835,-35.9037664,Commercial / Resort
Woodbine Tourist Park,147.9895487,-37.8780784,Commercial / Resort
El Torito Flats & Caravan Park,147.9902596,-37.8781952,Commercial / Resort
Hall Point,146.0280052,-41.0939396,Commercial / Resort
Ulladulla Headland Tourist Park,150.4811041,-35.3610104,Commercial / Resort
Unnamed Campsite,145.4320111,-36.3039858,Commercial / Resort
Hamelin Bay Caravan Park,115.0309609,-34.2213323,Hardcore Bushcamp
Shepparton Holiday Park,145.4479956,-36.3936813,Commercial / Resort
Big 4 Shepparton Holiday Park,145.3880562,-36.4248414,Commercial / Resort
Discovery Parks (Broome),122.2333207,-17.9714766,Commercial / Resort
Reflections Moonee Beach - Holiday Park,153.1567639,-30.2101796,Hardcore Bushcamp
Sapphire Beach Holiday Park,153.1526426,-30.2284904,Commercial / Resort
Mitchell Falls Campground,125.7171181,-14.8223521,Hardcore Bushcamp
Woodland Camping Area - Redbank Gorge,132.5119151,-23.5895597,Hardcore Bushcamp
Ridgetop Camping Area - Redbank Gorge,132.5148507,-23.5830474,Hardcore Bushcamp
Boydtown Beach Camping and Caravan Park,149.8757493,-37.1013211,Commercial / Resort
Capella Van Park,148.0220617,-23.0772681,Commercial / Resort
Theresa Dam Campground,147.549615,-22.9713571,Commercial / Resort
Therese Dam Caravan Park,147.5541437,-22.9714431,Commercial / Resort
Little Waterloo Bay Campsite,146.4302558,-39.0650321,Hardcore Bushcamp
Sealers Cove Campsite,146.4436059,-39.0225254,Hardcore Bushcamp
Refuge Cove Campsite,146.4658641,-39.0438314,Hardcore Bushcamp
Lake Dewar Lodge YMCA,144.3164066,-37.6342899,Hardcore Bushcamp
Repulse Creek Camp,148.7556821,-20.349935,Hardcore Bushcamp
Jindabyne Holiday Park,148.6202302,-36.4131613,Commercial / Resort
Blue Dolphin Holiday Park,153.3414177,-29.4336597,Commercial / Resort
Caravan Park,145.1301886,-36.3740514,Commercial / Resort
Big Brook Arboretum Campsite,116.0038125,-34.4025143,Hardcore Bushcamp
Ayr Saileon Campground,117.0120849,-34.9529924,Hardcore Bushcamp
Kilmore Caravan Park,144.9503128,-37.2856338,Commercial / Resort
Happy Days,117.9016917,-34.9353594,Hardcore Bushcamp
Porongurup Campground,117.8941026,-34.6589532,Hardcore Bushcamp
Mount Trio Bush Camping & Caravan Park,118.0617931,-34.3155905,Hardcore Bushcamp
Benwenerup Campground - Stokes National Park,121.1490263,-33.8170827,Hardcore Bushcamp
Madura Oasis Caravan Park,127.0205773,-31.9003893,Commercial / Resort
Sheringa Beach,135.1707383,-33.8718789,Hardcore Bushcamp
Port Lincoln Tourist Park,135.8837936,-34.728939,Commercial / Resort
Surfleet Cove Campground,135.9565891,-34.7669002,Hardcore Bushcamp
Whyalla Foreshore Caravan Park,137.5784829,-33.0423636,Commercial / Resort
Rawnsley Park Station,138.5741723,-31.6398403,Hardcore Bushcamp
Wilpena Pound Resort Campground,138.6039598,-31.5257474,Commercial / Resort
Trezona Campground,138.6255249,-31.3317273,Hardcore Bushcamp
Discovery Parks - Hahndorf,138.7998384,-35.0227893,Commercial / Resort
Kangaroo Island Seafront Holiday Park,137.9403434,-35.7197484,Hardcore Bushcamp
Rocky River Campground,136.7326264,-35.952213,Hardcore Bushcamp
Glen Helen Homestead Lodge Campground,132.6743966,-23.6858269,Hardcore Bushcamp
Little River RA,135.6392131,-16.7009043,Hardcore Bushcamp
Bullwaddy Rest Area,134.195836,-16.4511895,Hardcore Bushcamp
Bonney Well Rest Area,134.24611,-20.43,Hardcore Bushcamp
Taylor Creek Rest Area,134.1148474,-21.2474638,Hardcore Bushcamp
Mount Stuart Reserve,133.4966928,-21.9604509,Hardcore Bushcamp
Neil Hargrave Lookout,132.9053684,-23.7505829,Hardcore Bushcamp
Ormiston Gorge Campground - Tjuta NP,132.7270227,-23.6331482,Hardcore Bushcamp
Kernot Range Rest Area,132.2523742,-25.1770244,Hardcore Bushcamp
Desert Oaks RA,132.3065149,-24.7728998,Hardcore Bushcamp
Henbury Meteorite Craters,133.1428081,-24.5713616,Hardcore Bushcamp
Dunmarra Wayside Inn,133.4130784,-16.6802528,Commercial / Resort
Renner Springs Desert Inn,133.7959878,-18.3187225,Commercial / Resort
Banka Banka Station,134.0301153,-18.79222,Hardcore Bushcamp
Hi-Way Inn Caravan Park,133.3859929,-16.3078793,Commercial / Resort
Cox River,135.350006,-15.32,Hardcore Bushcamp
Katherine Gorge Campground - Nitmiluk NP,132.4205458,-14.3184667,Hardcore Bushcamp
Edith Falls (Leliyn) Campground - Nitmiluk NP,132.1874732,-14.1797218,Hardcore Bushcamp
Robin Falls,131.1364267,-13.3505652,Hardcore Bushcamp
Daly River Crossing,130.710006,-13.770001,Hardcore Bushcamp
Umbrawarra Gorge Campground,131.6994338,-13.9670233,Hardcore Bushcamp
Hayes Creek Wayside Inn,131.4596586,-13.5829448,Commercial / Resort
Adelaide River Showground,131.1107546,-13.2471551,Hardcore Bushcamp
Coomalie Creek Caravan Park,131.130004,-13.0,Commercial / Resort
Mardugal Campground 2,132.5386873,-12.9276184,Hardcore Bushcamp
Gagudju Lodge Cooinda Caravan Park,132.520346,-12.9044656,Commercial / Resort
Jim Jim Billabong Campground,132.5536557,-12.9417076,Hardcore Bushcamp
Sullivan Creek Campground,131.2758877,-15.5871013,Hardcore Bushcamp
Vince Connoly Crossing - Limestone Creek,131.9169129,-14.8287698,Hardcore Bushcamp
Jarnem Camping Area,129.0987845,-15.7626239,Hardcore Bushcamp
Goorrandalng Camping Area,129.0514938,-15.8752096,Hardcore Bushcamp
Big Horse Creek Campground - Gregory National Park,130.4020661,-15.6124148,Hardcore Bushcamp
Mogo Camping Area - Yengo NP,151.0912297,-33.1452385,Hardcore Bushcamp
Turon Crossing Reserve,149.4100079,-33.0700024,Hardcore Bushcamp
Limeburners Flat - Blue Mtns NP,149.9987357,-34.1373257,Hardcore Bushcamp
Shallow Crossing Campground,150.1988545,-35.5322122,Hardcore Bushcamp
Lake Creek Camping Area - Wadbilliga NP,149.6555795,-36.2608465,Hardcore Bushcamp
Cascades Camping Area - Wadbilliga NP,149.5187613,-36.2241812,Hardcore Bushcamp
Sandon River Campground - Yuraygir NP,153.327289,-29.6740697,Hardcore Bushcamp
Woody Head Campground,153.3716803,-29.3662044,Hardcore Bushcamp
Delicate Nobby Campground - Goolawah Res,152.9684346,-31.260454,Hardcore Bushcamp
Racecourse Headland Campground - Goolawah Res,152.9604298,-31.2495551,Hardcore Bushcamp
Heritage Park Rest Area,151.7763663,-29.6628437,Hardcore Bushcamp
Basket Swamp Camping Area,152.1537639,-28.909999,Hardcore Bushcamp
Old Bonalbo Pioneers Park,152.5971918,-28.6429389,Hardcore Bushcamp
Tabulam Race Track,152.5534466,-28.9076148,Commercial / Resort
Bellbird Campground,152.3152689,-29.47399,Hardcore Bushcamp
Myall Creek Rest Area,150.71694,-29.775,Hardcore Bushcamp
Walcha East Rest Area,151.6300768,-31.0034827,Hardcore Bushcamp
Mcdonalds Hole Road Rest Area,149.93556,-33.06583,Hardcore Bushcamp
Copeton Waters State Park,150.9406515,-29.9222577,Hardcore Bushcamp
Bakers Shaft Reserve,149.01194,-33.60944,Hardcore Bushcamp
Carcoar Dam,149.1811066,-33.6114139,Hardcore Bushcamp
Chifley Dam Camping Area,149.6314978,-33.561058,Hardcore Bushcamp
Wombeyan Caves Campground,149.9711458,-34.3039533,Commercial / Resort
Tooleybuc Caravan Park,143.3368476,-35.0295175,Commercial / Resort
Unnamed Campsite,150.253398,-34.5789187,Hardcore Bushcamp
Edrom Road RA,149.8497887,-37.1907789,Hardcore Bushcamp
Congo Point Campground - Eurobodalla NP,150.1580521,-35.9547147,Hardcore Bushcamp
Whittakers Creek,150.0931393,-36.1285783,Hardcore Bushcamp
Benandarah Rest Area,150.2356849,-35.6529066,Hardcore Bushcamp
Geehi Flats Campground,148.1780833,-36.3801314,Hardcore Bushcamp
Bunyip Hole Reserve,145.9902893,-34.5604043,Hardcore Bushcamp
Cooey Point Reserve,145.3221699,-34.4765268,Hardcore Bushcamp
Frampton Rotary Park - Cunjigong Creek Rest Area,147.9416531,-34.702481,Hardcore Bushcamp
Yerong Creek Recreation Ground,147.0676207,-35.3864955,Commercial / Resort
Berry Jerry Rest Area,147.0535747,-35.0604979,Hardcore Bushcamp
Sandigo Rest Area,146.647042,-34.921199,Hardcore Bushcamp
Kywong Rest Area,146.73917,-34.98583,Hardcore Bushcamp
Shanty Reserve,147.520692,-35.1112907,Hardcore Bushcamp
John Oxley Rest Area,148.45694,-31.22667,Hardcore Bushcamp
Bell River Rest Area,148.8906573,-32.9115036,Hardcore Bushcamp
Caves Turnoff Rest Area,148.9477118,-32.6227687,Hardcore Bushcamp
Meadow Glen Rest Area,145.1871737,-31.5586553,Hardcore Bushcamp
Ponto Falls,148.8225089,-32.4657713,Hardcore Bushcamp
Rocky Creek Mill,149.1455537,-30.7158421,Hardcore Bushcamp
Devils Elbow,148.6078328,-32.227518,Hardcore Bushcamp
Border RA,149.6757257,-37.3945148,Hardcore Bushcamp
Cargelligo Weir,146.4535262,-33.2014433,Hardcore Bushcamp
Bush Tucker Inn,145.7125871,-29.0097354,Commercial / Resort
Humbug Creek RA,147.1469184,-33.517946,Hardcore Bushcamp
Lilydale Falls Camping Area,147.2098882,-41.2298087,Hardcore Bushcamp
Northeast Park,147.522951,-41.1658336,Hardcore Bushcamp
Blackmans Lagoon Camping Area - Waterhouse Cons Area,147.5954848,-40.9128431,Hardcore Bushcamp
Big Waterhouse Lake Camping Area - Waterhouse Cons Area,147.6158499,-40.8922407,Hardcore Bushcamp
South Croppies Point Camping Area - Waterhouse Cons Area,147.5924166,-40.8644746,Hardcore Bushcamp
Mathers Campground - Waterhouse Cons Area,147.668609,-40.8276521,Hardcore Bushcamp
Village Green Campground - Waterhouse Cons Area,147.6609779,-40.8265522,Hardcore Bushcamp
Ransons Beach Camping Area - Waterhouse Cons Area,147.6882029,-40.8403096,Hardcore Bushcamp
Branxholm Camping Ground,147.737954,-41.1678906,Hardcore Bushcamp
Derby Works Depot,147.8046821,-41.1496253,Hardcore Bushcamp
Petal Point Campground,147.9494282,-40.7775454,Hardcore Bushcamp
Deep Creek Campground - Mt William NP,148.3116931,-40.9698159,Hardcore Bushcamp
Musselroe Bay - Musselroe Bay Cons Area,148.1775278,-40.8352667,Hardcore Bushcamp
Weldborough Hotel,147.9049224,-41.1944142,Hardcore Bushcamp
Bay Of Fires Conservation Area,148.2914805,-41.0620098,Hardcore Bushcamp
Diana's Basin - St Helens Point State Rec Area,148.2925792,-41.3709096,Hardcore Bushcamp
River and Rocks Campground,148.2325133,-42.0869837,Hardcore Bushcamp
Lake Leake Campground,147.797395,-42.0091749,Hardcore Bushcamp
Little Swanport Conservation Area,147.9397411,-42.3319224,Hardcore Bushcamp
Triabunna Caravan Park,147.9111492,-42.5083381,Commercial / Resort
Campbell Town Recreation Ground,147.4938063,-41.9247492,Hardcore Bushcamp
Conara Roadside Park,147.4389481,-41.8300414,Hardcore Bushcamp
Lower Liffey Reserve,146.7817081,-41.6827631,Hardcore Bushcamp
Oatlands Roadside Rest Area,147.3769604,-42.3001699,Hardcore Bushcamp
Jonah Bay Campground - Arthurs Lake Rec Area,146.9024304,-41.9585618,Hardcore Bushcamp
Pumphouse Bay Campground - Arthurs Lake Recreation Area,146.8611922,-41.9850741,Hardcore Bushcamp
Mt Blackwood Lookout,146.8899497,-41.8158814,Hardcore Bushcamp
Cowpaddock Bay Campground - Arthurs Lake Rec Area,146.8962098,-41.9359731,Hardcore Bushcamp
Pub With No Beer Rest Area,147.0440105,-42.3876871,Hardcore Bushcamp
Primrose Sands RSLA Club,147.672852,-42.8995614,Hardcore Bushcamp
Blackburn Creek Rest Area,146.904631,-42.1728506,Hardcore Bushcamp
Coast Care Project Rest Area,146.9721596,-43.139773,Hardcore Bushcamp
Franklin Foreshore Reserve,147.0098181,-43.0922005,Hardcore Bushcamp
The Neck Campground,147.3286887,-43.2910163,Hardcore Bushcamp
Lake Burbury Foreshore,145.6384615,-42.0737575,Hardcore Bushcamp
Hellyer Gorge Rest Area,145.6149763,-41.2734664,Hardcore Bushcamp
Nive River Rest Area,146.4583003,-42.2986066,Hardcore Bushcamp
Hagley Rest Area,146.8989464,-41.5256426,Hardcore Bushcamp
Bronte Lagoon Causeway,146.5005464,-42.1798235,Hardcore Bushcamp
Deloraine East Overnight Park,146.6607135,-41.5223632,Hardcore Bushcamp
Wivenhoe Showgrounds,145.930016,-41.0686826,Hardcore Bushcamp
Penguin Beachside Tourist Park,146.066539,-41.1066254,Commercial / Resort
Lake Gairdner,146.0593173,-41.4829712,Hardcore Bushcamp
Black River Campground,145.3169776,-40.8435289,Hardcore Bushcamp
Sundown Point State Reserve - Nelson Bay,144.6725341,-41.1178947,Hardcore Bushcamp
Rocky Cape Caravan Park,145.4644747,-40.8858058,Commercial / Resort
Springlawn Campground - Narawntapu NP,146.6026384,-41.147799,Commercial / Resort
Beechford Campground,146.949996,-41.029998,Hardcore Bushcamp
Horseyards Campground - Narawntapu NP,146.6088067,-41.1541248,Hardcore Bushcamp
Najada Rockhole,128.6003806,-31.7455589,Hardcore Bushcamp
Hearder Hill Rest Area,128.5286374,-31.7676354,Hardcore Bushcamp
Jillah Rockhole Rest Area,128.1302544,-31.8399664,Hardcore Bushcamp
Boolaboola Rest Area,127.6616038,-31.89302,Hardcore Bushcamp
Carlabeencabba Rockhole Rest Area,127.5194357,-31.921017,Hardcore Bushcamp
Olwolgin Bluff Rest Area,126.7330776,-31.945736,Hardcore Bushcamp
Moonera Tank Rest Area,126.5470853,-31.9904967,Hardcore Bushcamp
Observatory Turnoff Rest Area,126.2772274,-32.003399,Hardcore Bushcamp
Jillbunya Rockhole,125.6738347,-32.174151,Hardcore Bushcamp
Baxter Rest Area,124.788126,-32.3576585,Hardcore Bushcamp
90 Mile Sign Rest Area,123.954761,-32.4530833,Hardcore Bushcamp
Harms Lake Rest Area,123.3770563,-32.2247898,Hardcore Bushcamp
Afghan Rock,123.6653689,-32.3781766,Hardcore Bushcamp
Jimberlana Hill Rest Area,121.8112629,-32.1471058,Hardcore Bushcamp
Norseman East Rest Area,121.9021497,-32.1098173,Hardcore Bushcamp
Bromus Dam,121.6833901,-32.4578199,Hardcore Bushcamp
Dundas Rocks Campground,121.7724243,-32.3906367,Hardcore Bushcamp
Peak Charles National Park,121.172554,-32.8766619,Hardcore Bushcamp
Lucky Bay Campground - Cape Le Grand National Park,122.2196011,-33.9918914,Hardcore Bushcamp
Munglinup Rest Area,120.8614098,-33.7046614,Hardcore Bushcamp
Quagi Beach Campgroung,121.2919745,-33.8291344,Hardcore Bushcamp
Starvation Boat Harbour,120.5559948,-33.9193285,Hardcore Bushcamp
Millers Point Reserve,118.8785954,-34.4521472,Hardcore Bushcamp
Parry Beach,117.16016,-35.0395581,Hardcore Bushcamp
Shannon Camp Ground - Shannon National Park,116.4119973,-34.5951153,Hardcore Bushcamp
Walpole West Rest Area,116.5960185,-34.9572599,Hardcore Bushcamp
Wrights Bridge,115.9184981,-33.8454496,Hardcore Bushcamp
Balingup Transit Park,115.9863674,-33.782341,Commercial / Resort
Honeymoon Pool,115.9385938,-33.3789493,Hardcore Bushcamp
Robinson Road Rest Stop,117.0881396,-33.5385592,Hardcore Bushcamp
Baden Powell Campground - Lane Pool Reserve,116.0832955,-32.7693517,Hardcore Bushcamp
Herron Point,115.7113618,-32.7404746,Hardcore Bushcamp
Sue's Bridge Campground - Blackwood River National Park,115.3892877,-34.0772151,Hardcore Bushcamp
Alexandra Bridge Camping Area,115.1840691,-34.1641853,Hardcore Bushcamp
Hakea Reserve,115.3314821,-30.4600924,Hardcore Bushcamp
Billabong RA,114.6149017,-26.8155829,Hardcore Bushcamp
Overlander Roadhouse Caravan Facility,114.4646219,-26.4110958,Commercial / Resort
Rocky Pool,114.1379605,-24.7579151,Hardcore Bushcamp
Gascoyne River (Middle Branch),119.3342282,-25.2024664,Hardcore Bushcamp
The Granites,117.8541296,-28.0088373,Hardcore Bushcamp
Palm Springs,127.8527494,-18.4224328,Hardcore Bushcamp
Walardi Campground - Sites 27-37,128.2979099,-17.5234337,Hardcore Bushcamp
Spring Creek Rest Area,127.9877845,-17.433762,Hardcore Bushcamp
Leycesters Rest Area - Ord River,127.9512513,-17.4792673,Hardcore Bushcamp
Cape Keraudren,119.7693097,-19.9621477,Hardcore Bushcamp
Miners Pool Campground Drysdale River S,126.4035638,-15.6797516,Hardcore Bushcamp
Drysdale River Station Campground,126.3808998,-15.7020373,Hardcore Bushcamp
El Questro Resort Campground,127.980003,-16.01,Commercial / Resort
King River (Gibb River Road),128.1864384,-15.9116447,Hardcore Bushcamp
Olivers Bridge (Cataby Brook),115.5539845,-30.7510198,Hardcore Bushcamp
Telegraph Creek Rest Area,128.282115,-16.8739508,Hardcore Bushcamp
Bow River,128.2814875,-16.7985556,Hardcore Bushcamp
Cockburn South Rest Area,128.42556,-16.00944,Hardcore Bushcamp
Pardoo Creek Rest Area,119.5062684,-20.2808191,Hardcore Bushcamp
Wingan Inlet Campground - Croajingolong NP,149.4975656,-37.7417135,Hardcore Bushcamp
Shipwreck Creek Campground - Croajingolong NP,149.6988731,-37.6446784,Hardcore Bushcamp
Frosty Hollow Camping Area - Errinundra NP,148.9626068,-37.2987227,Hardcore Bushcamp
Buenba Flat #1,147.9221696,-36.7008185,Hardcore Bushcamp
Langfords West Campground,147.3042512,-36.9284355,Hardcore Bushcamp
Bentley Plain Reserve,147.9231608,-37.2279336,Hardcore Bushcamp
Moscow Villa Hut,147.9221886,-37.2261775,Hardcore Bushcamp
Collins Flat Camping Area,147.298104,-37.3393833,Hardcore Bushcamp
Eaglevale Camping Area - Alpine NP,147.0065868,-37.3662434,Hardcore Bushcamp
Unnamed Campsite,146.8315485,-37.2079248,Hardcore Bushcamp
Bluff Hut - Alpine NP,146.524228,-37.2158034,Hardcore Bushcamp
King Hut - Alpine NP,146.5723014,-37.08849,Hardcore Bushcamp
Pineapple Flat Camping Area - Alpine NP,146.4994128,-37.0658703,Hardcore Bushcamp
Craigs Hut,146.5335074,-37.1101992,Hardcore Bushcamp
Barnewall Plains Camping Area,145.9267488,-37.3579948,Hardcore Bushcamp
Regular Camp,145.1580856,-37.3316822,Hardcore Bushcamp
Unnamed Campsite,143.2733649,-37.3167963,Hardcore Bushcamp
Smiths Bridge Camping Area,143.2930157,-37.297868,Hardcore Bushcamp
Thurra River Campground - Croajingolong NP,149.3082563,-37.7808457,Hardcore Bushcamp
Cann River East Rest Area,149.1839371,-37.5672343,Hardcore Bushcamp
Lomond Hill Rest Area,149.3062146,-37.5750796,Hardcore Bushcamp
Delegate River Camping and Picnic Area,148.827546,-37.1958284,Hardcore Bushcamp
Newmerella Logging Station Rest Area,148.4217367,-37.7400998,Hardcore Bushcamp
Hospital Creek Rest Area,148.1892235,-37.7521359,Hardcore Bushcamp
Seninis Campground - Moondarra State Park,146.3397575,-38.0234326,Hardcore Bushcamp
Willow Park,146.7918979,-38.1419086,Hardcore Bushcamp
Erica Caravan Park,146.3734424,-37.9785475,Commercial / Resort
Flamingo Beach,147.3077054,-38.2853488,Hardcore Bushcamp
Toorongo Falls Campground,146.0426705,-37.8530282,Hardcore Bushcamp
Nine Mile Creek Rest Area,146.4823755,-38.6438679,Hardcore Bushcamp
Swamp Tower Reserve,145.4588945,-38.2131084,Hardcore Bushcamp
Lightning Creek Campground (North),147.4332364,-36.6607822,Hardcore Bushcamp
Ellis Bridge RA,147.2326327,-36.4078909,Hardcore Bushcamp
Peters Bridge RA,147.2468913,-36.3998861,Hardcore Bushcamp
Pigs Point Reserve,147.2375036,-36.2796987,Hardcore Bushcamp
Lake Catani Campground - Mt Buffalo NP,146.8126856,-36.7352927,Hardcore Bushcamp
Anglers Rest Camping Area,147.4896261,-36.9906401,Hardcore Bushcamp
Staghorn Flat RA,146.9342535,-36.2445986,Hardcore Bushcamp
Moyhu Caravan Park and Camp Grounds,146.3789631,-36.5768246,Commercial / Resort
Doctors Creek Reserve,146.1303413,-37.3317779,Hardcore Bushcamp
Stringybark Creek Camping Area,146.2020893,-36.872575,Hardcore Bushcamp
Yea RA,145.4411779,-37.2124402,Hardcore Bushcamp
Moira Park - Jollys Bend SF,145.3691818,-36.4766117,Hardcore Bushcamp
Wenhams Camping Area,146.2044935,-36.3410296,Hardcore Bushcamp
Goulburn River RA,145.2425738,-37.1429439,Hardcore Bushcamp
King Parrot Creek RA,145.2673438,-37.1462033,Hardcore Bushcamp
Loddon Floodway,143.6893057,-35.3781509,Hardcore Bushcamp
Lake Mournpall Campground - Hattah-Kulkyne NP,142.3357828,-34.7046476,Hardcore Bushcamp
Lake Hattah Campground - Hattah-Kulkyne NP,142.3429992,-34.7528177,Hardcore Bushcamp
Wedderburn Pioneer Caravan Park,143.617496,-36.4121911,Commercial / Resort
Murrayville East RA,141.2501963,-35.2617089,Hardcore Bushcamp
Waterfalls Campground,143.3668546,-37.0985538,Hardcore Bushcamp
Lexton South Rest Area,143.5466384,-37.2890451,Hardcore Bushcamp
Vaughan Springs Reserve - Castlemaine Diggings National Heritage Park,144.2142489,-37.1596627,Hardcore Bushcamp
Warburton Bridge Reserve,144.2384689,-37.1708082,Hardcore Bushcamp
Firth Park Campground,144.410003,-37.4351079,Hardcore Bushcamp
Teddington Reservoir - St Arnaud Range NP,143.2625613,-36.8432804,Hardcore Bushcamp
Mineral Springs Caravan Park,144.3129343,-37.471716,Commercial / Resort
Green Hill Lake Reserve,142.9810738,-37.2962295,Hardcore Bushcamp
Newbridge Recreation Reserve,143.9024157,-36.7393866,Hardcore Bushcamp
Meredith Park,143.609112,-38.267835,Hardcore Bushcamp
Lake Yambuk Caravan Park,142.0545841,-38.3396438,Commercial / Resort
Ash Wednesday Memorial RA,142.7272859,-38.3361556,Hardcore Bushcamp
Smiths Mill Campground,142.423232,-37.1077451,Hardcore Bushcamp
Wannon Falls Campground,141.846983,-37.6745127,Hardcore Bushcamp
Browns Water Holes Caravan Park,143.3474425,-37.954319,Commercial / Resort
Princess Margaret Rose Caves - Lower Glenelg NP,140.9918458,-37.9868781,Hardcore Bushcamp
Pritchards Campground - Lower Glenelg NP,141.2186404,-38.0563554,Hardcore Bushcamp
Jackass Fern Gully Campground,141.4256401,-38.0748152,Hardcore Bushcamp
Sawpit Campground - Mt Clay State Forest,141.6879871,-38.2349954,Hardcore Bushcamp
Western Beach Campground - Lake Albacutya Regional Park,141.9358507,-35.7804513,Hardcore Bushcamp
Rainbow Caravan Park,141.9898456,-35.8999284,Commercial / Resort
Mountain Dam Campground - Rocklands Reservoir,142.0865758,-37.224187,Hardcore Bushcamp
Wonga Campground - Wyperfeld NP,142.0534577,-35.5832852,Hardcore Bushcamp
Yaapeet Beach Campground - Lake Albacutya Regional Park,142.0067479,-35.7661714,Hardcore Bushcamp
Dolly Creek,144.094647,-37.752813,Hardcore Bushcamp
Kromelite Road Rest Area,140.9205051,-37.8463541,Hardcore Bushcamp
Millicent South Rest Area,140.3918232,-37.6338954,Hardcore Bushcamp
Springs Road Rest Area,139.8881031,-37.2140161,Hardcore Bushcamp
Jumbo's Jetty,139.7952632,-37.1764269,Hardcore Bushcamp
Old Man Lake - Little Dip Conservation Park,139.8220225,-37.2610469,Hardcore Bushcamp
The Gums Campground - Little Dip Conservation Park,139.7672144,-37.1872219,Hardcore Bushcamp
42 Mile Crossing Campground - Coorong NP,139.7117812,-36.2876692,Hardcore Bushcamp
42 Mile Crossing Rest Area,139.7224725,-36.2730164,Hardcore Bushcamp
Coorong Caravan Park,139.5909094,-36.0587238,Commercial / Resort
Gemini Downs Holiday Centre,139.628772,-36.0978494,Commercial / Resort
Meningie South Rest Area,139.3450979,-35.7070189,Hardcore Bushcamp
Telford Scrub Rest Area,140.7978512,-37.699611,Hardcore Bushcamp
Leconfield Rest Area,140.8436391,-37.3397241,Hardcore Bushcamp
Padthaway Caravan Park,140.5048442,-36.6003857,Commercial / Resort
Peake Rest Area,139.9505329,-35.3667752,Hardcore Bushcamp
Customs House Campground,140.9577229,-33.9733581,Hardcore Bushcamp
Campground 10 - Loch Luna Game Reserve,140.3949,-34.2219388,Hardcore Bushcamp
Walker Flat Boat Ramp Reserve,139.560275,-34.7517019,Hardcore Bushcamp
Ankara Youth Camp,139.5704529,-34.757652,Hardcore Bushcamp
Nackara East Rest Area,139.2874816,-32.7674534,Hardcore Bushcamp
Olary Creek,140.3450675,-32.2702523,Hardcore Bushcamp
Stringybark Campground - Deep Creek Conservation Park,138.2388947,-35.6068432,Hardcore Bushcamp
Second Valley Caravan Park,138.2186488,-35.5129007,Commercial / Resort
Balaklava Caravan Park,138.4193834,-34.1494131,Commercial / Resort
Lochiel North RA,138.163238,-33.9139204,Hardcore Bushcamp
21 Peg Rest Area,139.1172095,-33.7630931,Hardcore Bushcamp
Horrocks Pass,138.0372753,-32.6415971,Hardcore Bushcamp
Two Wells Rest Area,138.5163857,-34.5958626,Hardcore Bushcamp
Port Vincent Seaside Flats and Caravan Park,137.8635096,-34.7788314,Commercial / Resort
Troubridge Hill Camping Reserve,137.6396964,-35.166866,Hardcore Bushcamp
Yorketown Community Caravan Park,137.6101399,-35.0200306,Commercial / Resort
Wirrabara Oval Caravan Park,138.2652675,-33.0322597,Commercial / Resort
Maitland Rest Area,137.6705194,-34.3697571,Hardcore Bushcamp
Port Minlacowie Boat Ramp,137.4587804,-34.8275198,Hardcore Bushcamp
Cadney Homestead Caravan Park,134.0568816,-27.9059062,Commercial / Resort
Louth Bay North Rest Area,135.9197799,-34.5292677,Hardcore Bushcamp
Tumby Bay North Rest Area,136.1681159,-34.2798284,Hardcore Bushcamp
Eight Mile Creek Beach,137.523787,-33.0981649,Hardcore Bushcamp
Fitzgerald Bay Bush Camp - Native Myrtle Retreat - no facilities,137.7618179,-32.9079111,Hardcore Bushcamp
Harbour View Caravan Park,136.9389313,-33.6729499,Commercial / Resort
Whyalla South Rest Area,137.4629995,-33.0599388,Hardcore Bushcamp
Port Neill South Rest Area,136.2329141,-34.1996748,Hardcore Bushcamp
Port Gibbon South Rest Area,136.6956054,-33.8269975,Hardcore Bushcamp
Port Neill North Rest Area,136.4170101,-34.0085662,Hardcore Bushcamp
Haslam Caravan Park,134.2140448,-32.5092601,Commercial / Resort
Smoky Bay Rest Area,133.9599995,-32.3699597,Hardcore Bushcamp
Iron Knob East Rest Area,137.5264366,-32.6174922,Hardcore Bushcamp
17k Peg Rest Area,129.1681959,-31.658619,Hardcore Bushcamp
25k Peg Rest Area,129.2547676,-31.6492559,Hardcore Bushcamp
38k Peg Rest Area,129.3888281,-31.6382848,Hardcore Bushcamp
42k Peg Rest Area,129.43128,-31.6367566,Hardcore Bushcamp
52k Peg Rest Area,129.5291489,-31.6207619,Hardcore Bushcamp
Bunda Cliffs Rest Area;75k Peg Rest Area,129.7766552,-31.6062796,Hardcore Bushcamp
81k Peg Rest Area,129.8342996,-31.5874091,Hardcore Bushcamp
10k Peg Rest Area,129.1000682,-31.6484438,Hardcore Bushcamp
Penong East Rest Area,133.2754173,-31.9407003,Hardcore Bushcamp
Puntabie East Rest Area,134.129805,-32.2105246,Hardcore Bushcamp
Carawa North Rest Area,134.2534391,-32.304781,Hardcore Bushcamp
133k Peg Rest Area,130.3721445,-31.5831012,Hardcore Bushcamp
111k Peg Rest Area,130.1459879,-31.577607,Hardcore Bushcamp
164k Peg Rest Area,130.6922565,-31.5345513,Hardcore Bushcamp
157k Peg Rest Area,130.617782,-31.5506794,Hardcore Bushcamp
Yalata West Rest Area,131.6142329,-31.4097539,Hardcore Bushcamp
222k Peg Rest Area,131.266461,-31.3652862,Hardcore Bushcamp
Kidnippy Rest Area,132.0952647,-31.660562,Hardcore Bushcamp
Wudinna (West) Rest Area,135.359171,-33.0019951,Hardcore Bushcamp
Fern Flat,148.4993512,-21.1698174,Hardcore Bushcamp
Starkvale Creek Campground - Expedition NP,149.188759,-25.3052566,Hardcore Bushcamp
Nogoa River Campground - Carnarvon NP,147.2037208,-24.80295,Hardcore Bushcamp
Spicer's Gap Campground - Main Range NP,152.4273079,-28.0734558,Hardcore Bushcamp
Mossman Showgrounds,145.3657047,-16.4619144,Hardcore Bushcamp
The Boulders,145.870755,-17.3398979,Hardcore Bushcamp
Bilyana Rest Area,145.91194,-18.11861,Hardcore Bushcamp
Murray Falls Campground,145.81583,-18.15306,Hardcore Bushcamp
Toomulla Beach,146.4756647,-19.0831946,Hardcore Bushcamp
Burdekin Cascades Caravan Park,147.4016996,-19.5801089,Commercial / Resort
Ball Bay Camping Reserve,148.9952884,-20.9026971,Hardcore Bushcamp
Mirani Caravan Park,148.8666562,-21.1622317,Commercial / Resort
Carmila Beach,149.4635336,-21.9144513,Hardcore Bushcamp
Red Rock Campground - Byfield SF,150.6856338,-22.8734227,Hardcore Bushcamp
Burrum River Caravan Park,152.5786186,-25.3297522,Commercial / Resort
Wongi Campground - Wongi SF Rec Area,152.5434815,-25.4371419,Hardcore Bushcamp
Jowarra Park,153.0381893,-26.773002,Hardcore Bushcamp
Railco Railway Museum,145.4825,-17.60833,Commercial / Resort
Rocky Creek War Memorial Park,145.4559277,-17.1817354,Hardcore Bushcamp
Walkers Creek,141.1806545,-17.4701679,Hardcore Bushcamp
Monstraven Layby,140.2076057,-19.9482726,Hardcore Bushcamp
Telstra Tower Layby,140.2160695,-19.9873692,Hardcore Bushcamp
Bridgewater Creek Rest Area,149.4281311,-23.6640681,Hardcore Bushcamp
Barcaldine Showgrounds Caravan Park,145.2941311,-23.5514348,Commercial / Resort
Bull Creek Farmstay,148.080001,-23.62,Hardcore Bushcamp
Blue Heeler Caravan Park,141.9225966,-21.5779853,Commercial / Resort
Corfield Rest Area,143.3740878,-21.7145072,Hardcore Bushcamp
Long Waterhole,143.0587326,-22.4122397,Hardcore Bushcamp
Neville Hewitt Weir,149.8071453,-24.1856341,Hardcore Bushcamp
Wowan Van Park,150.1944072,-23.9111152,Commercial / Resort
Peak Creek Rest Area,139.6633235,-22.4107855,Hardcore Bushcamp
Crows Nest Falls Campground,152.1090128,-27.2544143,Hardcore Bushcamp
Cressbrook Dam Campground,152.1877296,-27.2610627,Hardcore Bushcamp
Isla Gorge Campground - Isla Gorge NP,149.9729761,-25.1915097,Hardcore Bushcamp
Cruice Park,152.758275,-26.9282449,Hardcore Bushcamp
Yallakool Tourist Park,151.9948982,-26.3050919,Commercial / Resort
Yarramalong Weir,151.4507661,-27.8351463,Hardcore Bushcamp
Allora Apex Park,151.9883124,-28.035641,Hardcore Bushcamp
Alternate Camping Site - Wet Weather Only,144.4409638,-24.2604758,Hardcore Bushcamp
Andrew Drynan Park,152.9341092,-28.3197595,Hardcore Bushcamp
Langdon Reserve,152.8908093,-28.1688718,Hardcore Bushcamp
Texas Apex Park,151.1651818,-28.8704726,Hardcore Bushcamp
Goondiwindi Weir Town Common,150.3391457,-28.5105214,Hardcore Bushcamp
Washpool Camping Reserve - Leslie Dam,151.9164808,-28.2406209,Hardcore Bushcamp
Sandy Creek Hotel,151.9469863,-28.1838286,Hardcore Bushcamp
Childers CP,152.2973545,-25.1975026,Commercial / Resort
Country Stopover CP,152.6612037,-25.566597,Commercial / Resort
Imbil Camping Retreat,152.6820308,-26.458877,Hardcore Bushcamp
Sandalwood Van & Leisure Park,153.4721937,-28.9403377,Commercial / Resort
Leanganook Camping Area,144.3065202,-37.0178943,Hardcore Bushcamp
Nug Nug Reserve,146.7065511,-36.6613775,Hardcore Bushcamp
Barilla Holiday Park,147.4454449,-42.8326548,Commercial / Resort
Cobbler Hill,138.1741657,-35.6472556,Hardcore Bushcamp
Port Lincoln Caravan Park,135.8631018,-34.6311952,Commercial / Resort
Unnamed Campsite,147.2486801,-38.0304103,Hardcore Bushcamp
Tomaga River Tourist Park,150.1852455,-35.8249232,Commercial / Resort
Suffolk Beachfront Holiday Park,153.6127996,-28.6911079,Hardcore Bushcamp
Borden Rest Area,118.2630894,-34.0710244,Hardcore Bushcamp
Crooked Creek Rest Area,152.3124824,-28.9269242,Hardcore Bushcamp
Kings Plains Creek Camping and Picnic Area,151.3891949,-29.5839713,Hardcore Bushcamp
Ironbark Camping Area,151.3905307,-29.5902977,Hardcore Bushcamp
Belair National Park Caravan Park,138.6348021,-35.0115992,Hardcore Bushcamp
Porepunkah Pines Holiday Park,146.9173633,-36.7048487,Commercial / Resort
Bush Camping,132.9147093,-23.748555,Hardcore Bushcamp
Tin Hut,152.0805878,-30.8432347,Hardcore Bushcamp
Red Devil Camping,153.612637,-28.666808,Hardcore Bushcamp
Queen's Meadow Caravan Park,144.7139289,-36.9243728,Commercial / Resort
Unnamed Campsite,151.9706239,-30.9837163,Hardcore Bushcamp
Riverside,152.0099952,-30.9714481,Hardcore Bushcamp
Lakeside cabins & holiday village,150.5569468,-35.1954962,Commercial / Resort
Unnamed Campsite,152.8502788,-25.2909138,Hardcore Bushcamp
Surfside Cudmirrah Beach,150.5579152,-35.2009929,Commercial / Resort
Toora Tourist Park,146.3269474,-38.6615343,Commercial / Resort
Long Jetty Caravan Park,146.4516279,-38.6982071,Commercial / Resort
Jokers Flat Camping Area,147.4737873,-36.9433851,Hardcore Bushcamp
Murrenbong Scouts Campsite,152.9384918,-27.2340128,Hardcore Bushcamp
Keppel Sands Caravan Park,150.7885832,-23.3250936,Commercial / Resort
Honeymoon Bay Campground,150.7774165,-35.0576297,Hardcore Bushcamp
Grannies Hill Campsite,138.9203015,-35.559987,Hardcore Bushcamp
Mount Buffalo Caravan Park,146.8985979,-36.6929982,Commercial / Resort
Riverview Caravan Park,146.8959938,-36.6939335,Commercial / Resort
Mount Compass Caravan Park,138.6139476,-35.3617946,Hardcore Bushcamp
Tranquil Waters Cullulleraine,141.6031366,-34.2753005,Commercial / Resort
Bushmans Rest Caravan Park,141.5869728,-34.2724489,Commercial / Resort
Koolamurt Scout Camp,144.288363,-36.8024956,Hardcore Bushcamp
Marunbabidi Wilderness Lodge,126.1517513,-15.3995191,Hardcore Bushcamp
Marunbabidi Wilderness Camp,125.8420225,-14.8173841,Commercial / Resort
Highlands Caravan Park,145.1260207,-37.021463,Commercial / Resort
Ace Caravan Park,145.1218146,-37.0221504,Commercial / Resort
Woodside Central Caravan Park,146.8767027,-38.524029,Commercial / Resort
Unnamed Campsite,149.740204,-35.9685325,Hardcore Bushcamp
Unnamed Campsite,149.7408558,-35.9691749,Hardcore Bushcamp
Unnamed Campsite,149.7479165,-35.9580675,Hardcore Bushcamp
Unnamed Campsite,149.7407872,-35.9660094,Hardcore Bushcamp
Unnamed Campsite,149.7459791,-35.9389003,Hardcore Bushcamp
Unnamed Campsite,149.7490272,-35.9430343,Hardcore Bushcamp
Unnamed Campsite,149.7447854,-35.954115,Hardcore Bushcamp
Unnamed Campsite,149.7443642,-35.9614285,Hardcore Bushcamp
Unnamed Campsite,149.7445589,-35.9499735,Hardcore Bushcamp
Unnamed Campsite,149.7437184,-35.945056,Hardcore Bushcamp
Unnamed Campsite,149.7442676,-35.9668609,Hardcore Bushcamp
Unnamed Campsite,149.7476204,-35.9524842,Hardcore Bushcamp
Unnamed Campsite,149.7478346,-35.9712398,Hardcore Bushcamp
Unnamed Campsite,149.7460917,-35.9576824,Hardcore Bushcamp
Lady Northcote Recreation Camp,144.3156581,-37.7147438,Hardcore Bushcamp
Bungle Bungle Wilderness Camp,128.2941817,-17.5295442,Hardcore Bushcamp
Resort Lake Argyle Paradise,128.7404186,-16.112801,Hardcore Bushcamp
Mecca Caravan Park,151.5239178,-33.1502584,Commercial / Resort
Arderns Caravan Park,146.7290341,-36.5688817,Commercial / Resort
Pelican Caravan Park,143.0350494,-22.390287,Commercial / Resort
Wodonga Caravan & Cabin,146.8667123,-36.1120325,Commercial / Resort
Karratha Caravan Park,116.8588903,-20.766639,Commercial / Resort
Gracemere Caravan Park,150.4627131,-23.4247515,Commercial / Resort
McGregor Recreational Field,118.6173972,-20.3080423,Commercial / Resort
Mulloon Creek Camp Ground,149.5702799,-35.4380377,Hardcore Bushcamp
Discovery Holiday Parks – Hadspen,147.0700554,-41.5040173,Commercial / Resort
Albury Gardens Tourist Park,146.9579476,-36.0420992,Commercial / Resort
7 Knights Caravan Park,152.0167111,-29.0626145,Commercial / Resort
Craig's Caravan Park,152.0169651,-29.061648,Commercial / Resort
Glen Rest Caravan Park,151.7314968,-29.7708649,Commercial / Resort
Unnamed Campsite,150.5567328,-33.7238004,Hardcore Bushcamp
Moe Gardens Caravan Park,146.2504498,-38.1764479,Commercial / Resort
Big 4 Deniliquin Holiday Park,144.9277207,-35.5143713,Hardcore Bushcamp
Lismore Lake Caravan Park,153.2659261,-28.8363821,Commercial / Resort
Lower Gums - Centenary Park Campground,141.8499673,-36.7579179,Hardcore Bushcamp
The Pines - Centenary Park Campground,141.8481063,-36.7597754,Hardcore Bushcamp
Upper Gums - Centenary Park Campground,141.8485756,-36.7585282,Hardcore Bushcamp
Ballina Waterfront Village,153.5240112,-28.8654787,Commercial / Resort
Broken Head Holiday Park,153.6140697,-28.7058318,Commercial / Resort
Kalganyi Holiday Park,140.7934724,-37.8048639,Commercial / Resort
Sunrasia Holiday Park,142.098142,-34.228769,Commercial / Resort
Black Rocks Camping Area,153.3652178,-29.2513363,Hardcore Bushcamp
Brooms Head Caravan Park,153.3365452,-29.6072867,Commercial / Resort
Iluka Clarence Head Caravan Park,153.3571201,-29.4119547,Commercial / Resort
Maclean Riverside Caravan Park,153.2016811,-29.4493359,Commercial / Resort
Eumeralla Scout Camp,144.2146085,-38.3951229,Hardcore Bushcamp
The Homestead @ Lotus Creek,149.1032886,-22.3479558,Commercial / Resort
Traralgon Park Lane Holiday Park,146.4777724,-38.2152079,Commercial / Resort
Christmas Brook Confluence,116.1303304,-32.8357747,Hardcore Bushcamp
Country Gardens Caravan Park,145.2033268,-36.4414605,Commercial / Resort
Nabiac Caravan Park,152.383952,-32.0925776,Commercial / Resort
Kempsey Tourist Village,152.8324928,-31.1030645,Commercial / Resort
Tall Timbers Caravan Park,152.8326144,-31.1110018,Commercial / Resort
Clearwater By The Upper Murray Caravan Park,147.929046,-36.0468114,Commercial / Resort
Poochera Hotel Caravan Park,134.8370361,-32.7199976,Hardcore Bushcamp
Unnamed Campsite,153.2910987,-29.7553565,Hardcore Bushcamp
Diamond Waters Caravan Park,152.8030408,-31.6703886,Commercial / Resort
Illaroo North,153.2914661,-29.7566919,Hardcore Bushcamp
Illaroo South,153.2920166,-29.7587216,Hardcore Bushcamp
Indian Head Camping Area,152.7941664,-31.7304465,Hardcore Bushcamp
Kylie's Beach Campground,152.7915096,-31.735762,Hardcore Bushcamp
Kylies Hut Walk-In Camping Area,152.7917694,-31.7320254,Hardcore Bushcamp
Reflections Nambucca Heads - Holiday Park,153.0137889,-30.6373497,Hardcore Bushcamp
Urunga Waters Tourist Park,153.0043359,-30.4812925,Commercial / Resort
Moroochydore Beach Holiday Park,153.1041028,-26.6608303,Commercial / Resort
Rainbow Beach Holiday Village,153.0924853,-25.903532,Commercial / Resort
BIG4 Rainbow Beach Holiday Park,153.0602715,-25.8979851,Commercial / Resort
Lockhart Caravan Park,146.713077,-35.2199639,Hardcore Bushcamp
Reflections Massy Greene - Holiday Park,153.547507,-28.5362463,Commercial / Resort
Freemans Camping Area,151.6039252,-33.2006409,Hardcore Bushcamp
Lakeside Leisure Manuafactured Home Village,151.5588023,-33.1923126,Commercial / Resort
Moreton Telegraph Station Camping Ground,142.6392728,-12.4534794,Hardcore Bushcamp
Unnamed Campsite,115.7977542,-32.3094634,Commercial / Resort
Lithgow Tourist & Van Park,150.1290514,-33.4726707,Hardcore Bushcamp
Riverdale Caravan Park,152.3498331,-24.8609012,Hardcore Bushcamp
Glenlodge Caravan Village,152.3653554,-24.9063899,Commercial / Resort
Merriwa Caravan Park,150.3503516,-32.1385692,Hardcore Bushcamp
Peacefull Bay Caravan Park,116.9294606,-35.0390104,Hardcore Bushcamp
Lakes & Craters Holiday Park,143.115494,-38.2351294,Commercial / Resort
Dongara-Denison Beach Holiday Park,114.9229193,-29.2700768,Commercial / Resort
Koondrook Caravan Park,144.1333207,-35.6428478,Commercial / Resort
Reflections Mylestom - Holiday Park,153.0465534,-30.4630311,Commercial / Resort
Bellinger River Tourist Park,153.0201358,-30.4392281,Hardcore Bushcamp
Dorrigo Mountain Holiday Park,152.7157773,-30.3508447,Hardcore Bushcamp
Black Snake Creek East Campsite,147.1452939,-37.4426282,Hardcore Bushcamp
Black Snake Creek East Campsite,147.1448377,-37.4435821,Hardcore Bushcamp
Lakes Haven Caravan Park,147.9978813,-37.8772642,Commercial / Resort
Echo Beach Tourist Park,148.0014592,-37.874726,Commercial / Resort
Unnamed Campsite,146.1372655,-37.3049283,Hardcore Bushcamp
Emu Creek Retreat,152.471633,-28.826902,Hardcore Bushcamp
Walkerville Camping Reserve,146.0025659,-38.836946,Hardcore Bushcamp
NRMA Port Campbell Holiday Park,142.9949315,-38.6182593,Hardcore Bushcamp
Unnamed Campsite,138.1940495,-35.5236778,Hardcore Bushcamp
Unnamed Campsite,138.2186247,-35.5132057,Hardcore Bushcamp
Ashmore Palms Holiday Village,153.3877955,-27.9838682,Commercial / Resort
Southport Tourist Park,153.4075429,-27.9543166,Commercial / Resort
Blackheath Glen Tourist Park,150.2922107,-33.634685,Commercial / Resort
Great Lake Caravan Park,146.6763077,-41.9805968,Commercial / Resort
Oakwood Caravan Park,152.2923399,-24.8523431,Commercial / Resort
Bivouac Bay,147.974017,-43.1190251,Hardcore Bushcamp
Bright Pine Valley Tourist Park,146.9713109,-36.7309489,Commercial / Resort
Bethune Park,146.7303888,-42.5359315,Hardcore Bushcamp
Lighthouse Caravan Park,152.4084874,-24.763242,Commercial / Resort
Oaks Beach Caravan Park,152.4131747,-24.7703408,Commercial / Resort
Elliott Heads Holiday Park,152.4911404,-24.9202102,Commercial / Resort
Scone Caravan Park,150.866416,-32.0425707,Hardcore Bushcamp
Absolute Waterfront Tourist Park,152.4720155,-24.8339732,Commercial / Resort
NRMA Woodgate Beach Holiday Park,152.5662752,-25.1113477,Commercial / Resort
Korumburra Tourist Park,145.8308326,-38.4266925,Commercial / Resort
Midtown Caravan Park,152.3278993,-24.8786923,Commercial / Resort
Cane Village Holiday Park,152.3155496,-24.890506,Commercial / Resort
Unnamed Campsite,121.3282646,-28.8857027,Commercial / Resort
Adels Grove,138.5300932,-18.6902749,Commercial / Resort
Kooljaman at Cape Leveque,122.928837,-16.3947949,Hardcore Bushcamp
Middle Lagoon,122.5759636,-16.7734454,Hardcore Bushcamp
Unnamed Campsite,152.456061,-24.8993699,Commercial / Resort
Moore Park Beach Holiday Park,152.2788172,-24.7164074,Commercial / Resort
The Basin Camping Area,151.2312377,-33.1041951,Hardcore Bushcamp
Belongil Fields Caravan Park,153.5915749,-28.640164,Commercial / Resort
Discovery Parks Byron Bay,153.5944541,-28.6354886,Commercial / Resort
Cub Camping Area,144.6909496,-37.4155334,Hardcore Bushcamp
Cub Camping Area,144.6910789,-37.4155553,Hardcore Bushcamp
Cub Camping Area,144.6912731,-37.4154456,Hardcore Bushcamp
Leeton Caravan Park,146.4123325,-34.5665095,Commercial / Resort
An Oasis Holiday Park,146.4240751,-34.5658382,Hardcore Bushcamp
Macquarie Caravan Park,147.8397377,-31.6945107,Hardcore Bushcamp
Nyngan Leisure and Van Park,147.2084823,-31.5659814,Hardcore Bushcamp
Nyngan Riverside Tourist Park,147.180558,-31.5581945,Hardcore Bushcamp
Wanderers Crossing River Retreat,141.9184654,-34.1106228,Hardcore Bushcamp
Griffith Tourist Caravan Park,146.0463156,-34.2969962,Commercial / Resort
Dunphys Campground,150.2299213,-33.7896421,Hardcore Bushcamp
Greenhills Caravan Park,153.4019574,-28.3441017,Commercial / Resort
Ace Caravan Park,147.197943,-33.9230134,Commercial / Resort
West Wyalong Caravan Park,147.2107575,-33.9245779,Commercial / Resort
Double D Caravan Park,148.1853238,-32.7293174,Hardcore Bushcamp
Peak Hill Caravan Park,148.1907425,-32.7207308,Hardcore Bushcamp
Narrabri Big Sky Caravan Park,149.7845577,-30.3306086,Hardcore Bushcamp
El Paso Caravan Park,145.8420835,-38.121246,Commercial / Resort
Gwydir Motel & Caravan Park,149.8488903,-29.4860464,Commercial / Resort
Fossickers Rest Caravan Park,151.1373919,-29.7859353,Commercial / Resort
Fossicker Caravan Park,151.7362657,-29.7442158,Commercial / Resort
Blue Sapphire Caravan Park,151.7387933,-29.7273302,Hardcore Bushcamp
The Poplar Caravan Park,151.7367636,-29.7524313,Commercial / Resort
Discovery Parks - Casino,153.0623291,-28.862141,Commercial / Resort
Lismore Tourist Caravan Park,153.2828638,-28.8079131,Commercial / Resort
Henry White Oval,115.688472,-31.5448847,Hardcore Bushcamp
Dunbogan Caravan Park,152.816049,-31.6473431,Commercial / Resort
Big 4 Park Beach Holiday Park,153.135847,-30.2936862,Commercial / Resort
Shady Camp Camp Site,131.7259567,-12.4834592,Hardcore Bushcamp
Skenes Creek Beachfront Park,143.7132454,-38.7246741,Hardcore Bushcamp
Bellhaven Caravan Park,151.7363916,-32.7805056,Commercial / Resort
Heatherbrae Holiday Village,151.7225794,-32.7920276,Commercial / Resort
Windy Harbour Camping Ground,116.0261182,-34.8364074,Hardcore Bushcamp
Quirindi Caravan Park,150.6835397,-31.5108092,Hardcore Bushcamp
Mount Crozier Camping Area,141.7054795,-34.909705,Hardcore Bushcamp
Rocket Lake Camping Area,141.831594,-34.6381399,Hardcore Bushcamp
Balranald Caravan Park,143.5652189,-34.6441553,Commercial / Resort
Granites Motel Caravan Park,142.0090108,-29.4339904,Commercial / Resort
Broken Hill Tourist Park,141.4365571,-31.9615225,Commercial / Resort
Bimbi Park,143.5138221,-38.8348457,Commercial / Resort
Gulargambone Caravan Park,148.4696507,-31.3311274,Commercial / Resort
BIG4 Opal Holiday Park,147.9956639,-29.4258033,Commercial / Resort
Lightning Ridge Caravan Park,147.9820974,-29.4286793,Commercial / Resort
Lightning Ridge Outback Resort Caravan Park,147.9727901,-29.428714,Commercial / Resort
Crocodile Caravan & Camping Park,147.9748654,-29.4288737,Hardcore Bushcamp
Alice Atkinson Sandstone Caravan Park,119.2970758,-27.9901769,Commercial / Resort
Glenmack Caravan Park,150.5380865,-34.7370643,Commercial / Resort
Bungendore Showground,149.410611,-35.2433009,Commercial / Resort
Gambells Rest Campground,150.2963252,-34.6685042,Hardcore Bushcamp
NRMA Dubbo City Holiday Park,148.5963654,-32.2456487,Commercial / Resort
Western Plains Tourist Park,148.5987198,-32.2513823,Commercial / Resort
Brisbane Gateway Resort,153.1110367,-27.5909899,Commercial / Resort
NRMA Merimbula Beach Holiday Resort,149.9300975,-36.8875048,Commercial / Resort
Unnamed Campsite,150.1311407,-36.0820846,Hardcore Bushcamp
Moruya Holiday Park,150.0802249,-35.9045297,Hardcore Bushcamp
Lake Hamilton Caravan Park,142.0334913,-37.7431179,Commercial / Resort
Sharp Park Camping Ground,153.1887272,-28.049708,Commercial / Resort
Batemans Bay Marina Resort,150.1931398,-35.7180522,Commercial / Resort
NRMA Batemans Bay Holiday Resort,150.1965819,-35.7269812,Commercial / Resort
BIG4 Batemans Bay At East's Riverside Holiday Park,150.1822727,-35.7032464,Commercial / Resort
Discovery Parks - Clare,138.6210933,-33.8650796,Hardcore Bushcamp
Berry Showground,150.6947555,-34.7795276,Hardcore Bushcamp
San Remo Beachfront Caravan Park,145.3669825,-38.5249361,Commercial / Resort
Hebron Christadelphian Bible Camp (Private),138.8378406,-34.6291542,Hardcore Bushcamp
Rosebery Caravan Park,145.5347592,-41.7770746,Commercial / Resort
Sugar Bowl Tourist Park & Backpackers,152.2644977,-25.2356587,Commercial / Resort
Unnamed Campsite,152.2644977,-25.2356587,Commercial / Resort
Miara Holiday Park,152.2004495,-24.6678172,Commercial / Resort
Copley Caravan Park,138.4227537,-30.5560318,Commercial / Resort
Triabunna Takeaway Campground,147.9151748,-42.508973,Hardcore Bushcamp
Oasis Caravan Park,151.4931941,-33.2524565,Commercial / Resort
Boomi Co-Op Caravan Park,149.5785424,-28.7250762,Commercial / Resort
Unnamed Campsite,153.1323706,-28.229506,Hardcore Bushcamp
Unnamed Campsite,150.7992183,-34.218925,Hardcore Bushcamp
Tatachilla Lutheran Camp,138.5193732,-35.2216689,Hardcore Bushcamp
Gillard's Campground,150.001418,-36.660068,Hardcore Bushcamp
Middle Beach,150.0129918,-36.6439669,Hardcore Bushcamp
Unnamed Campsite,148.1402461,-37.7741355,Hardcore Bushcamp
Childers Central Caravan Park,152.2883056,-25.2384898,Commercial / Resort
Brou Lake Campground,150.1240176,-36.1294605,Hardcore Bushcamp
Phoenix Park,144.1978999,-37.591537,Commercial / Resort
Ningaloo Coral Bay - Bayview,113.7729818,-23.1428203,Commercial / Resort
Bremer Bay Beaches Resort Tourist Park,119.3743381,-34.4264271,Commercial / Resort
Foreshore Caravan Park,152.9979954,-30.6501061,Commercial / Resort
Turpentine Camping Area,151.3371177,-33.0614105,Hardcore Bushcamp
Goughs Bay Caravan Park,146.0664129,-37.1871724,Commercial / Resort
S-Bend Caravan Park,114.7729994,-28.9849713,Commercial / Resort
Horrocks Beach Caravan Park,114.4309292,-28.380363,Commercial / Resort
Unnamed Campsite,152.5928775,-31.9683174,Hardcore Bushcamp
Port Gregory Caravan Park,114.2521378,-28.188262,Commercial / Resort
Tasman Holiday Park,114.1683331,-27.7081504,Commercial / Resort
Billabong Homestead Hotel Motel,114.6146782,-26.817711,Commercial / Resort
Pink Lake Tourist Park,121.8697304,-33.8573687,Commercial / Resort
Cape Le Grand Campground (Cape Le Grand Beach),122.1197504,-33.9779306,Hardcore Bushcamp
Blue Dolphin Caravan Park and Holiday Village,113.5377502,-25.9286245,Commercial / Resort
Shark Bay Caravan Park,113.5380757,-25.9249979,Commercial / Resort
Nanga Bay Resort,113.805879,-26.255035,Commercial / Resort
Valla Beach Holiday Park,153.0050864,-30.6042517,Commercial / Resort
Tasman Holiday Parks - Nambucca Heads,153.0118174,-30.6289298,Commercial / Resort
Boorkoom Campground,153.2913878,-29.8199436,Hardcore Bushcamp
Shelley Head Campground,153.3592436,-29.5253032,Hardcore Bushcamp
Garden of Eden Caravan Park,149.9046932,-37.0546321,Commercial / Resort
Merimbula Lake Holiday Park,149.8758754,-36.9075412,Commercial / Resort
SeaChange Parks Milton - Milton Valley Holiday Park,150.4467935,-35.3289707,Commercial / Resort
Mollymook Caravan Park,150.465311,-35.3409162,Commercial / Resort
Peppermints campsite,116.65307,-35.0448583,Hardcore Bushcamp
Bodalla Forest Park Rest Area,150.0958079,-36.1508628,Hardcore Bushcamp
Allenvale Mill Camp Site,143.95966,-38.5502496,Hardcore Bushcamp
Hamelin Pool Caravan Park,114.1658074,-26.4004811,Commercial / Resort
Murray Bridge Marina Camping and Caravan Park,139.3017837,-35.1342657,Commercial / Resort
Herberts Camping Area,143.8961125,-38.4889553,Hardcore Bushcamp
Dongara-Denison Tourist Park,114.9179288,-29.278614,Commercial / Resort
Prevelly Caravan Park,114.9948273,-33.9806972,Commercial / Resort
Creswick Caravan Park and Camping Ground,143.8905085,-37.4179765,Commercial / Resort
Leander Reef Holiday Park,114.9248974,-29.2681332,Commercial / Resort
Ingenia Holidays Bonny Hills,152.8373428,-31.586122,Commercial / Resort
Reflections Bonny Hills - Holiday Park,152.8403282,-31.5913341,Hardcore Bushcamp
Alex Beach Cabins and Tourist Park,153.1032389,-26.6663102,Commercial / Resort
Governor's Hill Carapark,149.7515796,-34.7478919,Commercial / Resort
Carnamah Caravan Park,115.8917116,-29.6855261,Commercial / Resort
Coorow Caravan Park,116.0168334,-29.8803963,Commercial / Resort
Ada River,148.8933219,-37.404196,Hardcore Bushcamp
Jorgenson Flat,146.4126847,-37.7486164,Hardcore Bushcamp
Riverside Cabin Park,145.3932885,-36.4057845,Commercial / Resort
Unnamed Campsite,149.7353315,-35.9442238,Hardcore Bushcamp
Ballidu Caravan Park,116.772691,-30.5950175,Commercial / Resort
Beverley Caravan Park,116.9241028,-32.1080312,Commercial / Resort
Mooloolaba Beach Holiday Park,153.122843,-26.6826773,Commercial / Resort
Calypso,153.3592771,-29.4345067,Commercial / Resort
Nerang Caravan Park,153.3374563,-27.9937119,Commercial / Resort
Dargo River Inn,147.2547081,-37.4718118,Hardcore Bushcamp
Frenchs Farm,148.0479315,-42.6511305,Hardcore Bushcamp
Encampment Cove Campsite,148.0371389,-42.6633242,Hardcore Bushcamp
Crowdy Bay Eco Resort,152.7417905,-31.8428605,Hardcore Bushcamp
Strayleaves Caravan Park,145.4212536,-36.3783221,Commercial / Resort
Heany Park Scout & Guide Camp,145.2540199,-37.9391968,Hardcore Bushcamp
Newdegate Motel & Caravan Park,119.0289071,-33.091561,Commercial / Resort
BIG4 Caloundra Holiday Park,153.124825,-26.8054532,Commercial / Resort
Kioloa Beach Holiday Park,150.379944,-35.5548857,Commercial / Resort
Lake Yealering Caravan Park,117.6228319,-32.595071,Commercial / Resort
RACV Inverloch Resort,145.6845393,-38.6483492,Commercial / Resort
Cootamundra Caravan Park,148.021726,-34.6385035,Commercial / Resort
Peacock Creek Camping Area,152.715806,-28.6596359,Hardcore Bushcamp
Unnamed Campsite,153.3664842,-27.8827354,Commercial / Resort
Somerset Gardens and Tourist Park,145.8214071,-41.0355708,Commercial / Resort
BIG4 Nelligen Holiday Park,150.1360115,-35.644415,Commercial / Resort
Griffith Caravan Village,146.0762131,-34.2959525,Commercial / Resort
BIG4 Hay Plains Holiday Park,144.8439659,-34.5186699,Commercial / Resort
Unnamed Campsite,153.118186,-26.8335771,Commercial / Resort
Harrismith Caravan Park,117.8626771,-32.9357653,Commercial / Resort
Samaldo Caravan Park,151.3749939,-33.508893,Commercial / Resort
Unnamed Campsite,150.3881339,-34.9178963,Hardcore Bushcamp
Yalwal Campground,150.3846433,-34.922611,Hardcore Bushcamp
Wingello State Forest Camping Area,150.1895847,-34.7159062,Hardcore Bushcamp
Charleyong Crossing,149.8910078,-35.2461699,Hardcore Bushcamp
Wyanbene Caves,149.6830769,-35.7948318,Hardcore Bushcamp
Cowra Van Park,148.6854356,-33.8352551,Hardcore Bushcamp
Flinders Island Cabin Park,148.0077354,-40.0942162,Commercial / Resort
Summerhill Park,151.5771039,-33.0669032,Commercial / Resort
Shady Acre Caravan Park,116.8823323,-33.0321658,Commercial / Resort
Greenes Creek PWS Camping Area,144.7524959,-41.3320259,Hardcore Bushcamp
Pebbly Beach Camp Ground,153.2567525,-29.9453468,Hardcore Bushcamp
Lake Tinaroo Holiday Parks,145.5455724,-17.170975,Commercial / Resort
Lake Macquarie Village,151.4771586,-33.0995194,Commercial / Resort
Gilgandra Caravan Park,148.6708923,-31.7141957,Commercial / Resort
Mitchell Caravan Park,145.9507281,-30.0902482,Hardcore Bushcamp
Twilight Caravan Park,152.4685447,-31.9378093,Commercial / Resort
Revival Fellowship Camp Site,138.3292785,-35.4327316,Hardcore Bushcamp
Unnamed Campsite,126.380897,-15.7016171,Hardcore Bushcamp
Stanthorpe Holiday Park,151.9052593,-28.6968991,Commercial / Resort
Rainbow Flat Caravan Park,152.4729043,-32.0105782,Commercial / Resort
Porcupine Gorge Campground,144.4603478,-20.3451034,Hardcore Bushcamp
Longreach Caravan Park,144.2422052,-23.4460592,Commercial / Resort
Unnamed Campsite,139.6171767,-34.3542159,Commercial / Resort
Riverside Caravan Park,152.5919861,-31.8768068,Hardcore Bushcamp
Lakeview Caravan Park,143.1464115,-20.7347669,Commercial / Resort
Pinewood Caravan Park,141.634213,-38.1240691,Commercial / Resort
Cooks Mill Campground - Cathedral Range State Park,145.760539,-37.3797948,Hardcore Bushcamp
Tin Hut Camping Area,145.8628539,-37.3251621,Hardcore Bushcamp
Thornton Caravan Park,145.7992392,-37.2537119,Commercial / Resort
Tent Lines,146.9822501,-41.02995,Hardcore Bushcamp
Unnamed Campsite,150.8569584,-33.8426899,Hardcore Bushcamp
Sydney International Equestrian Centre Campsite,150.8581994,-33.8478617,Hardcore Bushcamp
Manning River Camping Area,151.491349,-31.87898,Hardcore Bushcamp
Doon Reserve Caravan Park,145.6088866,-37.7714484,Commercial / Resort
Hidden Valley Tourist Park,130.9169896,-12.4364135,Commercial / Resort
Old Kowen Homestead Camping Area,149.2871162,-35.2887027,Hardcore Bushcamp
Birubi Sands,152.0727955,-32.7711807,Commercial / Resort
Yamba Waters Caravan Park,153.3415741,-29.4393637,Commercial / Resort
Pelican Caravan Park,152.9752713,-30.6790009,Commercial / Resort
Grafton Sunset Caravan Park,152.9148063,-29.694793,Commercial / Resort
Beechworth Holiday Park,146.707591,-36.3688952,Commercial / Resort
Dangars Gorge Campground,151.7260211,-30.6724414,Hardcore Bushcamp
Active Holidays BIG4 Soldiers Point,152.0699634,-32.7115827,Commercial / Resort
Unnamed Campsite,148.4139283,-37.0820559,Hardcore Bushcamp
Tomago Village Van Park,151.6980512,-32.8202546,Commercial / Resort
Wilderness Retreats,148.7504571,-37.7946679,Hardcore Bushcamp
Conran Cabins,148.7530618,-37.7940325,Hardcore Bushcamp
Clunes Caravan Park,143.7871447,-37.2924956,Commercial / Resort
Heritage Village Toukley,151.5485111,-33.2817025,Commercial / Resort
Murlanda Campground,113.822927,-22.9764229,Hardcore Bushcamp
The Pines Campground,147.2466701,-43.4376175,Hardcore Bushcamp
Mount Ive Station,136.068494,-32.438686,Hardcore Bushcamp
Unnamed Campsite,135.3671706,-31.4725158,Hardcore Bushcamp
Shady sites,135.3445714,-31.3422684,Hardcore Bushcamp
Pyrenees Caravan Park,142.9506521,-37.270432,Commercial / Resort
Baden Powell Park Scout Campsight,152.893619,-27.3753933,Hardcore Bushcamp
Tumbarumba Caravan Park,148.0083142,-35.7724293,Commercial / Resort
Dangar Falls Lodge,152.715434,-30.3218237,Hardcore Bushcamp
Wyoming Caravan Park,151.349916,-33.4051015,Commercial / Resort
Gascoyne River (South Branch) / Doolgunna,119.2373565,-25.5792487,Hardcore Bushcamp
Binna Burra Mountain Lodge Campsite,153.1872425,-28.1981616,Hardcore Bushcamp
Wallace Motel & Caravan Park Maryborough,152.6884252,-25.5422015,Commercial / Resort
Blairs Hut Picnic Area,145.1292517,-37.4190585,Hardcore Bushcamp
Ringers Rest RV Park,145.4541312,-17.0331639,Hardcore Bushcamp
Opalton Bush Park,142.7624769,-23.245578,Hardcore Bushcamp
Unnamed Campsite,125.3323569,-25.5492454,Hardcore Bushcamp
Unnamed Campsite,124.6637021,-25.1746493,Hardcore Bushcamp
Roma Aussie Tourist Park,148.7977047,-26.5752097,Commercial / Resort
Maine Caravan Park,150.7418908,-23.1301193,Commercial / Resort
Clarence River Wilderness Lodge,152.3756882,-28.6888661,Hardcore Bushcamp
Bell Park Caravan Park,150.8246513,-23.2540101,Commercial / Resort
Island View Caravan Park,150.7919346,-23.2173633,Commercial / Resort
NRMA Capricorn Yeppoon Holiday Park,150.7889096,-23.1848806,Commercial / Resort
Coolwater Holiday Park,150.7857626,-23.2058133,Commercial / Resort
Causeway Caravan Park,150.7871967,-23.1978597,Commercial / Resort
Coward Springs,136.8141894,-29.4012192,Commercial / Resort
Turtle Sands Caravan Park,152.4437963,-24.8000559,Commercial / Resort
River Bend Camping Ground,153.1871503,-28.0491042,Commercial / Resort
Spring Gully Stays,153.1167831,-28.1090838,Commercial / Resort
Bigriggen Camping & Caravan Park,152.780216,-28.1979588,Commercial / Resort
Flanagan Reserve Bush Camping,152.76517,-28.2148731,Hardcore Bushcamp
Cooloola Cabins & Caravan Park,152.7217279,-26.3044533,Commercial / Resort
Bellbird Campsite,140.1752392,-33.7041288,Hardcore Bushcamp
Thomas S J Myers Campsite,140.1231907,-33.7613836,Hardcore Bushcamp
Babbler Campsite,140.1532995,-33.7599349,Hardcore Bushcamp
Sitella Campsite,140.0327333,-33.7444798,Hardcore Bushcamp
Paradise Bridge Tourist Park,150.937797,-31.1002201,Commercial / Resort
Ingenia Holiday Parks Murray Bend,145.5326622,-35.8123362,Commercial / Resort
Broken River Bush Camp,148.5055782,-21.1674151,Hardcore Bushcamp
Mt Nimmel Lodge Campground,153.3189185,-28.1367384,Commercial / Resort
Woodford Showgrounds,152.7682937,-26.9456558,Hardcore Bushcamp
Tenterfield Lodge Caravan Park,152.0065374,-29.0534995,Commercial / Resort
Lorne Foreshore Caravan Park - Kia Ora,143.9721272,-38.5345497,Commercial / Resort
Unnamed Campsite,150.178072,-35.7167591,Commercial / Resort
Unnamed Campsite,150.2012827,-35.7320558,Commercial / Resort
Rio Rita Caravan Park,150.1836475,-35.7026938,Commercial / Resort
Eucla Pass Caravan Park,128.8818774,-31.6783797,Commercial / Resort
Mann River Caravan Park,152.5514988,-29.5774801,Commercial / Resort
Mount Warning Holiday Park,153.3236746,-28.3890249,Commercial / Resort
Springsure Roadhouse and Caravan Park,148.0978291,-24.1241248,Commercial / Resort
Rubyvale Caravan Park,147.6978551,-23.4186616,Hardcore Bushcamp
Clayton Bay Riverside Holiday Park,138.9217789,-35.49241,Hardcore Bushcamp
Free night park,114.0031232,-22.495337,Hardcore Bushcamp
Scamander Kookaburra Caravan Park,148.2635217,-41.4510351,Commercial / Resort
Lakeview Caravan Park,153.3717105,-27.8967748,Commercial / Resort
Deloraine Apex Caravan Park,146.6525539,-41.5275388,Commercial / Resort
Salamander Bay Village,152.0726932,-32.7181782,Commercial / Resort
SS Dorrigo,153.0719551,-25.8190068,Hardcore Bushcamp
MV Natone,153.0684961,-25.8140619,Hardcore Bushcamp
MV Beagle,153.0632433,-25.8100208,Hardcore Bushcamp
MV Sarawak,153.0596899,-25.8098585,Hardcore Bushcamp
Unnamed Campsite,146.6128076,-36.1520295,Commercial / Resort
Western KI Caravan Park,136.8086505,-35.959853,Commercial / Resort
Rum Jungle,152.6909576,-28.281837,Hardcore Bushcamp
Mittagong Holiday Park,150.4578768,-34.4461462,Commercial / Resort
Hillcrest Holiday Park,152.6083525,-25.1855052,Commercial / Resort
Road Nite Caravan Park,147.995265,-37.8766593,Commercial / Resort
Monkey Mia Caravan Park,113.7160892,-25.7941427,Commercial / Resort
Waterfall Creek Reserve,152.6679027,-28.2049388,Hardcore Bushcamp
Fitzroy Island Campsite,145.9901864,-16.929143,Hardcore Bushcamp
2nd Castlemaine Scout Camp,144.2497699,-37.1124125,Hardcore Bushcamp
Unpowered,138.6127245,-35.5603771,Hardcore Bushcamp
Benalla Leisure Park,146.007334,-36.5424534,Commercial / Resort
Riverside Cabin and Van Park,150.8852716,-32.267358,Commercial / Resort
Mount Werong Campground,149.9264783,-34.0784344,Hardcore Bushcamp
Wulwunj,132.8903827,-12.0922184,Hardcore Bushcamp
Hillview Caravan Park,140.372058,-37.6113553,Commercial / Resort
Huntsville Caravan Park,152.6854232,-25.5451262,Commercial / Resort
Rat-A-Tat remote bush camp,153.1655773,-28.2909605,Hardcore Bushcamp
Campround 1 (No Generators),132.1724408,-11.1310316,Hardcore Bushcamp
Darlington Park Camping Ground,153.0405455,-28.1851685,Hardcore Bushcamp
First Bay Camping Area,153.0046446,-30.6597358,Hardcore Bushcamp
Second Bay Camping Area,152.9989476,-30.6690314,Hardcore Bushcamp
Mill Creek Campsite,147.9677415,-43.142695,Hardcore Bushcamp
Edgar Campground,146.3499285,-43.0306305,Hardcore Bushcamp
Keppel Creek Camping Area,145.7570416,-37.4475389,Hardcore Bushcamp
Camp Site 4,152.8403233,-28.1576082,Hardcore Bushcamp
Camp site 7,152.8395938,-28.1558965,Hardcore Bushcamp
Camp Site 6,152.8403502,-28.1561383,Hardcore Bushcamp
Camp Site 8,152.843642,-28.1560059,Hardcore Bushcamp
Camp Site 13,152.8367485,-28.1668781,Hardcore Bushcamp
Camp Site 14,152.8363774,-28.1675038,Hardcore Bushcamp
Lake Paluma Camp Site,146.1484977,-18.9564568,Hardcore Bushcamp
Lake Paluma Camp Site,146.150402,-18.9558183,Hardcore Bushcamp
Discovery Parks Tannum Sands,151.3765237,-23.9553536,Commercial / Resort
Camp Site 1,152.8407841,-28.1666504,Hardcore Bushcamp
Camp Site 2,152.8397812,-28.1587429,Hardcore Bushcamp
Camp Site 10,152.8489212,-28.1516434,Hardcore Bushcamp
Island Lagoon Lookout,136.9235438,-31.3793343,Hardcore Bushcamp
Albury Holiday Park,146.9522502,-36.0414702,Commercial / Resort
Boggabri Caravan Park,150.0451946,-30.7083238,Commercial / Resort
Discovery Holiday Parks - Argylla (BIG4),139.5157903,-20.7221213,Commercial / Resort
Melrose Campground,138.1859621,-32.8236878,Hardcore Bushcamp
Two Mile Creek,147.2522361,-37.4016784,Hardcore Bushcamp
Red Bluff Campsite,113.4523928,-24.0279036,Hardcore Bushcamp
Minilya,114.0096885,-23.8172335,Hardcore Bushcamp
House Creek Bridge,116.0373271,-22.4644203,Hardcore Bushcamp
RIP Lookout,117.8959311,-22.6771446,Hardcore Bushcamp
Whim Creek Free Campsite,117.8357878,-20.8394843,Hardcore Bushcamp
"West Peawah River Rest Area, 24 hour stopping",118.0681005,-20.8474289,Hardcore Bushcamp
The Farm;Private Property,147.2875124,-37.3817273,Hardcore Bushcamp
Oxyley Anchorage Caravan Park,152.6829685,-31.8714579,Commercial / Resort
Spotted Tiger Campground,134.9198932,-23.0388879,Hardcore Bushcamp
Walkamin Central Van Park,145.4288843,-17.1330552,Commercial / Resort
Cave Beach Camping Area,150.6671875,-35.1608031,Hardcore Bushcamp
Broadwater Caravan Park,153.4113799,-27.9568082,Commercial / Resort
BIG4 Ingenia Holidays Broulee,150.1742371,-35.8572465,Commercial / Resort
Lake Hume Tourist Park,147.0380705,-36.1046536,Commercial / Resort
Bushland Holiday Park,152.5201849,-32.376723,Commercial / Resort
Wallace Rockhole Tourist Park,133.0868057,-24.1259053,Hardcore Bushcamp
Kaltukatjara Campground,129.0616613,-24.8656363,Hardcore Bushcamp
Wollongong Surf Leisure Resort,150.9069797,-34.3905685,Commercial / Resort
Rochester Riverside Holiday Park,144.7046826,-36.3614442,Commercial / Resort
Merool on the Murray,144.730016,-36.1142321,Commercial / Resort
Wild Bull Camping Area,152.5130336,-31.245928,Hardcore Bushcamp
Habitat Noosa Everglades EcoCamp,152.9990519,-26.2538068,Hardcore Bushcamp
Ingenia Holidays Rivershore,153.0452921,-26.6360491,Commercial / Resort
Harrington Beach Holiday Park,152.6957667,-31.86959,Hardcore Bushcamp
Blackbird Flat Camping Ground,152.36286,-30.7630939,Hardcore Bushcamp
Lake Moorgerah Caravan Park,152.5508828,-28.0449013,Hardcore Bushcamp
Little River Walk-in Camping Area,144.2678387,-37.8168256,Hardcore Bushcamp
Widgiemooltha Tavern & Roadhouse,121.5783383,-31.4957706,Commercial / Resort
Pottsville South Holiday Park,153.5658014,-28.390137,Hardcore Bushcamp
Unnamed Campsite,141.8409478,-37.2463644,Hardcore Bushcamp
Angusvale Camp Ground,147.3528155,-37.5914755,Hardcore Bushcamp
Koonawarra Family Holiday Park,148.0046206,-37.8760292,Commercial / Resort
Unnamed Campsite,131.245764,-14.0055946,Hardcore Bushcamp
Boyd River Camping Area,150.0563543,-33.9710722,Hardcore Bushcamp
The Sink campground,149.6582349,-34.0975275,Hardcore Bushcamp
The Beach campground,149.6352078,-34.1293208,Hardcore Bushcamp
Silent Creek campground,149.6782563,-34.1579749,Hardcore Bushcamp
Private Town Campground,150.2107799,-34.1165329,Hardcore Bushcamp
Batsh Camp,150.0925201,-34.1437687,Hardcore Bushcamp
Unnamed Campsite,115.3534442,-33.6452382,Commercial / Resort
Left of Field Camping Gardens,146.7159765,-42.6885654,Hardcore Bushcamp
Flaxton Walkers Camp,152.8594708,-26.6543182,Hardcore Bushcamp
Ubajee Walkers Camp,152.8299855,-26.603899,Hardcore Bushcamp
Thilba Thalba Walkers Camp,152.795397,-26.5903678,Hardcore Bushcamp
90 Mile Beach Holiday Retreat,147.5152005,-38.1169788,Commercial / Resort
Bivouac Junction,146.4347381,-19.9836642,Commercial / Resort
Lake Hart Lookout,136.4053442,-31.233569,Hardcore Bushcamp
Glendambo Outback Resort and Tourist Centre,135.7524082,-30.970111,Commercial / Resort
Unnamed Campsite,130.6227088,-12.7152759,Hardcore Bushcamp
Crab Claw Island Resort,130.6226139,-12.7077697,Commercial / Resort
Whitewater Wall Camp Site,148.3389273,-42.1046645,Hardcore Bushcamp
Badgers Wood Campground,153.0528711,-26.3999022,Hardcore Bushcamp
Careys Reserve,148.6738366,-35.091921,Hardcore Bushcamp
McArthur River Caravan Park,136.3082793,-16.0699613,Commercial / Resort
Grants Lagoon - Bay of Fires Cons Area,148.2894425,-41.2539363,Hardcore Bushcamp
Dora Point Camping Area - Humbug Point Nature Rec Area,148.3263804,-41.2772566,Hardcore Bushcamp
Heifer Creek,152.0900206,-27.7491295,Hardcore Bushcamp
Reflections Burrinjuck Waters Holiday Park,148.6212873,-34.9810715,Hardcore Bushcamp
Land of the Giants Caravan Park,146.7161268,-42.684873,Hardcore Bushcamp
Duke of Orleans,122.5782969,-33.9256969,Commercial / Resort
Frank Potts Reserve,139.0425856,-35.2990297,Hardcore Bushcamp
Richmond Caravan Park,147.4252062,-42.7372568,Commercial / Resort
Wicked Campervan Hire,144.9171966,-37.8008257,Commercial / Resort
New Norcia self-contained Caravans Site,116.2145131,-30.9746777,Hardcore Bushcamp
Rosebud Foreshore Section 9,144.8971815,-38.3572044,Commercial / Resort
BIG4 Taggerty Holiday Park,145.712133,-37.3176794,Commercial / Resort
Unnamed Campsite,145.7094463,-37.240022,Commercial / Resort
Rocks Ferry Reserve,152.7453904,-31.4521421,Hardcore Bushcamp
Mullaley Park,149.9098039,-31.0973323,Hardcore Bushcamp
Two Camel Creek Rest Area,118.8162447,-21.6658854,Hardcore Bushcamp
Big 4 Holiday Park,144.1805073,-38.4092432,Hardcore Bushcamp
Granthams Bend Campground,146.4179484,-35.980165,Hardcore Bushcamp
Saunders Park,146.6040185,-19.1540335,Hardcore Bushcamp
Windjana Gorge Campground / Bandilngan Campground,124.9418865,-17.4126067,Hardcore Bushcamp
Windjana Gorge National Park,124.9432679,-17.4145627,Hardcore Bushcamp
Balgal Beach Rest Area,146.405222,-19.0102731,Hardcore Bushcamp
Coonalpyn Soldiers Memorial Caravan Park,139.8568068,-35.6929547,Commercial / Resort
Millicent Lakeside Caravan Park,140.3387028,-37.5911139,Commercial / Resort
Marryat Creek Rest Area,133.201567,-26.3413628,Hardcore Bushcamp
Marryat Creek North Rest Area,133.1891936,-26.2783497,Hardcore Bushcamp
Pinaroo Leisure Park,150.9067672,-32.2806689,Commercial / Resort
Elliot Ridge Great Ocean Walk Campsite,143.612825,-38.7912154,Hardcore Bushcamp
Aysons Reserve,144.670798,-36.4586652,Hardcore Bushcamp
Bulahdelah,152.2051053,-32.4139276,Commercial / Resort
Unnamed Campsite,152.9207134,-30.7093303,Commercial / Resort
Muttaburra Camping Ground,144.5521527,-22.5935362,Commercial / Resort
Mortlake Caravan Park,142.8091285,-38.0842369,Commercial / Resort
Beauty Point Tourist Park,146.8081368,-41.1444699,Hardcore Bushcamp
Reservoir Campsite,145.1929243,-37.1205749,Hardcore Bushcamp
North Tent Hill Rest Area,137.54581,-32.2417652,Hardcore Bushcamp
Unnamed Campsite,137.4795714,-32.1734898,Hardcore Bushcamp
Ranges View Rest Area,137.4447426,-32.0343083,Hardcore Bushcamp
Unnamed Campsite,137.3275901,-31.8390489,Hardcore Bushcamp
Unnamed Campsite,138.1708762,-33.3911414,Hardcore Bushcamp
Port Germein South Rest Area 1,138.0301836,-33.0423555,Hardcore Bushcamp
Mambray Creek Rest Area,137.982096,-32.8462892,Hardcore Bushcamp
BIG4 Wagga Wagga Holiday Park,147.3895119,-35.119878,Commercial / Resort
The Pines Camping Area,150.0292307,-31.743481,Hardcore Bushcamp
Dolphin Point Tourist Park,150.4441036,-35.3935283,Commercial / Resort
Cox's Creek Camping Area,150.0107297,-31.7326048,Hardcore Bushcamp
The Barracks Camping Area,150.0153884,-31.7309774,Hardcore Bushcamp
Little Beach Camping Area,151.4180151,-33.5104424,Hardcore Bushcamp
McNamara Park,151.100171,-32.7467011,Hardcore Bushcamp
Unnamed Campsite,145.6468972,-16.7263022,Hardcore Bushcamp
unpowered sites,140.5484848,-34.4483707,Hardcore Bushcamp
Putty Beach Camping Area,151.3714236,-33.5274713,Hardcore Bushcamp
The Forest Camp,146.1789795,-36.2216241,Hardcore Bushcamp
Hawker Caravan Park,138.4130437,-31.8848433,Commercial / Resort
Stawell Park Caravan Park,142.7923147,-37.096662,Commercial / Resort
Lake Cobbler,146.6266616,-37.0508597,Hardcore Bushcamp
Reflections Brunswick Heads,153.5502122,-28.5427639,Commercial / Resort
Unnamed Campsite,152.9390269,-29.6657807,Commercial / Resort
Tropic Breeze Caravan Park,145.4657876,-16.4880336,Commercial / Resort
"""The Pines"" Scout Camp, 4th Altona",144.8511127,-37.8610037,Hardcore Bushcamp
Calliope River RA,151.1531849,-23.9608778,Hardcore Bushcamp
Baroota Ruins Campground,138.0167566,-32.8415792,Hardcore Bushcamp
Mambray Creek campground,138.0374791,-32.8397514,Hardcore Bushcamp
Gawler Caravan Park,138.7457201,-34.5916876,Commercial / Resort
The Tooma Inn,148.058229,-35.9678201,Hardcore Bushcamp
Tasman Holiday Parks Lake Mulwala,146.0648341,-35.9776283,Commercial / Resort
Reflections Eden - Holiday Park,149.9151245,-37.0512241,Commercial / Resort
Kelso Sands Holiday Park,146.7818636,-41.0926728,Commercial / Resort
McIver Campground,146.7188415,-36.9285208,Hardcore Bushcamp
Unnamed Campsite,146.8120327,-37.1874505,Hardcore Bushcamp
Wonnangatta Caravan Park,147.1999799,-37.5080465,Commercial / Resort
BIG4 Holiday Resort,153.0110825,-26.6944126,Commercial / Resort
Big 4 Discovery Park,142.4737765,-38.3944065,Commercial / Resort
Proserpine Tourist Park,148.5713599,-20.404683,Commercial / Resort
Proserpine Tourist Park,148.5720865,-20.4053386,Commercial / Resort
Karingal Scout Campsite,153.2218882,-27.6040279,Hardcore Bushcamp
Warrnambool Holiday Village,142.4778745,-38.377888,Commercial / Resort
Newcarlbeon Rock Camping Ground,117.4180231,-30.6666288,Hardcore Bushcamp
Sun Siesta Caravan Park,142.0950066,-34.2337055,Commercial / Resort
Beringbooding Rock Camping Ground,118.4922438,-30.5583991,Hardcore Bushcamp
Ingenia Holiday Park Orana,145.6208795,-38.6723997,Commercial / Resort
Venice Caravan Park,150.1999411,-33.5600012,Commercial / Resort
Camp Moogerah,152.5616026,-28.0295988,Hardcore Bushcamp
Mycow Freedom Campground,149.1464547,-21.2126419,Hardcore Bushcamp
Waratah Beach Camp,146.0632276,-38.8106729,Hardcore Bushcamp
Murray River Caravan Park,143.1470964,-34.7165234,Commercial / Resort
Mollerin Rock Camping Ground,117.5664837,-30.5382558,Hardcore Bushcamp
Glen Davis Reserve Campground,150.2814436,-33.125659,Hardcore Bushcamp
Darug Camp Area,150.6181773,-33.7980658,Hardcore Bushcamp
Dogwood Creek Camping Area,150.5047077,-26.4238349,Hardcore Bushcamp
Old School House,146.2355241,-36.8879694,Hardcore Bushcamp
Sandy Point Holiday Park,146.1235954,-38.8293544,Commercial / Resort
Unnamed Campsite,146.2803157,-41.810086,Hardcore Bushcamp
Unnamed Campsite,146.2802966,-41.810186,Hardcore Bushcamp
Wild Dog Creek Commercial Camping Area,146.2803126,-41.8112944,Hardcore Bushcamp
Wild Dog Creek Commercial Camping Area,146.2802201,-41.8112498,Hardcore Bushcamp
Wild Dog Creek Commercial Camping Area,146.2803291,-41.8111831,Hardcore Bushcamp
Unnamed Campsite,146.2799763,-41.8103659,Hardcore Bushcamp
Unnamed Campsite,146.280085,-41.8103139,Hardcore Bushcamp
Unnamed Campsite,146.2805819,-41.8104532,Hardcore Bushcamp
Unnamed Campsite,146.2805329,-41.8105106,Hardcore Bushcamp
Unnamed Campsite,146.2806878,-41.8105694,Hardcore Bushcamp
Chinchilla Weir,150.579094,-26.7995661,Commercial / Resort
Bananacoast Caravan Park,153.1323159,-30.269192,Commercial / Resort
Strathalbyn Caravan Park,138.8869053,-35.2593579,Commercial / Resort
Barmah Bridge Caravan Park,144.9553763,-36.0177755,Commercial / Resort
Volunteer Camping (The Prairies),152.7611019,-26.9068709,Hardcore Bushcamp
The Lakes District,152.7632092,-26.9105159,Hardcore Bushcamp
Stallholders' Camping (Grand Canyon),152.7525882,-26.909476,Hardcore Bushcamp
Accessibility Camping,152.7568712,-26.9150907,Hardcore Bushcamp
Accessibility Camping,152.75723,-26.9154399,Hardcore Bushcamp
Season Camping,152.7614958,-26.9153319,Hardcore Bushcamp
Unnamed Campsite,146.3077042,-41.2271954,Commercial / Resort
Woodside Beach Caravan Park,146.9761497,-38.5514806,Commercial / Resort
Bluff Creek Campground,152.7378087,-26.5624408,Hardcore Bushcamp
Davies Beach,145.6275365,-35.8752862,Hardcore Bushcamp
Beaudesert Caravan and Tourist Park,153.0051171,-27.9925901,Commercial / Resort
Figtree Gardens Caravan Park,150.8594231,-34.4413935,Commercial / Resort
Camping area 1,150.1113706,-34.3672469,Hardcore Bushcamp
Camping area 2,150.1130417,-34.3681993,Hardcore Bushcamp
Marble Bar Holiday Park,119.7448276,-21.1747778,Hardcore Bushcamp
Unnamed Campsite,151.9144632,-24.6294865,Commercial / Resort
Unnamed Campsite,152.9577809,-26.5602806,Commercial / Resort
Unnamed Campsite,142.3617052,-34.5445998,Hardcore Bushcamp
Nangiloc Caravan Park,142.3432921,-34.456108,Commercial / Resort
Tallow Beach Campground,151.3509573,-33.5367194,Hardcore Bushcamp
Burleigh Beach Tourist Park,153.4548661,-28.0918792,Commercial / Resort
Little River Camp,150.9434759,-33.3716809,Hardcore Bushcamp
Griffin Forest Reserve,147.8518266,-41.4666384,Hardcore Bushcamp
Griffin Forest Reserve,147.843047,-41.4697457,Hardcore Bushcamp
BIG4 Red Cliffs Caravan Park,142.1876537,-34.2972721,Commercial / Resort
Sun city Caravan Park,142.1859049,-34.193754,Commercial / Resort
Chinaman Campground and Picnic site,143.1991046,-37.2487411,Hardcore Bushcamp
Tyalgum Diggers Camp Ground,153.2058769,-28.3531147,Commercial / Resort
Mt No. 3 camp area,146.4250245,-37.0575096,Hardcore Bushcamp
Princetown Camping Reserve,143.1597844,-38.6991463,Commercial / Resort
Moss Vale Holiday Park,150.3591722,-34.5530251,Commercial / Resort
BIG4 Moruya Heads East's Dolphin Beach Holiday Park,150.154042,-35.918874,Commercial / Resort
Strachans Campground,142.2821982,-37.3760034,Hardcore Bushcamp
Boreang Campground,142.4182106,-37.1751866,Hardcore Bushcamp
Aire River West Campground - Otway NP,143.4766584,-38.8020223,Hardcore Bushcamp
Aire River East Campground,143.4818738,-38.8002046,Hardcore Bushcamp
cong camp,140.913348,-21.8350568,Hardcore Bushcamp
Ryans Den (GOW),143.2775648,-38.7595228,Hardcore Bushcamp
Unnamed Campsite,131.039194,-12.5235015,Commercial / Resort
Coolalinga Caravan Park,131.0393461,-12.5221854,Commercial / Resort
Cobbler,116.0139552,-33.4311119,Hardcore Bushcamp
Lameroo Lakeside Caravan Park,140.521478,-35.3273145,Commercial / Resort
Castle Rock Camping Area,151.9383846,-28.8357537,Hardcore Bushcamp
Brucknell Park Scout Camp,142.8618215,-38.4730196,Hardcore Bushcamp
Unnamed Campsite,146.628652,-35.9840565,Commercial / Resort
Queen Mary Falls Caravan Park,152.3713025,-28.3424854,Commercial / Resort
Point Vernon Holiday Park,152.8217295,-25.2548469,Hardcore Bushcamp
Sun Lodge Ocean Front Tourist Park,152.8093995,-25.248367,Hardcore Bushcamp
Kismet Riverside Lodge,146.591673,-35.9709204,Commercial / Resort
Tanglefoot,145.5360825,-37.5103084,Hardcore Bushcamp
Toowoomba Caravan Park,151.9472624,-27.5878652,Commercial / Resort
Thunderbird Park Campgrounds,153.1821214,-27.9037161,Hardcore Bushcamp
Burton's Well Camp Area,151.5519574,-26.8349168,Hardcore Bushcamp
Westcott Camp Area,151.5716134,-26.8641384,Hardcore Bushcamp
Dandabah Campground,151.5971895,-26.8805144,Hardcore Bushcamp
Esk Caravan Park & Brisbane Valley Rail Trail Motel,152.4235724,-27.2394075,Commercial / Resort
Light Line Road Bush Camp,152.7775269,-27.4132976,Hardcore Bushcamp
First Sun Holiday Park,153.6111753,-28.6411306,Commercial / Resort
Brushgrove Recreation Triangle,153.0784103,-29.5663762,Hardcore Bushcamp
The Settlement Camping Area,153.2721164,-28.1943039,Hardcore Bushcamp
Mount Clear Campground,149.0109262,-35.8649058,Hardcore Bushcamp
Jenolan Holiday Park,149.8579664,-33.7005567,Commercial / Resort
Bredbo Inn Hotel Campground,149.1443314,-35.950719,Hardcore Bushcamp
Barn Hill Caravan Park,122.0380154,-18.366428,Commercial / Resort
Northam Holiday Park,116.6995897,-31.6426685,Commercial / Resort
Log Bridge Creek Campsite,148.6023832,-35.1708252,Hardcore Bushcamp
Unnamed Campsite,148.0316947,-40.2285588,Hardcore Bushcamp
Well,116.2421967,-33.4034927,Hardcore Bushcamp
Lake Boondooma,151.4516042,-26.1032844,Commercial / Resort
Trakka Terrace,152.3025816,-26.5415155,Hardcore Bushcamp
Honeysuckle Campground,148.9751303,-35.5834076,Hardcore Bushcamp
Unnamed Campsite,150.1681727,-34.0255043,Hardcore Bushcamp
Unnamed Campsite,148.7551022,-35.6774805,Hardcore Bushcamp
Unnamed Campsite,148.7286674,-35.6577209,Hardcore Bushcamp
Blue Waterholes campground,148.6830643,-35.6230348,Hardcore Bushcamp
Magpie Flat campground,148.680257,-35.6215399,Hardcore Bushcamp
Unnamed Campsite,148.6014412,-35.671131,Hardcore Bushcamp
Cooinbil Hut campground,148.5965213,-35.6314491,Hardcore Bushcamp
Unnamed Campsite,148.5833558,-35.8117355,Hardcore Bushcamp
Unnamed Campsite,148.5393827,-36.0117574,Hardcore Bushcamp
Unnamed Campsite,148.4644368,-36.0888523,Hardcore Bushcamp
Pioner Village Caravan Park,151.2431121,-27.1774874,Hardcore Bushcamp
Westview Caravan Park,148.5757478,-32.2309109,Commercial / Resort
Cecil Plains Rural Retreat Caravan Park,151.196955,-27.5334116,Commercial / Resort
Unnamed Campsite,145.2026635,-37.1296852,Hardcore Bushcamp
Unnamed Campsite,147.385426,-35.0700257,Commercial / Resort
Mount Larcom Tourist Park,150.9814594,-23.8154959,Commercial / Resort
Unnamed Campsite,146.8119693,-41.0834195,Commercial / Resort
Unnamed Campsite,148.4521428,-36.1461882,Hardcore Bushcamp
North Cedars Caravan Park,146.3472484,-36.3305024,Commercial / Resort
Dubbo Holiday Park,148.6096701,-32.2357546,Commercial / Resort
Unnamed Campsite,150.599446,-33.8211597,Hardcore Bushcamp
Flat Rock Camping Area,145.1491026,-37.1694277,Hardcore Bushcamp
Trawool Camping Area - Horeshoe Lagoon,145.2384022,-37.1343059,Hardcore Bushcamp
Unnamed Campsite,145.1938052,-37.1220548,Hardcore Bushcamp
Unnamed Campsite,145.1947634,-37.1331078,Hardcore Bushcamp
Unnamed Campsite,148.3962317,-36.3314864,Hardcore Bushcamp
Unnamed Campsite,150.1402552,-36.2478939,Hardcore Bushcamp
Discovery Holiday Park,140.4507053,-34.2518467,Commercial / Resort
Milawa Caravan & Tourist Park,146.430723,-36.448412,Commercial / Resort
Kergunyah Caravan Park,147.0302081,-36.3281946,Commercial / Resort
Bossawa Campsite,148.53738,-35.28105,Hardcore Bushcamp
Micalong Creek Campsite,148.57481,-35.24659,Hardcore Bushcamp
Halls Gap Caravan Park,142.5185052,-37.1412361,Commercial / Resort
Coleraine Caravan Park,141.691524,-37.5972761,Commercial / Resort
Old Hut Site,152.6916212,-28.2812388,Hardcore Bushcamp
Forestry,152.7150813,-28.2960064,Hardcore Bushcamp
Burbank,152.7198341,-28.2989939,Hardcore Bushcamp
Emu Creek,152.4267325,-28.2133107,Hardcore Bushcamp
Lake Dyer,152.377449,-27.6335487,Commercial / Resort
Round Tuit Campground,116.1431247,-34.6338043,Commercial / Resort
Taunton Farm,115.1227031,-33.8110357,Commercial / Resort
Forest Camp,141.1390745,-38.0308907,Hardcore Bushcamp
Site 1,141.160793,-38.0463972,Hardcore Bushcamp
Site 2,141.1609269,-38.0464651,Hardcore Bushcamp
The Pines Camping Area,151.3360807,-33.0627748,Hardcore Bushcamp
Marion Big 4,138.5614029,-35.0175634,Commercial / Resort
The Captain Campsite,148.7172968,-34.8765187,Hardcore Bushcamp
Fitzroy River,141.7624787,-38.2236067,Hardcore Bushcamp
Barwon Heads Caravan Park,144.4938483,-38.2836949,Commercial / Resort
Tawonga Caravan Park,147.1580782,-36.696064,Commercial / Resort
Snowy Creek Campsite,147.4386726,-36.5972362,Hardcore Bushcamp
St Arnaud Caravan Park,143.2586339,-36.6117868,Commercial / Resort
Coochin Creek Camping Area,153.0459148,-26.8814779,Hardcore Bushcamp
Amberley Caravan Park,152.6929344,-27.666024,Commercial / Resort
Willowbank Caravan Park,152.688692,-27.6689357,Commercial / Resort
Wallingat Camping Area,152.4029821,-32.3276022,Hardcore Bushcamp
Buenba Flat South #2,147.9154304,-36.7062868,Hardcore Bushcamp
Buenba Flat South #1,147.9195499,-36.7024342,Hardcore Bushcamp
Buenba Flat South #3,147.9138343,-36.7057634,Hardcore Bushcamp
Reflections Coffs Harbour - Holiday Park,153.1179429,-30.2932587,Commercial / Resort
Sandy Hollow Tourist Park,150.5657625,-32.3341842,Hardcore Bushcamp
Murraybank Caravan Park,144.988499,-35.8572272,Commercial / Resort
Tarragon Caravan Park,144.98131,-35.8569674,Commercial / Resort
AAOK Jandowae Accommodation Park,151.1130199,-26.7869972,Commercial / Resort
Neurum Creek Bush Retreat,152.6842908,-26.9962806,Hardcore Bushcamp
Kosciuszko Tourist Park,148.5654062,-36.3521785,Commercial / Resort
Unnamed Campsite,138.8163352,-34.8389724,Hardcore Bushcamp
Ingenia Holidays Cape Paterson,145.6177306,-38.6730348,Commercial / Resort
Unnamed Campsite,135.092661,-32.1612961,Hardcore Bushcamp
Big Crystal Creek Camp Area,146.256208,-18.9800519,Hardcore Bushcamp
Hall BNT campsite,149.075476,-35.1694747,Hardcore Bushcamp
Unnamed Campsite,152.5806483,-31.6091859,Hardcore Bushcamp
Swans Creek Crossing - Kerewong SF,152.5819793,-31.6084601,Hardcore Bushcamp
Gulgong Tourist Park - Gday,149.5244281,-32.3659722,Commercial / Resort
Peggs Beach Campground,145.352547,-40.8512221,Hardcore Bushcamp
Tassie Camp,145.2046845,-37.1440309,Hardcore Bushcamp
Sundowner Caravan and Cabin Park,145.1602626,-37.9347856,Commercial / Resort
Pannawonica,116.324717,-21.6358944,Hardcore Bushcamp
Unnamed Campsite,153.0338757,-30.8892213,Commercial / Resort
Pretty Point Camp Ground,135.1490222,-32.1726903,Hardcore Bushcamp
Buddy's,113.1950431,-26.0013618,Hardcore Bushcamp
Bramwell Roadhouse,142.5595967,-12.0920677,Hardcore Bushcamp
Cormorant By The Lakes,147.673554,-37.9534253,Hardcore Bushcamp
Breamlea Caravan Park,144.3987114,-38.2930717,Commercial / Resort
BIG4 Breeze Carnarvon Gorge,148.2699258,-25.070831,Commercial / Resort
Unnamed Campsite,151.2228167,-33.4233644,Hardcore Bushcamp
Unnamed Campsite,131.4082295,-24.0608948,Hardcore Bushcamp
Unnamed Campsite,153.3409496,-29.432771,Commercial / Resort
Yamba Waters Caravan Park,153.3420526,-29.4408522,Commercial / Resort
Big Lagoon,113.4771803,-25.7764441,Hardcore Bushcamp
Milligan Island Camping Node,114.9613298,-30.0323892,Hardcore Bushcamp
Pumphreys Bridge,116.9050012,-32.6623965,Hardcore Bushcamp
Nalara Rock,134.4459422,-31.5957246,Hardcore Bushcamp
Mt Finke campground,134.0277451,-30.9205428,Hardcore Bushcamp
Sunday Creek campsite,145.0581061,-37.1366573,Hardcore Bushcamp
Group Camping Area,152.448452,-29.8644609,Hardcore Bushcamp
Dalmorton Camping Area,152.4473504,-29.8644734,Hardcore Bushcamp
Korumburra Tourist Park,145.8299854,-38.4266553,Commercial / Resort
Lesser Keyhole,150.003453,-34.8055048,Hardcore Bushcamp
Greater Keyhole,150.0021914,-34.8047144,Hardcore Bushcamp
The Paddock RV Park,145.9558784,-17.6557516,Commercial / Resort
Spalding Cove,135.9617717,-34.784146,Hardcore Bushcamp
Woodcutters Beach Campsite,135.9147946,-34.7874406,Hardcore Bushcamp
BIG 4 Salwater @ Yamba,153.3125907,-29.3943564,Commercial / Resort
Rangelands,139.008192,-34.570139,Hardcore Bushcamp
Fisherman Point Campground,135.985103,-34.7573995,Hardcore Bushcamp
September Beach Campground,135.9965069,-34.7331073,Hardcore Bushcamp
Unnamed Campsite,131.4966063,-24.2575781,Hardcore Bushcamp
Carcase Rock Campsite,136.0064165,-34.768794,Hardcore Bushcamp
MacLaren Campsite,136.0023666,-34.7888316,Hardcore Bushcamp
Yongala Recreational Park,138.7476891,-33.0329073,Commercial / Resort
New Country Swamp Camp Site,151.8690744,-31.3294625,Hardcore Bushcamp
Townsville Eco Resort,146.9031887,-19.3737413,Commercial / Resort
Gunyah Camping Area,151.4803337,-32.1478212,Hardcore Bushcamp
White Rock Camping Area,151.4680452,-32.1251008,Hardcore Bushcamp
Old Camp Camping Area,151.4886479,-32.1553628,Hardcore Bushcamp
Dobbie Rim Camping Area,151.4877668,-32.1554196,Hardcore Bushcamp
Pademelon Park Camping Area,151.484528,-32.1534428,Hardcore Bushcamp
Leigh Creek Caravan Park,138.4083276,-30.5883718,Commercial / Resort
Unnamed Campsite,145.1827592,-37.1273938,Hardcore Bushcamp
Horse Rock Campsite,135.8548763,-34.8123985,Hardcore Bushcamp
Coobowie Caravan Park,137.7273397,-35.0472069,Commercial / Resort
Coobowie Caravan Park,137.7261762,-35.0460831,Commercial / Resort
Leatherbarrel Creek Camping & Picnic Area,148.1935783,-36.5253873,Hardcore Bushcamp
Memory Cove Campsite,135.9905704,-34.962169,Hardcore Bushcamp
Taylors Landing Campground,135.9592318,-34.8543974,Hardcore Bushcamp
Teds Beach Campground,146.0609379,-42.7865822,Hardcore Bushcamp
Unnamed Campsite,149.7325267,-33.0956347,Hardcore Bushcamp
Rainforest Campsite,148.7546759,-20.3507327,Hardcore Bushcamp
Bloodwood Camp,148.7341895,-20.3057406,Hardcore Bushcamp
Unnamed Campsite,148.7494368,-20.3402177,Hardcore Bushcamp
Jolly Swagman Accommodation Park,151.9629316,-27.569315,Commercial / Resort
Carters Mill Campground,146.3671844,-37.1032889,Hardcore Bushcamp
Everton Gardens Caravan Park,146.5421185,-36.4321494,Commercial / Resort
Karingal,151.0068645,-34.0563141,Commercial / Resort
Lake Talbot Tourist Park,146.5656963,-34.7543268,Commercial / Resort
Mountain View Lake Eco Park,147.0326755,-19.5070273,Commercial / Resort
Cresco Camp,145.2022736,-37.7324177,Hardcore Bushcamp
Unnamed Campsite,118.6785283,-31.3788036,Commercial / Resort
Marapoi Station Stay,121.3794248,-29.4027591,Commercial / Resort
Happy Campers Office,152.7620435,-26.908584,Hardcore Bushcamp
The Lakes District Happy Campers Office,152.7626392,-26.9091331,Hardcore Bushcamp
The Prairies (Volunteers) Happy Campers Office,152.7621385,-26.907813,Hardcore Bushcamp
Stallholders Camping,152.7639345,-26.9071712,Hardcore Bushcamp
Overnight Camping,152.7630831,-26.907007,Hardcore Bushcamp
Cloundland Happy Campers Office,152.7545921,-26.9122688,Hardcore Bushcamp
Volunteer Camping Cloudland,152.7549937,-26.9129717,Hardcore Bushcamp
Grand Canyon Happy Campers Office,152.7528402,-26.909609,Hardcore Bushcamp
Season Camping Happy Campers Office,152.7570199,-26.9149296,Hardcore Bushcamp
OP (Organisers and Performers) Happy Campers Office,152.757492,-26.908122,Hardcore Bushcamp
OP Camping (Organisers and Performers),152.7565911,-26.9084861,Hardcore Bushcamp
Area No. 3,146.8068036,-36.3381628,Hardcore Bushcamp
Narcissus Hut Campsite,146.1020477,-42.0127483,Hardcore Bushcamp
Tenterfield Lodge & Caravan Park,152.0070975,-29.0532551,Commercial / Resort
Laura Community Caravan Park,138.3011614,-33.1810775,Commercial / Resort
Lake Liddell Recreation Area,150.99635,-32.353347,Hardcore Bushcamp
Eildon Pondage Holiday Park,145.9198077,-37.2290435,Commercial / Resort
Area No. 6,146.8013777,-36.3468405,Hardcore Bushcamp
Area No. 2,146.8098709,-36.3359071,Hardcore Bushcamp
Area No. 1,146.8099514,-36.3352222,Hardcore Bushcamp
Gympie Recovery Accommodation Park,152.6524719,-26.1866121,Commercial / Resort
Riverside Holiday Park,152.4463137,-32.0934422,Commercial / Resort
Riverside Caravan Park,153.0423609,-26.6226981,Commercial / Resort
Reflections Lake Burrendong - Holiday Park,149.094765,-32.686592,Hardcore Bushcamp
Sanctuary by Sirromet,153.2353519,-27.5940174,Hardcore Bushcamp
Tuena Camping and Recreation Area,149.3274591,-34.0149445,Hardcore Bushcamp
Unnamed Campsite,150.4464769,-35.0319511,Hardcore Bushcamp
Unnamed Campsite,150.4474023,-35.0329086,Hardcore Bushcamp
Buronga Riverside Tourist Park,142.1678787,-34.1806762,Commercial / Resort
Echo Holiday Parks - Renmark,140.7753996,-34.1787331,Commercial / Resort
Big 4: Renmark Holiday Park,140.7664664,-34.1774804,Commercial / Resort
Stratford On The River,147.0774935,-37.9700517,Commercial / Resort
Mystery Bay Campground,150.1323621,-36.2983779,Hardcore Bushcamp
Curlwaa Caravan Park,141.9899922,-34.1132597,Commercial / Resort
Pioneer Park Camping Ground Riana,145.9985434,-41.2156489,Hardcore Bushcamp
New Pelion Hut Public Campsite,146.0464726,-41.8305347,Hardcore Bushcamp
Scott-Kilvert Hut Campsite,145.9649496,-41.6922695,Hardcore Bushcamp
Roaring Meg,146.3869777,-39.1158595,Hardcore Bushcamp
Unnamed Campsite,146.3876054,-39.1152966,Hardcore Bushcamp
Gordon Foreshore Reserve,147.2417601,-43.2614229,Hardcore Bushcamp
Somerset Park Campground,152.5516149,-27.1228722,Hardcore Bushcamp
The Basin Campground,151.2935159,-33.6028838,Hardcore Bushcamp
Camp Kedron,140.4659023,-34.2064984,Hardcore Bushcamp
Echo Holiday Park,139.9820896,-34.1746649,Commercial / Resort
Euston Riverfront Caravan Park & Cafe,142.7456643,-34.5777065,Commercial / Resort
Kerang Caravan & Tourist Park,143.9138245,-35.7373225,Commercial / Resort
Winton Motor Raceway Camping Ground,146.0918184,-36.5195372,Hardcore Bushcamp
Dixon's Kingdom Hut Camping Area (Decommisioned),146.3097509,-41.8281535,Hardcore Bushcamp
Myrtle Park Recreation Ground,147.3656561,-41.3095939,Hardcore Bushcamp
Unnamed Campsite,145.9556988,-41.7711271,Hardcore Bushcamp
Waterfall Valley Public Camping Platform,145.9467934,-41.714446,Hardcore Bushcamp
Waterfall Valley Group Camping Platform,145.9452969,-41.7142224,Hardcore Bushcamp
Unnamed Campsite,145.9451901,-41.7145958,Hardcore Bushcamp
Melrose Caravan Park,138.1868465,-32.8243767,Hardcore Bushcamp
Camp Kurrajong,147.458861,-35.0878884,Hardcore Bushcamp
Coachwood Camping Area,151.7608694,-32.2162822,Hardcore Bushcamp
Frying Pan Camping Area,151.7613454,-32.2183723,Hardcore Bushcamp
Currawong Camping Area,151.7454373,-32.219855,Hardcore Bushcamp
Telegherry Camping Area,151.744194,-32.2231273,Hardcore Bushcamp
Ferndale Camping Area,151.6968531,-32.241844,Hardcore Bushcamp
Riverwood Downs Subsonic,151.8550163,-32.2817196,Commercial / Resort
Dunkeld Caravan Park,142.3455254,-37.649062,Commercial / Resort
Coopernook Forest HQ,152.6091766,-31.7885623,Hardcore Bushcamp
Tenthill Caravan Park & Store,152.2126499,-27.6345494,Commercial / Resort
The Junction Pub and Tourist Park,115.2062704,-25.0534987,Commercial / Resort
Colo Meroo,150.692933,-33.3840975,Hardcore Bushcamp
BIG4 Mildura Getaway - Holiday Park Mildura,142.1363217,-34.2082318,Commercial / Resort
Paringa Caravan Park,140.7840989,-34.1817708,Commercial / Resort
Threeways Roadhouse,134.2087197,-19.4365159,Hardcore Bushcamp
Gunning Showground Camp area,149.2649316,-34.7855386,Hardcore Bushcamp
Barbour Park Free Caravan Park,149.2684028,-34.7792162,Hardcore Bushcamp
Hibiscus Gardens Caravan Park,153.5340059,-28.863094,Commercial / Resort
Shadforth Reserve Rest Area,149.1881565,-33.3752695,Hardcore Bushcamp
Saddleworth Caravan Park,138.7866772,-34.0849737,Commercial / Resort
Riverton Caravan Park,138.748994,-34.1547531,Commercial / Resort
Queen Victoria Jubilee Park,138.9042617,-34.6733776,Commercial / Resort
Nhill Caravan Park,141.6454861,-36.3402404,Commercial / Resort
Gnowangerup Caravan Park,118.009857,-33.9420805,Commercial / Resort
Stevensons Falls Campground,143.6555446,-38.5642948,Hardcore Bushcamp
Pier Caravan Park,152.9007764,-25.2860597,Commercial / Resort
Unnamed Campsite,146.5897847,-36.3180128,Hardcore Bushcamp
Unnamed Campsite,146.5938312,-36.3149439,Hardcore Bushcamp
Unnamed Campsite,115.4417188,-31.2744262,Commercial / Resort
Ace Caravan Park,153.008943,-25.9069438,Commercial / Resort
Kingfisher Caravan Park,153.0072953,-25.9089192,Commercial / Resort
Burralow Creek Campground,150.6034514,-33.5557682,Hardcore Bushcamp
Sunny Corner Recreation Reserve,149.8932013,-33.3876982,Hardcore Bushcamp
Tin Can Bay Tourism Park,153.0062361,-25.9240458,Hardcore Bushcamp
Unnamed Campsite,146.5978191,-36.3122614,Hardcore Bushcamp
Unnamed Campsite,146.6005391,-36.3113679,Hardcore Bushcamp
Unnamed Campsite,149.3236849,-33.4136458,Hardcore Bushcamp
Unnamed Campsite,144.9582536,-35.9587543,Hardcore Bushcamp
Boodjamulla (Lawn Hill) National Park -,138.4864242,-18.7014219,Hardcore Bushcamp
Nimmitabel Caravan Park,149.2845708,-36.5084871,Hardcore Bushcamp
Bombala Caravan Park,149.2396131,-36.9084497,Commercial / Resort
Reflections Pambula - Holiday Park,149.8814401,-36.9309108,Hardcore Bushcamp
Trangie Caravan Park,147.976951,-32.0341101,Hardcore Bushcamp
Merredin Tourist Park,118.292424,-31.4851167,Commercial / Resort
Warialda Caravan Park,150.5696941,-29.5419679,Commercial / Resort
Molloy Caravan Park,115.2090501,-34.2590461,Commercial / Resort
Fossickers Tourist Park,151.1278707,-31.4584985,Commercial / Resort
Village Campground,149.4135135,-33.0338919,Commercial / Resort
Paddock Campground,149.5575599,-33.4422201,Hardcore Bushcamp
Motorhome Park Campground,149.5608496,-33.4476296,Commercial / Resort
Chase Campground,149.5650146,-33.4444661,Hardcore Bushcamp
Cowwarr Weir Caravan Rest Area,146.6597778,-37.996818,Commercial / Resort
BIG4 Big River Holiday Park and Ski Lodge,152.9257551,-29.6102999,Commercial / Resort
Wine Country Tourist Park,151.3490711,-32.810329,Commercial / Resort
Ganguddy-Dunns Swamp campground,150.2063021,-32.8348432,Hardcore Bushcamp
Aragunnu Camping Area,150.0477263,-36.5845348,Hardcore Bushcamp
Rangeview Caravan & Cabin Park,138.0687975,-33.1689128,Hardcore Bushcamp
Turners Beach Caravan Park,146.242862,-41.1581348,Commercial / Resort
Woolomin Reserve,151.1472852,-31.3039574,Hardcore Bushcamp
Crystal Cascades Holiday Park,145.6963223,-16.9268817,Commercial / Resort
Eskdale Caravan Park,147.2483015,-36.4653079,Commercial / Resort
Flea Creek Campground,148.7541703,-35.3386529,Hardcore Bushcamp
Agate Creek Campground,143.5590705,-19.0026736,Hardcore Bushcamp
Smythesdale Gardens,143.685237,-37.6391357,Hardcore Bushcamp
Cowah Falls,152.3087774,-26.5470426,Hardcore Bushcamp
Forsayth Caravan Park,143.602049,-18.58793,Commercial / Resort
Frying Pan Flat,150.2046758,-33.8096503,Hardcore Bushcamp
Leichhardt Lagoon Camping Park,141.1283019,-17.8511323,Hardcore Bushcamp
"Islands Caravan Park, Streaky Bay",134.2441214,-32.74845,Commercial / Resort
Hay Caravan Park,144.856925,-34.5189555,Commercial / Resort
Mount Barker Caravan & Tourist Park,138.8611259,-35.0617357,Commercial / Resort
Hobart Discovery Holiday Park,147.3376983,-42.814918,Commercial / Resort
Unnamed Campsite,152.0854529,-27.7668817,Hardcore Bushcamp
Djab Wurrung Embassy,143.0122968,-37.3089293,Hardcore Bushcamp
No 1 Camping area,145.1719501,-37.3213513,Hardcore Bushcamp
Lynchs Creek Reserve,152.9995612,-28.4454476,Hardcore Bushcamp
Forbes River Meadows Caravan Park,147.9927599,-33.3971173,Commercial / Resort
Yea Riverside Caravan Park,145.4330532,-37.2129405,Commercial / Resort
Tooraweenah Tourist Park,148.911139,-31.4388015,Commercial / Resort
Cooroy No Worries RV,152.918767,-26.4414334,Commercial / Resort
Unnamed Campsite,113.1970798,-26.0019782,Hardcore Bushcamp
Unnamed Campsite,113.1968578,-26.0019541,Hardcore Bushcamp
Unnamed Campsite,113.1965668,-26.0020041,Hardcore Bushcamp
Unnamed Campsite,113.1963173,-26.001842,Hardcore Bushcamp
Unnamed Campsite,113.1960666,-26.001778,Hardcore Bushcamp
Unnamed Campsite,113.1958513,-26.0017256,Hardcore Bushcamp
Unnamed Campsite,113.1956206,-26.0016443,Hardcore Bushcamp
Unnamed Campsite,113.1954228,-26.0015503,Hardcore Bushcamp
Unnamed Campsite,113.1952706,-26.0014876,Hardcore Bushcamp
Unnamed Campsite,113.1950829,-26.0014327,Hardcore Bushcamp
Unnamed Campsite,113.1949326,-26.0012869,Hardcore Bushcamp
Unnamed Campsite,113.1946068,-26.0012158,Hardcore Bushcamp
Unnamed Campsite,113.194367,-26.0011713,Hardcore Bushcamp
Jed's,113.1997904,-26.002396,Hardcore Bushcamp
Unnamed Campsite,113.1999044,-26.0024213,Hardcore Bushcamp
Unnamed Campsite,113.1996837,-26.0023858,Hardcore Bushcamp
Unnamed Campsite,113.2000351,-26.0024226,Hardcore Bushcamp
Koroit-Tower Hill Caravan Park,142.3684821,-38.2970066,Commercial / Resort
Timbertown Camp Ground,152.7123627,-31.4707813,Hardcore Bushcamp
Breeze Holiday Parks - Grampians,142.5400054,-37.1299849,Commercial / Resort
The Gums,152.2984241,-26.5427011,Hardcore Bushcamp
Unnamed Campsite,150.190176,-33.1872122,Hardcore Bushcamp
Tuross Beach Holiday Park,150.1336625,-36.0643118,Commercial / Resort
Tuross Beach Holiday Park,150.1337962,-36.0643245,Hardcore Bushcamp
Rocky Creek Campground,138.7376385,-35.1462282,Hardcore Bushcamp
Geoff Fisher Bridge Rest Area,152.6400441,-27.432512,Hardcore Bushcamp
Big 4 Karuah Jetty,151.9640538,-32.6633858,Commercial / Resort
Stone Road Camp Site,138.6852002,-35.3188408,Hardcore Bushcamp
Mount Compass Caravan Park,138.6138908,-35.3618109,Commercial / Resort
Woodcutters Cottage,138.6853464,-35.2296173,Hardcore Bushcamp
Toorooroo,150.3911963,-34.9170408,Hardcore Bushcamp
Durras Beach North Tourist Park,150.3006004,-35.6375054,Hardcore Bushcamp
Mary Pool (Mary River),126.8721812,-18.7264608,Hardcore Bushcamp
Spicers Park Caravan Park,148.1813871,-33.1317519,Commercial / Resort
Pretty Valley Camping Area,147.2493444,-36.8942693,Hardcore Bushcamp
Unnamed Campsite,147.3276709,-36.7564193,Hardcore Bushcamp
a'wangralea caravan park,149.755503,-37.5609141,Commercial / Resort
Mallacoota Beachcomber Caravan Park,149.7550911,-37.559424,Commercial / Resort
Greenpatch Camping Area,150.7217505,-35.1381815,Hardcore Bushcamp
Unnamed Campsite,150.724192,-35.1386775,Hardcore Bushcamp
Big4 Sandstone Point Holiday Resort,153.1407835,-27.07825,Commercial / Resort
Freycinet National Park Campground (Sand dune sites 19-45),148.3005345,-42.1293089,Hardcore Bushcamp
Freycinet National Park Campground (Caravan sites 1-18),148.2965686,-42.1244585,Commercial / Resort
Freycinet National Park Campground (Honeymoon Bay sites 46-52),148.2986964,-42.1383638,Hardcore Bushcamp
Rosevale Farm Resort,151.0009428,-33.3974423,Hardcore Bushcamp
BIG4 Wallaga Lake Holiday Park,150.0695193,-36.3815444,Commercial / Resort
Woolshed Flat Campground,149.9601856,-33.2085688,Hardcore Bushcamp
Vera Hut Campsite,145.8855542,-42.2709713,Hardcore Bushcamp
Max Cameron Campground,149.5540215,-33.4371877,Hardcore Bushcamp
One Less Car Parking (bus travellers and cyclists),152.7603208,-26.9159528,Hardcore Bushcamp
Pitch Luxury Glamping Village,152.7617006,-26.9162469,Hardcore Bushcamp
Camp Coolamatong Farm Camp,147.6628367,-37.9467726,Hardcore Bushcamp
Wombat Creek Camping Area,151.4691392,-32.0537314,Hardcore Bushcamp
Youngville Camping Area,151.3097902,-32.1994313,Hardcore Bushcamp
Knobbies Caravan and Camping Area,137.1500674,-32.7318001,Hardcore Bushcamp
Lake Bolac Caravan Park,142.8410452,-37.720039,Commercial / Resort
Manning Gorge Campground,125.9285325,-16.657603,Hardcore Bushcamp
Donnybrook Caravan Park,153.0706695,-27.0002577,Commercial / Resort
Stony Creek Bush Camp Caravan Park,138.1351808,-32.6478859,Commercial / Resort
Halifax Holiday Park,152.160312,-32.7119041,Hardcore Bushcamp
Carrington Falls Campground,150.6562793,-34.6193215,Hardcore Bushcamp
Silverland Caravan Park,141.4814765,-31.9410254,Commercial / Resort
Unnamed Campsite,138.6768112,-31.0944673,Commercial / Resort
Brachina East Camp Ground,138.5793942,-31.3337373,Hardcore Bushcamp
Trezona Camp Ground,138.627223,-31.3307757,Commercial / Resort
Aroona Campground,138.5809549,-31.2787483,Hardcore Bushcamp
Koolaman Camp Ground,138.5872478,-31.2909314,Hardcore Bushcamp
Weetootla Gorge Camp Ground,139.2952955,-30.5191077,Hardcore Bushcamp
Crossroads Medieval Village,149.0350497,-34.8251032,Hardcore Bushcamp
Unnamed Campsite,139.3321739,-30.3146415,Commercial / Resort
Unnamed Campsite,139.3299755,-30.3167178,Hardcore Bushcamp
Stretch Lagoon Camping Area,127.5859301,-19.6744774,Hardcore Bushcamp
Italowie Gap Campground,139.1702634,-30.5563083,Hardcore Bushcamp
Dunethin Rock Scout Campsite & Water Activity Centre,153.0117925,-26.5790892,Hardcore Bushcamp
Koveda Holiday Park,150.9783934,-33.4013113,Commercial / Resort
Crestview Tourist Park,149.2232795,-35.3637576,Commercial / Resort
NSW Water Ski Gardens,150.9818498,-33.3972424,Commercial / Resort
Carinya Ski Ranch,150.9715215,-33.407004,Commercial / Resort
Iga-Warta Aboriginal Community,138.9361172,-30.5959906,Hardcore Bushcamp
Depot Beach Campground,150.3217872,-35.6287156,Hardcore Bushcamp
Unnamed Campsite,147.391866,-40.9963415,Commercial / Resort
Unnamed Campsite,125.5089023,-21.8817051,Hardcore Bushcamp
Swinging Bridge Park,151.8351267,-26.9809818,Commercial / Resort
Unnamed Campsite,115.9728782,-33.9337144,Hardcore Bushcamp
Unnamed Campsite,115.9714484,-33.9343045,Commercial / Resort
Uralla Caravan Park,151.5012718,-30.6378248,Commercial / Resort
Country Road Caravan Park,151.4929716,-30.6489684,Commercial / Resort
Unnamed Campsite,150.9372404,-31.1000793,Commercial / Resort
BIG 4 NRMA Atherton Tablelands Holiday Park,145.4684983,-17.2816373,Commercial / Resort
Unnamed Campsite,116.0246426,-33.9372544,Commercial / Resort
Ben Ewa,153.3683754,-27.1497899,Hardcore Bushcamp
Murray River Hideaway Holiday Park,145.3866183,-35.8567005,Commercial / Resort
Unnamed Campsite,150.5002616,-35.2487335,Commercial / Resort
Sylvan Caravan Park,144.9567994,-37.6696311,Commercial / Resort
BIG4 Toowoomba Holiday Park,151.9366707,-27.5878234,Commercial / Resort
Unnamed Campsite,150.487998,-35.2676168,Commercial / Resort
Bribie Island Caravan Park,153.2016546,-27.0674711,Commercial / Resort
Upper Yarra Reservoir,145.8898194,-37.668874,Hardcore Bushcamp
Mongans Bridge Caravan Park and Holiday Park,147.0939832,-36.5852914,Commercial / Resort
Pinevale camp ground,148.8352813,-21.3106442,Hardcore Bushcamp
Snowy River Holiday Park,148.8331733,-36.5032619,Commercial / Resort
BIG4 Wallaga Lake Holiday Park,150.0701414,-36.373778,Commercial / Resort
Home Valley Station Campground,127.8313195,-15.722259,Hardcore Bushcamp
Wickham Camping Area,150.9858545,-33.7875983,Hardcore Bushcamp
Adelaide Showground Caravan Park,138.5884839,-34.947231,Commercial / Resort
Crossing Inn Caravan Park,125.5832224,-18.1858292,Commercial / Resort
Holiday Haven Lake Tabourie,150.4060689,-35.4407661,Commercial / Resort
Wairo Beach Holiday Park,150.421371,-35.4171847,Commercial / Resort
Discovery Parks Burrill Lake,150.4414235,-35.3890097,Commercial / Resort
Unnamed Campsite,145.9262777,-17.3478227,Commercial / Resort
Unnamed Campsite,135.4414086,-25.381219,Hardcore Bushcamp
Echo Bend Camp Site,147.364365,-37.7115595,Hardcore Bushcamp
Slaty Creek Campground No2,143.9047839,-37.4658186,Hardcore Bushcamp
Slaty Creek Camp Ground No 3,143.9086061,-37.4675627,Hardcore Bushcamp
Wooramel Riverside Retreat,114.2812335,-25.7436989,Commercial / Resort
Glen Helen Homestead Lodge Campground,132.6736295,-23.6854167,Commercial / Resort
Ormiston Gorge,132.7264196,-23.6325248,Commercial / Resort
Cork Oaks,143.7082607,-37.3098841,Hardcore Bushcamp
Undara Experience,144.5708731,-18.2012935,Hardcore Bushcamp
Undara Experience,144.5709014,-18.2003845,Commercial / Resort
The Dam Campground,143.7249759,-37.3063114,Hardcore Bushcamp
Manna Gums Campground,143.7207269,-37.3160503,Hardcore Bushcamp
Unnamed Campsite,148.7769135,-26.5139787,Commercial / Resort
Villa Holiday Park,148.7866644,-26.5578907,Commercial / Resort
Samurai Beach Camp Ground,152.1311286,-32.7629132,Hardcore Bushcamp
Manna Gum camping area Main Range NP,152.3467785,-27.980659,Hardcore Bushcamp
Poplar Flat camping area Main Range NP,152.3435099,-27.9797383,Hardcore Bushcamp
Poplar Flat camping area Main Range NP,152.3423141,-27.97895,Hardcore Bushcamp
Jeanneret Beach Campground - Bay of Fires Cons Area,148.2904458,-41.2373548,Hardcore Bushcamp
Swimcart Beach Campground - Bay of Fires Cons Area,148.2849327,-41.2315785,Hardcore Bushcamp
Cosy Corner South Camp Ground,148.2825186,-41.2254685,Hardcore Bushcamp
Cosy Corner North Camp Ground,148.2817784,-41.2210048,Hardcore Bushcamp
Campground 2,132.1764665,-11.1341837,Hardcore Bushcamp
Lakes Bushland Caravan & Tourist Park,147.7833898,-37.7893763,Commercial / Resort
Mylor Adventure Centre,138.7570109,-35.0664548,Hardcore Bushcamp
Hillcrest Tourist Park,148.296708,-41.3251801,Commercial / Resort
Nambour Caravan Park,152.9671288,-26.5883237,Commercial / Resort
Copper City Caravan Park,139.4945119,-20.7080894,Hardcore Bushcamp
Mount Duckworth Campsite,115.0272718,-33.6158147,Hardcore Bushcamp
Coolamon Caravan Park,147.2022273,-34.8134596,Hardcore Bushcamp
Harden Caravan Park,148.3718697,-34.5564095,Commercial / Resort
Unnamed Campsite,142.2316247,-38.3749343,Commercial / Resort
Lake Proserpine Camp Area,148.3776631,-20.3782688,Hardcore Bushcamp
Unnamed Campsite,138.5157016,-34.438448,Hardcore Bushcamp
Landsborough Holiday Park,152.9670018,-26.8140209,Commercial / Resort
The Lions Den Hotel,145.2230627,-15.7061169,Hardcore Bushcamp
Lakeland Caravan Park,144.8535615,-15.8596812,Hardcore Bushcamp
Lakeland Caravan Park,144.8540765,-15.8589381,Commercial / Resort
Waterfront Holiday Park,139.4398766,-35.2409771,Commercial / Resort
Unnamed Campsite,144.6880752,-37.1963908,Hardcore Bushcamp
Corny Point Caravan Park,137.0812198,-34.9260779,Commercial / Resort
Pondalowie Campground,136.8395984,-35.2377177,Hardcore Bushcamp
Stenhouse Bay Campground,136.9416243,-35.2735539,Hardcore Bushcamp
Capital Country Holiday Park,149.2254664,-35.1973168,Commercial / Resort
Unnamed Campsite,148.09192,-37.7299912,Commercial / Resort
Clayton Wetlands Campsite,138.371379,-29.2752153,Hardcore Bushcamp
Harbour View,152.9078813,-25.2946284,Commercial / Resort
Peedamulla Camp Ground,115.6411859,-21.837293,Hardcore Bushcamp
Wog Wog Campground,150.035489,-35.268157,Hardcore Bushcamp
Pine Country Caravan Park,140.7628383,-37.8561494,Commercial / Resort
Orroral Campground - Namadgi NP,148.9877133,-35.66042,Hardcore Bushcamp
Port Broughton Caravan Park,137.9285313,-33.6073643,Commercial / Resort
Southern Border Accommodation Park,151.1684349,-28.8482638,Commercial / Resort
Skenes Creek Beachfront Park,143.7117943,-38.7244268,Commercial / Resort
Wye River Foreshore Camping Reserve,143.8919567,-38.6337621,Hardcore Bushcamp
Gulf Country Caravan Park,140.8366892,-17.4891894,Commercial / Resort
Bradbury's Beach Camping Ground,153.4023482,-27.494708,Hardcore Bushcamp
Sandy Bay camping area,148.8515775,-20.3650679,Hardcore Bushcamp
Captain Billy Landing Campground,142.855964,-11.6318207,Hardcore Bushcamp
Eliot Falls Campground,142.4138204,-11.3874471,Hardcore Bushcamp
Unnamed Campsite,142.2823867,-11.1043015,Hardcore Bushcamp
Surat Cabins and Caravan Park,149.0662835,-27.1512382,Commercial / Resort
Urana Caravan Park,146.2725332,-35.3388228,Commercial / Resort
Alau Beach Campgrounds,142.3470995,-10.8857845,Hardcore Bushcamp
Unnamed Campsite,142.3688663,-10.8465251,Hardcore Bushcamp
Loyalty Beach Campground & Fishing Lodge,142.3829415,-10.8352547,Hardcore Bushcamp
Cape York Camping Punsand Bay,142.4625605,-10.7216365,Hardcore Bushcamp
Yandina Caravan Park,152.9550012,-26.5675612,Commercial / Resort
Unnamed Campsite,147.4111373,-19.6599397,Commercial / Resort
Cylinder Beach Camping Ground,153.5322733,-27.4267676,Commercial / Resort
Point Leo Foreshore Reserve,145.0776836,-38.4173447,Hardcore Bushcamp
Kingsland Camping,152.7417904,-28.1970955,Hardcore Bushcamp
Reflections Evans Head Riverside Precinct,153.4328152,-29.1181556,Hardcore Bushcamp
Mounty Barney Wilderness Camping campground,152.6350092,-28.2345321,Hardcore Bushcamp
Ross River Resort,134.4941501,-23.5935057,Commercial / Resort
Trephina Gorge Campground,134.3960565,-23.5216168,Hardcore Bushcamp
Rockhole Campground,134.3556609,-23.5403991,Hardcore Bushcamp
Bluff Campground,134.3920746,-23.5242377,Hardcore Bushcamp
Paronella Park,145.9565877,-17.6518431,Commercial / Resort
Wesburn Camp,145.6499573,-37.7838421,Hardcore Bushcamp
Self-contained Sites,152.0545127,-27.2715356,Hardcore Bushcamp
Amity Point Campground,153.4381604,-27.4035402,Hardcore Bushcamp
Kedumba River Crossing campground,150.3647943,-33.8021589,Hardcore Bushcamp
Carrum Downs Holiday Park,145.1797318,-38.0931143,Commercial / Resort
Currajong Caravan Park,148.1731515,-33.1226351,Commercial / Resort
Unnamed Campsite,148.5921478,-36.432876,Commercial / Resort
Numurkah Caravan Park,145.4413258,-36.0949971,Commercial / Resort
Pointro Camp Ground,152.6489364,-28.1943098,Hardcore Bushcamp
The Springs Main Camp,151.9374414,-28.3762221,Hardcore Bushcamp
Mataranka Roadhouse Caravan Park,133.0661851,-14.922995,Commercial / Resort
Riverside Caravan Park,148.9429466,-32.542552,Commercial / Resort
Kootingal Kourt Caravan Park,151.0602609,-31.0398343,Commercial / Resort
Kununurra Lakeside Resort,128.7425906,-15.7827008,Commercial / Resort
Cooleman Mountain Camp Site,148.6400642,-35.5979638,Hardcore Bushcamp
Long Plain Hut Camping Area,148.5379987,-35.6970032,Hardcore Bushcamp
Long Plain Camping Area (for Horses),148.5396075,-35.6982518,Hardcore Bushcamp
North Star Caravan Park,150.394552,-28.9321614,Commercial / Resort
Tottenham Caravan Park,147.3642832,-32.2460305,Commercial / Resort
Albatross Campground,146.5697153,-41.7075571,Hardcore Bushcamp
Sandfire Caravan Park,121.0918515,-19.7686766,Commercial / Resort
Murray Glenn Lodge,144.7285781,-36.1445366,Commercial / Resort
HT47 Campsite,119.6978872,-32.1948877,Hardcore Bushcamp
Unnamed Campsite,120.07097,-31.9559262,Hardcore Bushcamp
HT41 Elevated campsite,119.7982417,-32.1533139,Hardcore Bushcamp
HT45 Campsite,119.7069205,-32.1870234,Hardcore Bushcamp
BIG 4 Innisfail Mango Tree Tourist Park,146.0297954,-17.5444563,Commercial / Resort
Copperfield Lodge,144.0931915,-18.5105182,Commercial / Resort
Unnamed Campsite,152.758165,-27.6275485,Commercial / Resort
Koala Villas and Caravan Park,153.0829232,-30.3306782,Commercial / Resort
Jimna Base Camp,152.4620753,-26.6624219,Hardcore Bushcamp
Dangar Falls Lodge Camp & Caravan,152.7154428,-30.3218445,Commercial / Resort
Tarunda Caravan Park,125.5678595,-18.1933493,Commercial / Resort
Toogoolawah Free Camping Area,152.3788772,-27.0875726,Commercial / Resort
Windorah Caravan Park (New),142.6520101,-25.4192316,Commercial / Resort
Seymour Reserve,145.1149379,-37.0194494,Hardcore Bushcamp
Jenolan Caravan Park,149.8580852,-33.6995781,Commercial / Resort
Unnamed Campsite,146.7620472,-36.3715253,Hardcore Bushcamp
Inverloch Surfside Holiday Retreat,145.7006148,-38.6430835,Commercial / Resort
Longridge Camp Site,145.1903212,-37.7330866,Hardcore Bushcamp
Ngumbi Camp Site,152.848897,-27.9161788,Hardcore Bushcamp
Pat's Patch,148.6402623,-36.4616621,Commercial / Resort
Landsborough Caravan Park,143.1351001,-37.0084741,Commercial / Resort
Lismore Palms Caravan Park,153.2871017,-28.8018483,Commercial / Resort
Coraki Riverside Caravan Park & Campground,153.2889481,-28.9887342,Commercial / Resort
OVERFLOW ONLY - Napunyah Caravan Park,143.8255094,-27.9973318,Commercial / Resort
Campsite 25,140.7178401,-34.2423192,Hardcore Bushcamp
Campsite 7,140.6686006,-34.2423331,Hardcore Bushcamp
Lilyponds Holiday Park,152.8627388,-26.6213254,Commercial / Resort
Reflections Lennox Head - Holiday Park,153.5908736,-28.7852392,Hardcore Bushcamp
Braemar Bay Holiday Park,148.652531,-36.1057153,Commercial / Resort
Cambrian Campground,138.5828897,-31.3573135,Hardcore Bushcamp
Aramac Freedom Park,145.2424072,-22.9764175,Hardcore Bushcamp
Camp Warringal,145.1079557,-37.4512611,Hardcore Bushcamp
Turon Gates campground,149.8905628,-33.1389729,Hardcore Bushcamp
Allawah Scout Campsite,152.7854085,-27.550344,Hardcore Bushcamp
Alpha Showground - Events Only,146.637211,-23.6447401,Commercial / Resort
Lake St Clair Lodge,146.177436,-42.1152933,Commercial / Resort
Wings Camping Grounds,146.0425575,-41.2652285,Hardcore Bushcamp
Cue Caravan Park,117.8995355,-27.4210233,Commercial / Resort
Aukaka Caravan Park,152.9887235,-30.6534159,Commercial / Resort
Moonie Rest Area,150.3714593,-27.7172336,Hardcore Bushcamp
Yarrowyck Crossing,151.3591106,-30.4672847,Hardcore Bushcamp
Northern Border Campsite,149.146822,-35.1372121,Hardcore Bushcamp
Tuan Campsite,146.5898457,-36.1285097,Hardcore Bushcamp
Unnamed Campsite,149.8761199,-37.0783883,Commercial / Resort
Unnamed Campsite,149.877308,-37.0774908,Commercial / Resort
Isisford Barcoo Weir Camping Grounds (West),144.4439906,-24.2570727,Hardcore Bushcamp
Barcoo River Camp (Blackall),145.4612255,-24.4250883,Hardcore Bushcamp
Kingston Caravan Park,139.8459051,-36.8372711,Commercial / Resort
Muttaburra Freedom Park,144.5389723,-22.595687,Hardcore Bushcamp
1st Blackheath Scouts Camp Ground,150.2684095,-33.6746806,Hardcore Bushcamp
Jerilderie Motel & Caravan Park,145.73676,-35.3571352,Commercial / Resort
Barham Holiday Park,144.1398863,-35.6405122,Commercial / Resort
Oaklands RV Park,146.1649212,-35.5580365,Commercial / Resort
Ipswich Caravan Village,152.7776079,-27.5855516,Commercial / Resort
Drovers Run Tourist Park,138.0738551,-29.6526975,Commercial / Resort
Horsham Holiday Park,142.2173987,-36.7446084,Commercial / Resort
Severn River Rest Area,151.1186225,-29.2973261,Hardcore Bushcamp
Jimmy Creek Campground,142.5034864,-37.3717319,Hardcore Bushcamp
Buandik Campground,142.2782151,-37.252862,Hardcore Bushcamp
Troopers Creek Campground,142.4305921,-36.9866721,Hardcore Bushcamp
Stapylton (Gunigalk) Campground,142.3831477,-36.9236747,Hardcore Bushcamp
Sunnyside - Gwydir River Camps,150.6068998,-29.8770835,Hardcore Bushcamp
Sunnyside Beach - Gwydir River Camps,150.6198854,-29.8902809,Hardcore Bushcamp
Honeymoon - Gwydir River Camps,150.6265889,-29.8939043,Hardcore Bushcamp
Honeymoon - Gwydir River Camps,150.6330485,-29.9042838,Hardcore Bushcamp
Campground No1,142.0283962,-34.1240562,Hardcore Bushcamp
Campground No 2,142.0286817,-34.1245296,Hardcore Bushcamp
Campground No 4,142.0314721,-34.1280366,Hardcore Bushcamp
Campground No 3,142.0309901,-34.1277082,Hardcore Bushcamp
Campground No 5,142.0320276,-34.1284427,Hardcore Bushcamp
Campground No 6,142.0327514,-34.1288639,Hardcore Bushcamp
Tweed Holiday Parks - Pottsville North Caravan Park,153.5665599,-28.3824739,Commercial / Resort
Takaru - Northen Territory Katherine Low Level,132.2466012,-14.4887524,Commercial / Resort
Bangalow Campground,151.42503,-33.0165272,Hardcore Bushcamp
Gap Creek Campground,151.4300968,-33.0136619,Hardcore Bushcamp
Manbulloo Homestead,132.197969,-14.5187903,Commercial / Resort
Normanton RV Camp,141.0875812,-17.6609983,Commercial / Resort
Gloucester Tops Riverside Caravan Park,151.6931474,-32.0489908,Commercial / Resort
Freedom Campimg by Permit,142.2425966,-18.2130769,Hardcore Bushcamp
Croydon Caravan Park,142.2458484,-18.2018861,Hardcore Bushcamp
Lazy Lizard Caravan Park,131.8349701,-13.8208265,Commercial / Resort
Tamarind Gardens Tourist Park,144.6787428,-17.3423388,Commercial / Resort
Wondai Free Camp,151.8757025,-26.3162209,Hardcore Bushcamp
Discovery Parks Katherine,132.2956281,-14.4290471,Commercial / Resort
Apex Caravan Park,149.9674331,-32.8005028,Commercial / Resort
Bedourie Tourist Park,139.4685726,-24.3631963,Commercial / Resort
Riverside Cabin and Van Park,150.8854384,-32.2675609,Commercial / Resort
"Winton Roadhouse, Cabins & Caravan Park",143.0418934,-22.3795492,Commercial / Resort
Blowering Caravan Park,148.2464979,-35.342292,Commercial / Resort
Blowering Dam Campsite,148.2395044,-35.4020824,Hardcore Bushcamp
Cooinda,153.2226035,-27.6024848,Hardcore Bushcamp
Isisford Barcoo Weir Camping Grounds (East),144.4448666,-24.2527859,Hardcore Bushcamp
Yaraka Camping Grounds,144.0785316,-24.8836413,Commercial / Resort
The Lake,144.3101585,-26.5876949,Commercial / Resort
Browns Creek Campsite,148.2414467,-35.4511378,Hardcore Bushcamp
Unnamed Campsite,153.0706932,-25.8172628,Hardcore Bushcamp
Unnamed Campsite,153.0676857,-25.8125141,Hardcore Bushcamp
Paradise Valley Camping Ground,146.7101902,-37.8395694,Hardcore Bushcamp
Reflections North Haven - Holiday Parks,152.8296924,-31.6335578,Commercial / Resort
North Haven Holiday Village,152.8276004,-31.6352627,Commercial / Resort
Toorbul Caravan Park,153.0971637,-27.0318331,Commercial / Resort
Long Point Camping Area,151.9367819,-30.6663006,Hardcore Bushcamp
Valley Campground,147.0725643,-42.946428,Hardcore Bushcamp
Meekatharra Accommodation Centre,118.4933377,-26.5965774,Commercial / Resort
Devils Elbow,141.152841,-34.0549067,Hardcore Bushcamp
Amamoor Creek camping area,152.5575,-26.3569147,Hardcore Bushcamp
Mann River Campground & Picnic Area,152.0986988,-29.6877099,Hardcore Bushcamp
Buccarumbi Bridge Campground,152.5886296,-29.8367254,Hardcore Bushcamp
Jumbuck Nixon Glade,152.8924986,-27.3780697,Hardcore Bushcamp
Racoola Sherlock Glade,152.8913745,-27.3758431,Hardcore Bushcamp
Pamphlett-Tennyson Sea Scout Group,152.9960603,-27.5273418,Hardcore Bushcamp
Jordan's Holiday Park,152.8891293,-31.4194092,Commercial / Resort
Wanganella Creek Camp Park,144.8172015,-35.2157522,Commercial / Resort
Rivergardens Holiday Park,142.2101963,-34.1802325,Commercial / Resort
Clifford Park Activity Centre,145.2788371,-37.7171778,Hardcore Bushcamp
Laurieton Gardens Caravan Resort,152.7989692,-31.6449826,Commercial / Resort
Cania Gorge Tourist Retreat,150.9940437,-24.7243901,Commercial / Resort
Unnamed Campsite,148.0362786,-42.6213453,Hardcore Bushcamp
Lake Dunn Campground and Picnic Area,145.6758756,-22.6036942,Commercial / Resort
Boomajarril,152.9589481,-26.8098235,Hardcore Bushcamp
Mount Perry Caravan Park,151.6401447,-25.175227,Commercial / Resort
Unnamed Campsite,132.5710226,-25.1319984,Hardcore Bushcamp
Charleville Bush Caravan Park,146.222111,-26.3896984,Commercial / Resort
Wyper Park Scout Camp,152.2573006,-24.9434077,Hardcore Bushcamp
Bulloo River,144.2830795,-26.6137589,Hardcore Bushcamp
Bulloo River,144.2843763,-26.6135975,Hardcore Bushcamp
The Lake West Side,144.3066786,-26.5851636,Hardcore Bushcamp
Giralia Station,114.3658908,-22.6864929,Commercial / Resort
Unnamed Campsite,151.7696337,-28.5822468,Hardcore Bushcamp
Yowah Rest Area,144.6328271,-27.9670555,Hardcore Bushcamp
Artesian Waters Caravan Park,144.6381141,-27.9708694,Commercial / Resort
Wakiti Creek Resort,145.0296593,-36.1383751,Commercial / Resort
BIG4 Manning Point Holiday Park,152.6631193,-31.8956813,Commercial / Resort
Mill Creek Campground,151.0433256,-33.4015891,Hardcore Bushcamp
BIG 4 Aussie Outback Oasis Holiday Park,146.282461,-20.0637921,Commercial / Resort
Reflections Lake Glenbawn - Holiday Park,150.9888161,-32.1086145,Hardcore Bushcamp
Glastonbury Creek Camping Area,152.5517413,-26.1547184,Hardcore Bushcamp
Huon River Campground (Scotts Peak),146.3022178,-43.0381784,Hardcore Bushcamp
Condamine River Caravan Park,150.1331462,-26.9272677,Commercial / Resort
Possum Park,150.0995175,-26.5019416,Commercial / Resort
Juandah Historic Site Camping,149.9738731,-26.1283483,Commercial / Resort
Cracow Campsite & Van Parking,150.300974,-25.2944492,Commercial / Resort
Point Lowly,137.7811263,-32.9928074,Hardcore Bushcamp
Apex Park Bush Camp,144.2291221,-23.409813,Hardcore Bushcamp
Gloucester River Camping Area,151.6836912,-32.0581396,Hardcore Bushcamp
Myers Flat Rest Area,144.2239034,-36.7108961,Hardcore Bushcamp
Oldina Campground,145.6021156,-41.0817298,Hardcore Bushcamp
Devils Hole Camping Area,151.4834963,-31.9168836,Hardcore Bushcamp
Washpool Camping Area,150.7858878,-31.9025228,Hardcore Bushcamp
Uranquinty Caravan Park,147.2545822,-35.1878267,Commercial / Resort
Candlebark Farm,145.5270115,-37.7216911,Hardcore Bushcamp
Seal,117.9062817,-34.9418985,Hardcore Bushcamp
Green,117.9060875,-34.9420997,Hardcore Bushcamp
Mozzie Central,117.906509,-34.9416381,Hardcore Bushcamp
Crusoe,117.9061987,-34.9416046,Hardcore Bushcamp
Seagull,117.906047,-34.9413766,Hardcore Bushcamp
Saddle,117.9054687,-34.9408917,Hardcore Bushcamp
Unnamed Campsite,117.9057809,-34.9411396,Hardcore Bushcamp
Wannon Crossing Campground,142.4756502,-37.433754,Hardcore Bushcamp
Gentle Annie Caravan and Camping Reserve,146.4241894,-36.7529552,Commercial / Resort
Loxton Caravan Park,140.5498172,-34.4521384,Hardcore Bushcamp
Scone Caravan Park,150.8660682,-32.0422745,Commercial / Resort
Highway Caravan Park,150.8699615,-32.0565504,Commercial / Resort
Coolendel Camp,150.4241303,-34.8422987,Hardcore Bushcamp
Heyfield RV Park,146.7884304,-37.9848039,Commercial / Resort
Engine Point Campground (S),135.9883439,-34.7435263,Hardcore Bushcamp
Carinya Caravan Park,147.3477513,-35.0420741,Commercial / Resort
Discovery Parks - Bright,147.0333237,-36.7737508,Hardcore Bushcamp
Melbourne Outboard Club (Private),145.8654694,-37.0529404,Commercial / Resort
Peppin Point Holiday Park,145.8621328,-37.0785661,Commercial / Resort
Maryborough Caravan & Tourist Park,152.6693502,-25.5561606,Commercial / Resort
Deptford Camp Ground,147.6986829,-37.5925758,Hardcore Bushcamp
Deptford Campground,147.6977509,-37.5929775,Hardcore Bushcamp
Deptford Campground,147.6973204,-37.5921747,Hardcore Bushcamp
Marthavale Hut,147.5270395,-37.4463517,Hardcore Bushcamp
Dawson City Campground,147.6183411,-37.3878326,Hardcore Bushcamp
Windmill Caravan Park,152.897494,-25.2832165,Commercial / Resort
Valley Holiday Park,144.9943154,-38.3112565,Commercial / Resort
Forest Beach Hotel,146.2966261,-18.7163398,Commercial / Resort
Broome's Gateway Caravan Park,122.4610821,-17.8533718,Hardcore Bushcamp
Marramarra Creek Orchard Camp,151.1043151,-33.5225497,Hardcore Bushcamp
Marramarra Creek,151.0875089,-33.5223476,Hardcore Bushcamp
White Womans Waterhole Campground,146.770628,-38.4809793,Hardcore Bushcamp
Manilla Freedom Camp - s/c,150.716842,-30.7441444,Hardcore Bushcamp
Attunga Camp Ground,150.8473629,-30.9287882,Hardcore Bushcamp
Lilydale Pine Hill Caravan Park,145.3915139,-37.7584577,Commercial / Resort
Port Wakefield Caravan Park,138.1455121,-34.186041,Commercial / Resort
Oyster Point Caravan Park,137.7957276,-34.916406,Commercial / Resort
Stansbury Caravan Park,137.8038892,-34.912396,Commercial / Resort
BIG4 Lucinda Wanderers Holiday Park,146.3337426,-18.5269386,Commercial / Resort
Cooktown Orchid Caravan Park,145.2482615,-15.4692552,Hardcore Bushcamp
Munbililla (Tomato Island),134.6926027,-14.7450964,Hardcore Bushcamp
Forbes Holiday Park,148.0145448,-33.4015445,Commercial / Resort
Point Sturt Camp Ground,139.0466068,-35.5012351,Hardcore Bushcamp
Camp Duckadang,152.2404485,-26.7497321,Hardcore Bushcamp
Hobart Beach,149.9387895,-36.7963193,Hardcore Bushcamp
Tantangara Creek Camping Ground,148.5614981,-35.7539598,Hardcore Bushcamp
CWA Caravan Park,136.1036496,-34.374173,Hardcore Bushcamp
Spur-H Caravan Park,151.0777118,-28.4153619,Hardcore Bushcamp
Murray River Caravan Park,115.7822772,-32.5838636,Commercial / Resort
Badgee Park Caravan And Camping Area,150.5949673,-35.1536529,Hardcore Bushcamp
Tyamolum Scout Campground,152.8444771,-27.5216675,Hardcore Bushcamp
Atkinson Dam Scout Group,152.4582151,-27.440339,Hardcore Bushcamp
Unnamed Campsite,150.9554291,-34.2695794,Hardcore Bushcamp
All the Rivers Run Caravan Park,144.5088561,-35.9885522,Commercial / Resort
Penola Conservation Park,140.7031628,-37.357953,Hardcore Bushcamp
Kyalite Pub Caravan Park,143.484192,-34.9505793,Commercial / Resort
Four Mile Campground,146.9205769,-29.9829333,Hardcore Bushcamp
Ramon Deed Veterans Retreat,142.0632127,-34.0990554,Commercial / Resort
The Black Dolphin,149.9124463,-36.8969218,Commercial / Resort
Mount Mary Free Camping,139.4389961,-34.1040243,Hardcore Bushcamp
Tia Falls Campground,151.8533995,-31.1602886,Hardcore Bushcamp
Venus Bay Beachfront Tourist Park,134.6753715,-33.2331193,Commercial / Resort
Scout Loop Track Campground,145.5816602,-37.8991296,Hardcore Bushcamp
Buddong Hut Camp Site,148.2200843,-35.6434128,Hardcore Bushcamp
Bear Gully Campground,145.9862819,-38.8884868,Hardcore Bushcamp
Paddys River Dam Campsite,148.1669167,-35.7126251,Hardcore Bushcamp
Buddong Falls Campground,148.2458044,-35.6426247,Hardcore Bushcamp
Menzies Caravan Park,121.0282826,-29.6940877,Hardcore Bushcamp
Rock Flat Campground,148.4322468,-35.4006167,Hardcore Bushcamp
Camp Hudson,148.4293129,-35.3991956,Hardcore Bushcamp
Koornalla Reserve,146.5322092,-38.3430331,Hardcore Bushcamp
Port Neill RV Park,136.3439031,-34.1157512,Hardcore Bushcamp
Port Neill Caravan Park,136.3516397,-34.1188893,Commercial / Resort
Beach Front Arno Bay Caravan Park,136.5739359,-33.9178598,Commercial / Resort
Hotel Arno RV Parking,136.5722336,-33.9171132,Hardcore Bushcamp
Port Gibbon Foreshore,136.8014886,-33.8013585,Hardcore Bushcamp
Cowell Motorhome Park,136.9225424,-33.6951957,Commercial / Resort
Cowell Foreshore Caravan Park,136.9260436,-33.685901,Commercial / Resort
Kimba Recreation Reserve,136.4144907,-33.1338168,Hardcore Bushcamp
Sackville Ski Gardens Caravan Park,150.8816711,-33.4967658,Commercial / Resort
Ulinbawn Ski Park,150.8745326,-33.4966917,Commercial / Resort
Salt Caves Campground,149.2913507,-30.7451098,Hardcore Bushcamp
Wandong Australiana Caravan Park,145.0196634,-37.3531635,Commercial / Resort
Yarrawonga Riverlands Tourist Park,145.9746002,-36.018788,Commercial / Resort
Nullagine Carvan Park,120.1069591,-21.8883201,Commercial / Resort
Unnamed Campsite,143.0042531,-35.9954179,Hardcore Bushcamp
Camp Wambelong,148.9773211,-31.2794884,Hardcore Bushcamp
Camp Walaay,148.9956232,-31.2753415,Commercial / Resort
Camp Blackman 3,148.9980103,-31.2759101,Commercial / Resort
Camp Blackman 2,148.9990933,-31.2776202,Commercial / Resort
Camp Blackman 1,148.9963319,-31.2773623,Hardcore Bushcamp
Edithburgh Caravan Park,137.7466711,-35.090379,Commercial / Resort
Unnamed Campsite,142.9107566,-35.9822207,Commercial / Resort
Gold Nugget Tourist Park,144.3160626,-36.6941781,Commercial / Resort
Unnamed Campsite,152.0441382,-28.1938324,Commercial / Resort
BIG4 Freedom Lifestyle Holiday Park Warwick,152.0194427,-28.2290483,Commercial / Resort
Barambah Bush Caravan & Camping Park,151.9817072,-26.2565418,Commercial / Resort
Pine Park Tourist Grounds and Marina,150.7260563,-34.9045939,Commercial / Resort
Apex RiverBeach Holiday Park,142.1635147,-34.1537535,Commercial / Resort
Green Lake,142.8502145,-35.5968021,Commercial / Resort
Nyah Village Caravan Park,143.3784137,-35.1822806,Commercial / Resort
Hilltop Resort,143.5305512,-35.2853454,Commercial / Resort
Scotts Reserve,146.2405816,-37.5594074,Hardcore Bushcamp
Tanunda Caravan & Tourist Park,138.9514721,-34.5306302,Commercial / Resort
Discovery Parks - Horseshoe Lagoon,144.7929155,-36.1132146,Commercial / Resort
Lorne Foreshore Caravan Park - Ocean Road,143.9742258,-38.5345642,Commercial / Resort
Lorne Foreshore Caravan Park - Erskine River,143.9747446,-38.535448,Commercial / Resort
Lorne Foreshore Caravan Park - Top Bank,143.9760352,-38.5355653,Commercial / Resort
Wyandra Camping,145.9773108,-27.2439385,Hardcore Bushcamp
Yarralumla BNT campsite,149.0711115,-35.3112701,Hardcore Bushcamp
Bushlands on the Murray Holiday Resort,145.5627281,-35.8196945,Commercial / Resort
Unnamed Campsite,143.3517224,-36.2673717,Commercial / Resort
Bundalong Holiday Resort,146.1597115,-36.0301442,Commercial / Resort
Golden Ponds,115.8640515,-32.2920101,Commercial / Resort
Discovery Parks Echuca,144.7931223,-36.1234386,Commercial / Resort
Rich River Tourist Park,144.7713572,-36.1277484,Commercial / Resort
Leitchville Van Camp,144.3022307,-35.9037121,Commercial / Resort
Gunbower Caravan Park,144.3632742,-35.9553005,Commercial / Resort
Notch Point Campground,149.475966,-21.7425938,Hardcore Bushcamp
Cobram East Caravan Park,145.6815071,-35.9494354,Commercial / Resort
Twin Lakes Village Caravan Park,152.6984197,-26.236935,Commercial / Resort
Unnamed Campsite,152.9122657,-25.722202,Commercial / Resort
Wooroonook Lake,143.1945911,-36.261229,Hardcore Bushcamp
Coonawarra Bush Holiday Park,140.8802609,-37.2255217,Commercial / Resort
Tiona Holiday Park,152.5200552,-32.3037654,Commercial / Resort
Nymboida Camping and Canoeing,152.7489082,-29.923775,Commercial / Resort
Grantville Lodge,145.5449809,-38.4197625,Hardcore Bushcamp
Shady Acres Caravan Park,143.9298007,-37.5646991,Commercial / Resort
Unnamed Campsite,143.6941489,-37.1688227,Commercial / Resort
Hallidays Point Caravan Park & Cabin Accommodation,152.5082723,-32.0635759,Commercial / Resort
Karuah Caravan Park,151.9643704,-32.6538807,Commercial / Resort
Bluewater Springs Roadhouse,145.6452777,-19.4113719,Commercial / Resort
Rustic Caravan Park,150.5003648,-35.2484465,Commercial / Resort
Merluna Station Campground,142.4474576,-13.0624698,Hardcore Bushcamp
General Camping,152.9523885,-26.8207622,Hardcore Bushcamp
Group Camping,152.9524143,-26.8191638,Hardcore Bushcamp
Artemis Station Campsite,143.5761031,-14.9786866,Hardcore Bushcamp
Lake Mannus Campground,147.9795266,-35.8118092,Hardcore Bushcamp
Daintree Beach Resort,145.4206901,-16.3295865,Hardcore Bushcamp
Sapphire 48Hr Camping Reserve,147.7200194,-23.4658158,Hardcore Bushcamp
Blue Gem Tourist Park,147.7224551,-23.4665115,Hardcore Bushcamp
Emerald Tourist Park,148.1574595,-23.5321549,Commercial / Resort
Murgon Free Camp,151.937617,-26.242194,Hardcore Bushcamp
Dallas Brooks Scout Park,145.3983946,-37.9926497,Hardcore Bushcamp
The Lakes Holiday Park,146.78405,-19.2723233,Commercial / Resort
Esperance River Campsite,146.9113984,-43.2987262,Hardcore Bushcamp
Tara Lagoon Parklands (3 loc),150.4626611,-27.2739834,Commercial / Resort
Tara Lagoon Parklands (3 loc),150.4614393,-27.2723385,Commercial / Resort
Tara Lagoon Parklands (3 loc),150.4601402,-27.2722816,Commercial / Resort
Trinity Plains Caravan Park,145.4639826,-17.0162603,Commercial / Resort
Moorrinya National Park Campground,144.9963886,-21.4197882,Hardcore Bushcamp
Maitland Caravan Park,151.5730141,-32.7425047,Commercial / Resort
Coach Stop Caravan Park,151.5651713,-32.7426726,Commercial / Resort
Country Acres Caravan Park,151.1487571,-32.5528865,Commercial / Resort
Cara Court Caravan Park,151.1664623,-32.5571508,Commercial / Resort
Adams Beach Campground,153.4070838,-27.5038574,Hardcore Bushcamp
Vivonne Bay Campground,137.1769173,-35.9838637,Hardcore Bushcamp
Ingenia Holidays Hunter Valley,151.3381411,-32.8315632,Hardcore Bushcamp
Unnamed Campsite,148.9131311,-34.8420416,Commercial / Resort
Harveys Return Campground,136.6377083,-35.7511473,Hardcore Bushcamp
Western River Cove,136.9717637,-35.6778101,Hardcore Bushcamp
Tea Tree Campsite,136.8665415,-36.0004978,Hardcore Bushcamp
American River Campground,137.7706635,-35.7876836,Hardcore Bushcamp
Kalaru Holiday Village,149.9345412,-36.7353364,Commercial / Resort
Avoca Caravan Park,143.4678472,-37.0938393,Hardcore Bushcamp
Unnamed Campsite,114.4612203,-26.4107187,Hardcore Bushcamp
Unnamed Campsite,145.6991468,-37.1948364,Commercial / Resort
Yalgoo Caravan Park,116.6817051,-28.3448201,Commercial / Resort
Unnamed Campsite,117.8503234,-28.0668156,Commercial / Resort
Unnamed Campsite,147.422132,-38.1943429,Hardcore Bushcamp
Max Cameron Campground A,149.552063,-33.4372427,Hardcore Bushcamp
Max Cameron Campground B,149.5538553,-33.4371784,Hardcore Bushcamp
Max Cameron Campground C,149.5558873,-33.4368714,Hardcore Bushcamp
Chase Campground C,149.5652713,-33.4428334,Hardcore Bushcamp
Chase Campground D,149.5661558,-33.4434426,Hardcore Bushcamp
Orchard Campground,149.5654623,-33.4463917,Hardcore Bushcamp
Chase Campground B,149.5653797,-33.4452132,Hardcore Bushcamp
Orchard Campground A,149.5635019,-33.4461031,Hardcore Bushcamp
Orchard Campground B,149.5650126,-33.4463559,Hardcore Bushcamp
Orchard Campground C,149.5669775,-33.4465977,Hardcore Bushcamp
Enduro Campground,149.5618193,-33.4485296,Hardcore Bushcamp
Reid Sulman Campground,149.5444127,-33.4520885,Hardcore Bushcamp
McPhillamy Campground,149.5488804,-33.4566942,Hardcore Bushcamp
McPhillamy Campground A,149.5471348,-33.4566547,Hardcore Bushcamp
McPhillamy Campground B,149.5496931,-33.4573866,Hardcore Bushcamp
Banksia Green Camping Area,152.3076049,-32.5495689,Hardcore Bushcamp
Miaree Pool Rest Area,116.6129818,-20.8540388,Hardcore Bushcamp
Zoofari Lodge,148.5816297,-32.2839759,Hardcore Bushcamp
Unnamed Campsite,136.6564477,-35.951723,Hardcore Bushcamp
Wirrulla Progress Caravan Park,134.5320986,-32.4045237,Commercial / Resort
Bald Rock Creek Camping Area,151.934649,-28.8329052,Hardcore Bushcamp
Racecourse Beach Tourist Park,150.3887047,-35.5370376,Commercial / Resort
Emerald Tiki Village Caravan Park,152.068094,-32.7703492,Commercial / Resort
The Retreat Port Stephens,152.0680766,-32.7711413,Commercial / Resort
Winderabandi Campground,113.7160154,-22.496669,Hardcore Bushcamp
Melaleuca Campground,146.1640115,-43.4181162,Hardcore Bushcamp
Port Pirie Beach Caravan Park,138.0236159,-33.1828058,Commercial / Resort
Sandy Point,113.7911416,-23.3230602,Hardcore Bushcamp
New Beach,113.7923631,-25.1550055,Hardcore Bushcamp
Billabong Camp,148.577538,-32.2757175,Hardcore Bushcamp
Perlubie Beach,134.2948722,-32.6611762,Hardcore Bushcamp
Barling Beach Holiday Park,150.2035813,-35.827792,Commercial / Resort
Forest Edge CYC,146.0213233,-37.9407987,Hardcore Bushcamp
Myall Shores Holiday Park,152.3014252,-32.5070314,Commercial / Resort
Kaniva Caravan Park,141.2399314,-36.3813366,Commercial / Resort
Rosebud Foreshore Section 10B,144.8949146,-38.3577936,Commercial / Resort
Rosebud Foreshore Section 10A,144.8931243,-38.3583787,Commercial / Resort
Rosebud Foreshore Section 11,144.8874737,-38.3599091,Commercial / Resort
A Friend's Place,150.5859542,-35.175753,Hardcore Bushcamp
Holiday Haven Swan Lake,150.5587447,-35.1955787,Commercial / Resort
Port Germein Caravan Park,137.9999705,-33.0222796,Commercial / Resort
Corinella Foreshore Caravan Park,145.4217539,-38.4084784,Hardcore Bushcamp
Yalata Caravan Park,131.8111386,-31.4950417,Commercial / Resort
Dzintari Group Accommodation,138.3358942,-35.4391325,Hardcore Bushcamp
Bool Lagoon Camping Area,140.7192921,-37.1043705,Hardcore Bushcamp
Riverside Caravan Park,150.5957863,-35.1676299,Hardcore Bushcamp
Seacrest Waterfront Caravan Park,150.5930194,-35.1691315,Hardcore Bushcamp
Alamein Caravan Park,150.5898241,-35.1747333,Hardcore Bushcamp
Samual Bollard Campground,147.3288812,-35.8993012,Hardcore Bushcamp
Longreach Showgrounds,144.2493925,-23.4363353,Hardcore Bushcamp
Miners Camp,115.5558588,-28.9578042,Hardcore Bushcamp
Mukinbudin Caravn Park,118.2062629,-30.9199934,Commercial / Resort
Beacon Caravan Park,117.8701582,-30.4527603,Commercial / Resort
Kalannie Rabbit Proof Fence Caravan Park,117.1135449,-30.3600143,Commercial / Resort
Unnamed Campsite,150.6012948,-35.0775838,Hardcore Bushcamp
Half Way Mill Caravan Park,115.331047,-30.0580803,Commercial / Resort
Bruinbun Reserve,149.4557172,-33.1472263,Hardcore Bushcamp
Cave Hole Reserve,149.4056846,-33.0726668,Hardcore Bushcamp
Mary Flynn Reserve,149.4006729,-33.0796217,Hardcore Bushcamp
Grimleys Hotel Reserve,149.3977279,-33.0979435,Hardcore Bushcamp
Randwick Hole Reserve,149.3940157,-33.1005117,Hardcore Bushcamp
Johnsons Hole Reserve,149.4125565,-33.1173541,Hardcore Bushcamp
Black Gate Reserve,149.4293565,-33.134779,Hardcore Bushcamp
Tattersalls Hole Reserve,149.4353458,-33.1403114,Hardcore Bushcamp
Amy Anderson Reserve,149.447405,-33.150505,Hardcore Bushcamp
Eneabba Overnight Stay,115.2641111,-29.8233934,Hardcore Bushcamp
Western Flora Caravan Park,115.2245311,-29.6253968,Commercial / Resort
Mingenew Spring Caravan Park,115.4378253,-29.1920622,Commercial / Resort
Wanderest Travellers Park,150.7557353,-33.5961499,Hardcore Bushcamp
Three Springs Short Stay Caravan Park,115.7612718,-29.5377584,Hardcore Bushcamp
Martins Tank,115.6683398,-32.8471201,Hardcore Bushcamp
"Twin Beaches Campground, north",151.1409411,-33.5317453,Hardcore Bushcamp
"Twin Beaches Campground, south",151.1402397,-33.5354399,Hardcore Bushcamp
Upper Colo Reserve,150.7327142,-33.4196239,Hardcore Bushcamp
Cattai Campground,150.8920053,-33.5542304,Hardcore Bushcamp
Potters Gorge,115.9805041,-33.3883508,Hardcore Bushcamp
Unnamed Campsite,150.9697776,-33.4016114,Hardcore Bushcamp
Unnamed Campsite,150.9673713,-33.4043655,Hardcore Bushcamp
Jarrahdene Campground,115.0873729,-34.1178221,Hardcore Bushcamp
Campground C1,147.3935437,-38.2173676,Hardcore Bushcamp
Campground C2,147.3892121,-38.2206806,Hardcore Bushcamp
Campground C4,147.3769385,-38.2298533,Hardcore Bushcamp
Campground C5,147.3758056,-38.2307253,Hardcore Bushcamp
Campground C6,147.3697548,-38.2352734,Hardcore Bushcamp
Campground C7,147.3652616,-38.2390663,Hardcore Bushcamp
Campground C8,147.3586935,-38.2441339,Hardcore Bushcamp
Campground C9,147.3559829,-38.2465639,Hardcore Bushcamp
Campground C10,147.3435308,-38.2561328,Hardcore Bushcamp
Campground C11,147.3404092,-38.2588298,Hardcore Bushcamp
Campground C12,147.3115985,-38.2815791,Hardcore Bushcamp
Campground C14,147.2597361,-38.3224947,Hardcore Bushcamp
Campground C15,147.2587087,-38.3234794,Hardcore Bushcamp
Campground C16,147.2559548,-38.325615,Hardcore Bushcamp
Campground C17,147.2547058,-38.3264145,Hardcore Bushcamp
Campground C18,147.2451948,-38.3338352,Hardcore Bushcamp
Campground C19,147.2436966,-38.3354748,Hardcore Bushcamp
Three Mile Bend camping area,139.9934473,-37.4522942,Hardcore Bushcamp
Koojarewon Lutheran Camp,151.9611779,-27.4631089,Hardcore Bushcamp
Coledale Beach Camping Reserve,150.9484283,-34.2873996,Commercial / Resort
Wirraglen Scout Camp,151.9580639,-27.4362932,Hardcore Bushcamp
gravel pit campsite,125.0079527,-17.4424723,Hardcore Bushcamp
Corrigin Caravan Park,117.8788567,-32.331659,Hardcore Bushcamp
Gnaala Mia Campground,116.8726773,-32.8092058,Hardcore Bushcamp
Toowoomba Showgrounds Caravan Park,151.8842098,-27.5611235,Hardcore Bushcamp
Yadboro Flat,150.2173108,-35.3402753,Hardcore Bushcamp
48Hr RV Parking Self Contained,118.1522168,-31.8733575,Hardcore Bushcamp
Dawsons Spring Campground,150.1641845,-30.2810544,Hardcore Bushcamp
Minnivale Camground,117.1854379,-31.1386025,Hardcore Bushcamp
Dowerin Motel and Caravan Park,117.0329751,-31.195236,Hardcore Bushcamp
Doweriin Short Stay Accomodation and Caravan Park,117.0334304,-31.1899662,Commercial / Resort
Pingrup End of the Line Caravan Park and Outback Accomodation,118.5108841,-33.535096,Commercial / Resort
Bournda National Park Field Studies Huts,149.9334747,-36.8139935,Hardcore Bushcamp
Kirup Tavern Caravan Park,115.8926843,-33.7079945,Commercial / Resort
Kendenup Agricutural Grounds Nature Based Campground,117.6138734,-34.4908077,Commercial / Resort
Leaning Marri,115.8750782,-34.5385291,Hardcore Bushcamp
Normans Beach,118.2143291,-34.9212457,Hardcore Bushcamp
East Bay,118.1796686,-34.9380116,Hardcore Bushcamp
Bettys Beach,118.2081218,-34.9369781,Hardcore Bushcamp
Unnamed Campsite,150.595994,-35.153735,Hardcore Bushcamp
Lake Burbury Campground,145.6753421,-42.0961738,Hardcore Bushcamp
The Gums Campground,145.3929988,-37.470154,Hardcore Bushcamp
Camp site #2,152.2497198,-28.0008202,Hardcore Bushcamp
main camp site,152.2534135,-27.9964178,Hardcore Bushcamp
Barnett River Campsite,126.1253,-16.5388515,Hardcore Bushcamp
Wavecrest Village & Tourist Park,120.1356369,-33.9181094,Commercial / Resort
Southern Cross Caravan Park,144.4108435,-28.9963012,Hardcore Bushcamp
Gemtree Caravan Park,134.2413064,-22.9686297,Commercial / Resort
Surprise Creek Falls,130.7836719,-13.4043303,Hardcore Bushcamp
Tjaynera Falls Campground (Sandy Creek campground),130.7450131,-13.2499709,Hardcore Bushcamp
Broome's Gateway Caravan Park,122.454908,-17.8509828,Commercial / Resort
Galena Bridge Rest Area North (Murchison River),114.6916123,-27.8252698,Hardcore Bushcamp
Yacka Caravan Park,138.4450403,-33.5684457,Commercial / Resort
Kulgun Glade,152.8903393,-27.3721313,Hardcore Bushcamp
Cub Scout Glade,152.8907523,-27.3734263,Hardcore Bushcamp
Chernobyl Glade,152.8911338,-27.3727467,Hardcore Bushcamp
The Drum Glade,152.8915344,-27.3736092,Hardcore Bushcamp
Native Dog Reserve,149.4312642,-33.1317822,Hardcore Bushcamp
Narrandera Caravan Park,146.5403659,-34.7631629,Commercial / Resort
Wagga Wagga Tourist Park,147.4777749,-35.1535054,Commercial / Resort
Airport Tourist Park,147.4652371,-35.1489144,Hardcore Bushcamp
Unnamed Campsite,117.660106,-34.617126,Commercial / Resort
Kalgan River Caravan Park and Chalets,117.9761829,-34.9416459,Commercial / Resort
East Baines Crossing,130.2954165,-15.9714012,Hardcore Bushcamp
Drovers Rest,130.2000318,-15.8886552,Hardcore Bushcamp
Badja Recreation Reserve - West,149.348498,-36.1742833,Hardcore Bushcamp
Starview Primitive Campsite,141.4423455,-31.9073243,Hardcore Bushcamp
Four Mile Campground,120.0386113,-33.9226058,Hardcore Bushcamp
South Goulburn Caravan Park,149.6952141,-34.7714261,Commercial / Resort
Waterfalls Campground,143.3671113,-37.0985039,Hardcore Bushcamp
Exmouth Overflow Camp Grounds,114.1291859,-21.930193,Hardcore Bushcamp
Marrinup Townsite Camping Area,116.0279766,-32.7022006,Hardcore Bushcamp
Kolah Hut Camping Area,135.5883066,-32.5569429,Hardcore Bushcamp
Waddy Point Beachfront Campground,153.3388398,-24.9664106,Hardcore Bushcamp
Unnamed Campsite,146.556972,-37.172921,Hardcore Bushcamp
RV stop,146.3260421,-38.3225671,Commercial / Resort
Black Point Caravan Park,137.8821939,-34.607014,Hardcore Bushcamp
Moonlight Bay,135.9976753,-34.5123893,Hardcore Bushcamp
Etty Bay Cabins and Caravan Park,146.0895674,-17.5575156,Hardcore Bushcamp
Casterton Council Caravan Park,141.4053981,-37.5812871,Hardcore Bushcamp
Drummonds Cove Holiday Park,114.6161201,-28.6542408,Commercial / Resort
Butchers Flat,149.0358967,-33.8474475,Hardcore Bushcamp
Hells Gate Roadhouse Camping,138.357384,-17.4547035,Hardcore Bushcamp
Blue Wren Gardens and Accommodation,146.1353624,-41.1380304,Commercial / Resort
Unnamed Campsite,139.505246,-35.3009799,Commercial / Resort
Unnamed Campsite,139.5053469,-35.3011111,Commercial / Resort
Unnamed Campsite,139.504304,-35.3010483,Commercial / Resort
Unnamed Campsite,139.5041585,-35.3011282,Commercial / Resort
Unnamed Campsite,139.5044308,-35.3009804,Commercial / Resort
Unnamed Campsite,139.5045764,-35.3009005,Commercial / Resort
Unnamed Campsite,139.504014,-35.3004714,Commercial / Resort
Unnamed Campsite,139.5041595,-35.3003915,Commercial / Resort
Unnamed Campsite,139.5037414,-35.3006222,Commercial / Resort
Unnamed Campsite,139.503887,-35.3005423,Commercial / Resort
Unnamed Campsite,139.5036223,-35.3006931,Commercial / Resort
Unnamed Campsite,139.5034714,-35.3007877,Commercial / Resort
Unnamed Campsite,139.5040341,-35.3011918,Commercial / Resort
Unnamed Campsite,139.5038615,-35.3012073,Commercial / Resort
Unnamed Campsite,139.5053635,-35.3006561,Commercial / Resort
Unnamed Campsite,139.5053037,-35.3005864,Commercial / Resort
Unnamed Campsite,139.5052498,-35.3005207,Commercial / Resort
Unnamed Campsite,139.5051909,-35.3004513,Commercial / Resort
Unnamed Campsite,139.5051338,-35.3003825,Commercial / Resort
Unnamed Campsite,139.5050752,-35.300314,Commercial / Resort
Unnamed Campsite,139.5050185,-35.3002458,Commercial / Resort
Unnamed Campsite,139.504961,-35.3001773,Commercial / Resort
Unnamed Campsite,139.5049012,-35.3001081,Commercial / Resort
Unnamed Campsite,139.5048425,-35.3000375,Commercial / Resort
Unnamed Campsite,139.5047855,-35.2999707,Commercial / Resort
Unnamed Campsite,139.5047277,-35.2998987,Commercial / Resort
Unnamed Campsite,139.5049664,-35.2997567,Commercial / Resort
Unnamed Campsite,139.5050249,-35.2998295,Commercial / Resort
Unnamed Campsite,139.5050831,-35.2998968,Commercial / Resort
Unnamed Campsite,139.5056065,-35.3005266,Commercial / Resort
Unnamed Campsite,139.5055426,-35.3004495,Commercial / Resort
Unnamed Campsite,139.5054842,-35.3003813,Commercial / Resort
Unnamed Campsite,139.5054283,-35.3003121,Commercial / Resort
Unnamed Campsite,139.50537,-35.3002432,Commercial / Resort
Unnamed Campsite,139.5053123,-35.3001747,Commercial / Resort
Unnamed Campsite,139.5052568,-35.3001058,Commercial / Resort
Unnamed Campsite,139.5051985,-35.3000346,Commercial / Resort
Unnamed Campsite,139.5051392,-35.2999657,Commercial / Resort
Unnamed Campsite,139.5061149,-35.3000311,Hardcore Bushcamp
Unnamed Campsite,139.506342,-35.3001885,Hardcore Bushcamp
Unnamed Campsite,139.506032,-35.2996935,Hardcore Bushcamp
Unnamed Campsite,139.5057214,-35.299497,Hardcore Bushcamp
Unnamed Campsite,139.5054237,-35.2993234,Hardcore Bushcamp
BIG4 The Bend,139.5049234,-35.3003906,Commercial / Resort
Shell Beach Campground,136.873677,-35.1953464,Hardcore Bushcamp
The Lodge of Dundee,130.3514296,-12.7167454,Commercial / Resort
BIG4 Breeze Cania Gorge,150.9629989,-24.6613284,Commercial / Resort
Orana Girls Guides,147.4980009,-42.891659,Hardcore Bushcamp
Bacchus Marsh Caravan Park,144.4262316,-37.6713695,Commercial / Resort
Gayndah Heritage Railway,151.6109161,-25.6159451,Commercial / Resort
Southside Holiday Village,150.5045986,-23.4029911,Commercial / Resort
Unnamed Campsite,133.4587253,-16.3031539,Hardcore Bushcamp
Sandstone Park,148.2774572,-25.073753,Hardcore Bushcamp
Ayers Rock Campground Overflow,130.9889301,-25.2331164,Hardcore Bushcamp
Mapleton Cabins & Caravan Park,152.8590965,-26.6289176,Commercial / Resort
Biloela Caravan & Tourist Park,150.4955877,-24.4090454,Commercial / Resort
Biloela Heritage Park,150.4993126,-24.4027571,Commercial / Resort
Jamieson Track Camping Area,143.9180082,-38.5966006,Hardcore Bushcamp
Lawgi Heritage Park & Farm Stay,150.6692657,-24.5822297,Hardcore Bushcamp
Ilfracombe Van Park,144.5093734,-23.4903446,Commercial / Resort
Unnamed Campsite,145.3623498,-16.9244599,Hardcore Bushcamp
Lake Gilles Conservation Park,136.6051958,-33.0349842,Hardcore Bushcamp
Reception - Big 4 Myall Holiday Resort,152.2070333,-32.4105847,Commercial / Resort
Yangie Bay Camp Ground,135.3616861,-34.6400333,Hardcore Bushcamp
Unnamed Campsite,128.7378632,-15.7773434,Commercial / Resort
Unnamed Campsite,128.7426688,-15.7830094,Commercial / Resort
Mongers Lake Camp,117.2118768,-29.1261813,Hardcore Bushcamp
John Forrest Lookout,116.7311148,-29.3054844,Hardcore Bushcamp
Monto Caravan & Cabin Park,151.1126225,-24.8639944,Commercial / Resort
Mikkira Station Campground,135.6867778,-34.8267931,Hardcore Bushcamp
Unnamed Campsite,128.7410196,-15.8055841,Hardcore Bushcamp
Pink Gum,138.5977782,-35.1494384,Hardcore Bushcamp
Trephina Gorge Panorama Campground,134.3968785,-23.5226062,Hardcore Bushcamp
Will's Beach Shack,139.8604841,-36.7856096,Hardcore Bushcamp
Southend Bush Camp,140.1295651,-37.5658495,Hardcore Bushcamp
Karijini Eco Retreat,118.2640136,-22.3874626,Hardcore Bushcamp
Karijini Overflow Campground,118.4760998,-22.4870963,Hardcore Bushcamp
Dales Camp Ground,118.5512808,-22.469632,Hardcore Bushcamp
Woomelang Caravan Park,142.6644786,-35.6818179,Commercial / Resort
Greens Lake Camping Area,144.8293412,-36.4376773,Hardcore Bushcamp
Leigh Creeek Hotel Caravan Park,138.4235685,-30.5544979,Commercial / Resort
Miliyanha Campground,117.072524,-21.5871559,Hardcore Bushcamp
Stargazers Campground,117.0877402,-21.59767,Hardcore Bushcamp
Crescent Camp,146.1049019,-36.4821906,Hardcore Bushcamp
Nesting Camp Ground,146.1140992,-36.4463427,Hardcore Bushcamp
Wagoe Chalets & Camping Area,114.1349781,-27.8855268,Hardcore Bushcamp
Lake Wyangan,146.01657,-34.2127237,Hardcore Bushcamp
Wooldridge (Uralla) Fossicking Area,151.4715597,-30.628766,Hardcore Bushcamp
Fowlers Bay Bush Camp,132.437266,-31.9555186,Hardcore Bushcamp
Unnamed Campsite,150.9134451,-33.9729871,Hardcore Bushcamp
Unnamed Campsite,150.9147873,-33.9738833,Hardcore Bushcamp
Baffle Creek Hideaway,151.9106723,-24.4909232,Hardcore Bushcamp
Ground #5,150.8129065,-34.2377391,Hardcore Bushcamp
Turtons Creek Reserve,146.2500277,-38.534488,Hardcore Bushcamp
Campsite A,150.9881501,-34.1405799,Hardcore Bushcamp
Campsite B,150.9875798,-34.1418273,Hardcore Bushcamp
Campsite N,150.9890024,-34.1434578,Hardcore Bushcamp
Campsite H,150.9836133,-34.1464528,Hardcore Bushcamp
Campsite J,150.9844822,-34.1459957,Hardcore Bushcamp
Campsite K,150.9850057,-34.1448022,Hardcore Bushcamp
Campsite L,150.9857111,-34.144886,Hardcore Bushcamp
Campsite M,150.9864787,-34.1438838,Hardcore Bushcamp
Campsite G,150.9822218,-34.1453828,Hardcore Bushcamp
Campsite E,150.9825543,-34.1434873,Hardcore Bushcamp
Campsite F,150.9821719,-34.1440962,Hardcore Bushcamp
Campsite D,150.9850883,-34.1431288,Hardcore Bushcamp
Campsite C,150.9856719,-34.1410759,Hardcore Bushcamp
Bell Gorge Wildernesss Lodge,125.4676639,-17.1526795,Hardcore Bushcamp
Wandoo Reserve,115.2377589,-30.2242098,Hardcore Bushcamp
Karda Campground,115.2525875,-30.2006996,Hardcore Bushcamp
Knorrit Flat Riverside Retreat & Camping,152.0600185,-31.7974041,Hardcore Bushcamp
Neds Campground,113.9335401,-21.9996115,Hardcore Bushcamp
North Mandu,113.8727774,-22.1421235,Hardcore Bushcamp
Sal Salis Ningaloo Reef,113.867773,-22.1512136,Hardcore Bushcamp
North Kurrajong,113.8612103,-22.172618,Hardcore Bushcamp
Bungarra,113.8403816,-22.2468194,Hardcore Bushcamp
Yardie Creek,113.8132431,-22.3208431,Hardcore Bushcamp
Keera Road - Gwydir River Camps,150.5951234,-29.8640752,Hardcore Bushcamp
Lake Argyle Resort,128.7405298,-16.1125101,Commercial / Resort
Lee and Jenny's Bush Camp,130.6575984,-13.6642528,Commercial / Resort
Stuarts Well Roadhouse Freecamp,133.4597986,-24.3388328,Hardcore Bushcamp
Unnamed Campsite,128.7550637,-15.8597394,Hardcore Bushcamp
Kirkalocka 24hr Rest Area,117.7798987,-28.5908708,Hardcore Bushcamp
Pelican Rest Tourist Park,148.6000942,-28.0276932,Commercial / Resort
Wallam Creek (Yumba),147.4767504,-28.0269004,Hardcore Bushcamp
Harvey Rainbow Caravan Park,115.9027332,-33.0791783,Commercial / Resort
Unnamed Campsite,128.2472503,-16.3090842,Commercial / Resort
Unnamed Campsite,128.1138384,-15.4814025,Commercial / Resort
Delegate Recreation Reserve,148.9468858,-37.0399093,Commercial / Resort
Hortens Creek,152.6809986,-30.0003798,Hardcore Bushcamp
Boomerang Caravan & Tourist Park,150.5101929,-24.4021889,Commercial / Resort
Carrolls Spring,144.1685754,-37.4983498,Hardcore Bushcamp
Cool Waters Holiday Park,145.7079051,-16.9034113,Commercial / Resort
Tidal River,146.3198583,-39.0316462,Hardcore Bushcamp
Lascelles campground,142.5798802,-35.6076762,Hardcore Bushcamp
Unnamed Campsite,148.7341459,-20.3053678,Hardcore Bushcamp
Cobram Willows Holiday Park,145.6305225,-35.9243728,Commercial / Resort
Hillside Garden Village,116.0178202,-32.1681477,Commercial / Resort
Temple Gorge Campground,115.1765757,-24.6625465,Hardcore Bushcamp
Bush Camp,116.9083715,-24.3081764,Hardcore Bushcamp
Mount Augustus Tourist Park,116.908806,-24.3088273,Commercial / Resort
Caravan Park,133.215398,-15.5738887,Commercial / Resort
Redcliff Campsite,136.1168095,-34.4648308,Hardcore Bushcamp
Unnamed Campsite,145.9456708,-18.4163431,Hardcore Bushcamp
Tully Gorge Camping Area,145.6503005,-17.772904,Hardcore Bushcamp
McKinnon Point,147.1065503,-37.7621113,Hardcore Bushcamp
Maaroom Caravan Park,152.8707717,-25.6127719,Commercial / Resort
Murchison Oasis Roadhouse & Caravan Park,115.9580462,-26.8951977,Commercial / Resort
Forbes Apex Riverside Tourist Park,148.0187123,-33.4017027,Commercial / Resort
Callide Dam Accomodation,150.6121066,-24.3719027,Hardcore Bushcamp
Unnamed Campsite,146.1494669,-18.9572423,Hardcore Bushcamp
Unnamed Campsite,150.6885413,-32.3888717,Commercial / Resort
Denman Van Village,150.684503,-32.3938732,Commercial / Resort
Swamp Creek Reserve,151.143165,-31.4359386,Hardcore Bushcamp
Hamelin Outback Station Stay,114.1917095,-26.4249351,Hardcore Bushcamp
Unnamed Campsite,145.066343,-36.8529648,Hardcore Bushcamp
Parry Creek,128.2788648,-15.5976536,Commercial / Resort
Smoke Bush Reserve,115.2972805,-30.224503,Hardcore Bushcamp
Yonga Campground,115.2077758,-30.1046235,Hardcore Bushcamp
Unnamed Campsite,142.3721271,-35.7253145,Hardcore Bushcamp
Killalea State Park Camping Area,150.8536039,-34.6111442,Hardcore Bushcamp
Lake Tooliorook Campsite,143.2852477,-37.9775331,Hardcore Bushcamp
Inglewood Motel And Caravan Park,143.8625892,-36.5650411,Commercial / Resort
Reflections Ballina - Holiday Park,153.5670459,-28.8727913,Commercial / Resort
Bordertown Caravan Park,140.7724483,-36.3068386,Commercial / Resort
BIG4 River Myall Holiday Resort,152.2065844,-32.4113517,Commercial / Resort
Camp on Allyn,151.5624503,-32.4423785,Commercial / Resort
Goongerah Camping Area,148.7006887,-37.343027,Hardcore Bushcamp
Bummaroo Ford campground,149.7431408,-34.1934009,Hardcore Bushcamp
Ingenia Holiday Park,150.4622511,-35.3735229,Hardcore Bushcamp
Beachside,150.4607221,-35.3777865,Commercial / Resort
Holiday Haven Burrlil Lake,150.449397,-35.3882772,Commercial / Resort
Australian Motorhomes Tourist Park,151.8686136,-32.6543777,Commercial / Resort
Port Augusta Motorhome Park,137.7857644,-32.5114422,Commercial / Resort
Bonney's Wa Motorhome Park,115.8550499,-32.2829303,Commercial / Resort
Dixons Kingdom Camping Area,146.3055243,-41.8300655,Hardcore Bushcamp
Kalgoorlie Caravan Park,121.4500479,-30.7648688,Commercial / Resort
Tongala Caravan Park,144.9594646,-36.2560809,Commercial / Resort
Lockington Travellers Rest,144.5345468,-36.2701858,Commercial / Resort
BIG4 Casino Holiday Park,153.0489268,-28.8771452,Commercial / Resort
Edgewater Holiday Park,152.8758569,-31.4236834,Commercial / Resort
Apsley Gorge Campground,151.7621695,-31.0539835,Hardcore Bushcamp
Scamander Sanctuary Holiday Park,148.2611941,-41.4677679,Hardcore Bushcamp
Scamander Sanctuary Holiday Park,148.258969,-41.466958,Commercial / Resort
Goroke Accommodation Park,141.4669101,-36.7206405,Commercial / Resort
Jubilee Lake Holiday Park,144.1502001,-37.366724,Commercial / Resort
Johanna (GOW),143.3702722,-38.7580472,Hardcore Bushcamp
Unnamed Campsite,153.188085,-27.9132143,Commercial / Resort
Airy Gap Campground,150.0392219,-33.1093724,Hardcore Bushcamp
Shippens Flat,146.9050678,-36.9230779,Hardcore Bushcamp
New Chum Flat,146.9200934,-36.9253746,Hardcore Bushcamp
Self Containted Caravan Area 24HR Limit,149.1095565,-33.2692332,Commercial / Resort
Scotts Homestead Camping Area,147.3513236,-37.5706,Hardcore Bushcamp
Mooraback Campground,152.2152081,-31.1469483,Hardcore Bushcamp
Kyabram Western Gums Tourist Park,145.0309653,-36.3088794,Commercial / Resort
Black Bull,145.3450027,-36.3957687,Commercial / Resort
Italian Flat,147.2646674,-37.4087494,Hardcore Bushcamp
Yarra Adventure Park,152.9934396,-30.7890229,Commercial / Resort
Stuarts Point Holiday Park,152.9938138,-30.8236651,Commercial / Resort
Quandamooka Truth Embassy,153.5444131,-27.4338463,Hardcore Bushcamp
Upper Butterfly Gorge,131.5844674,-13.7322133,Hardcore Bushcamp
The Plateau,131.5807894,-13.6647156,Hardcore Bushcamp
Station Creek Campground,153.2468212,-29.9511326,Hardcore Bushcamp
Rainbow Caravan Park,141.9932271,-35.9051392,Hardcore Bushcamp
Camp Elim,152.5257859,-32.2685132,Hardcore Bushcamp
Discovery Parks Forster,152.4704686,-32.0985222,Commercial / Resort
Boundary Falls Camping Area,152.2491958,-29.5354839,Hardcore Bushcamp
Diggers Rest 4 Camping,142.6308646,-37.0104936,Hardcore Bushcamp
Diggers Rest 3 Camping,142.6281135,-37.010338,Hardcore Bushcamp
Tysers Camping,142.6349506,-37.0106545,Hardcore Bushcamp
Diggers Rest 2 Camping,142.6261296,-37.0078879,Hardcore Bushcamp
Diggers Rest 1 Camping,142.6241894,-37.0080607,Hardcore Bushcamp
Mulligans Campground,152.3592144,-29.5157467,Hardcore Bushcamp
Flat Rock 2 Camping,142.6196724,-37.009423,Hardcore Bushcamp
Flat Rock 1 Camping,142.6173223,-37.0079277,Hardcore Bushcamp
North Boat Ramp Camping,142.6116141,-37.0083966,Hardcore Bushcamp
Elliotts Camping,142.6064449,-37.0098633,Hardcore Bushcamp
Arthur River,145.4071226,-41.117947,Hardcore Bushcamp
Mission Beach Camping & Caravan Park,146.1091569,-17.8646765,Commercial / Resort
High Country Holiday Park,146.0821321,-37.0531768,Commercial / Resort
Langi Ghiran,143.0916305,-37.290273,Hardcore Bushcamp
Bucks Camp,140.2941544,-35.9252803,Hardcore Bushcamp
Unnamed Campsite,142.5401312,-37.0603457,Hardcore Bushcamp
Unnamed Campsite,142.5407597,-37.0614323,Hardcore Bushcamp
Plantation Campground,142.5157617,-37.0590013,Hardcore Bushcamp
Unnamed Campsite,115.6460494,-33.322599,Commercial / Resort
Unnamed Campsite,115.6464639,-33.3214324,Commercial / Resort
Unnamed Campsite,115.6451407,-33.3222837,Commercial / Resort
Discovery Parks - Goolwa,138.7727334,-35.496792,Commercial / Resort
Dunedoo Caravan Park,149.3893802,-32.0151453,Commercial / Resort
Cowra Showground Caravan Park,148.6739597,-33.8331244,Commercial / Resort
Busselton Baptist Camping Centre,115.2372662,-33.6572652,Commercial / Resort
Anderson Mill camp ground,145.7366297,-37.5427248,Hardcore Bushcamp
Fergy's Paddock Camp Site,146.1683276,-42.1143392,Hardcore Bushcamp
Rivermouth Caravan Park,117.3667,-34.9698651,Commercial / Resort
Old Mac's Caravan and Motorhome Farm Stay,147.1819809,-41.4494126,Hardcore Bushcamp
Tunks Ridge Campground,151.0811469,-33.6787107,Hardcore Bushcamp
Black Springs,146.1820685,-36.3320171,Hardcore Bushcamp
Unnamed Campsite,146.18381,-36.3314806,Hardcore Bushcamp
Burrowye Bend - Murray River Reserve,147.5265278,-35.9881372,Hardcore Bushcamp
Wolfe Creek Campground,127.7866995,-19.1764718,Hardcore Bushcamp
Champion road,145.4151606,-41.1462459,Hardcore Bushcamp
Southport Hotel Caravan Park,146.9745493,-43.4246981,Commercial / Resort
Bush Park,118.6057591,-34.4895156,Commercial / Resort
Murtoa Caravan Park,142.4661753,-36.6220552,Commercial / Resort
Derwent Bridge Hotel Campsite,146.2295663,-42.1366187,Hardcore Bushcamp
Derwent Bridge Hotel Campsite,146.2284233,-42.137265,Hardcore Bushcamp
AAOK Moondarra Caravan Park,139.4979416,-20.6809966,Hardcore Bushcamp
Strahan Beach Tourist Park,145.3174268,-42.153061,Hardcore Bushcamp
Unnamed Campsite,151.7712477,-28.5819315,Hardcore Bushcamp
"Boyne Valley Discovery Centre, Ubobo",151.3195141,-24.4047325,Hardcore Bushcamp
Tulki Beach Campsite,113.8985257,-22.0755091,Hardcore Bushcamp
The Oaks Camping Ground,151.3316643,-23.7594223,Hardcore Bushcamp
Brigalow Creek (North)  Camping Area / Meandarra Powered Camping Area,149.8800209,-27.3215535,Commercial / Resort
Meandarra Caravan Park,149.8809085,-27.3268699,Commercial / Resort
Toongi Recreation Reserve,148.5835409,-32.4494987,Hardcore Bushcamp
Beeripmo Campground,143.2484954,-37.3004203,Hardcore Bushcamp
Wellington Valley Caravan Park,148.9446966,-32.565121,Commercial / Resort
Black Spur Caravan Park,145.639223,-37.572129,Commercial / Resort
Acheron Campground,145.6915587,-37.5765195,Hardcore Bushcamp
Unnamed Campsite,152.2744649,-27.5551274,Commercial / Resort
Unnamed Campsite,153.092036,-27.5680954,Hardcore Bushcamp
Unnamed Campsite,153.0933474,-27.5669402,Hardcore Bushcamp
Victoria Park Campground,144.6566837,-38.2711475,Hardcore Bushcamp
Point Leo Foreshore Reserve,145.075913,-38.4242301,Hardcore Bushcamp
Point Leo Foreshore Reserve,145.0728678,-38.4233533,Hardcore Bushcamp
Boundry Gap,142.5936817,-37.3136439,Hardcore Bushcamp
Bomjinna,142.6132803,-37.2723457,Hardcore Bushcamp
First Wannon Camp,142.5882466,-37.3204195,Hardcore Bushcamp
Gliding Club of Western Australia - Member's Caravan Park,117.2247894,-31.6229941,Hardcore Bushcamp
Blue Gum Flat,152.7867559,-27.4733038,Hardcore Bushcamp
Camerons,143.2975011,-37.0939709,Hardcore Bushcamp
King River Palms Caravan Park,117.9030589,-34.9385057,Hardcore Bushcamp
Waterloo Plains Environmental Park,149.9581749,-26.1173983,Hardcore Bushcamp
Kempsey Showground Camping,152.829581,-31.0738644,Commercial / Resort
Morisset Showground Camping,151.4792635,-33.1090219,Commercial / Resort
Brushy Mountain Campground,152.3610881,-31.1467573,Hardcore Bushcamp
Bedford Weir Camping Reeerve,148.8385825,-23.3742983,Hardcore Bushcamp
River Drive Caravan Park,146.0303032,-17.5350403,Commercial / Resort
Unnamed Campsite,142.9897855,-37.289776,Hardcore Bushcamp
RAC Busselton Holiday Park,115.2488217,-33.6625636,Commercial / Resort
Unnamed Campsite,115.2492296,-33.6629376,Commercial / Resort
Unnamed Campsite,115.2486258,-33.6626358,Commercial / Resort
Unnamed Campsite,115.2482714,-33.6616182,Hardcore Bushcamp
Unnamed Campsite,115.2487997,-33.6617016,Commercial / Resort
Unnamed Campsite,115.2490656,-33.6613986,Commercial / Resort
Unnamed Campsite,115.2493617,-33.6617802,Commercial / Resort
Unnamed Campsite,115.248766,-33.6610314,Commercial / Resort
Unnamed Campsite,115.2493109,-33.6607918,Commercial / Resort
Unnamed Campsite,115.2484598,-33.6616303,Hardcore Bushcamp
Unnamed Campsite,115.2487562,-33.6613122,Commercial / Resort
Unnamed Campsite,115.2492931,-33.6626909,Commercial / Resort
Unnamed Campsite,115.2482765,-33.6627148,Commercial / Resort
Unnamed Campsite,115.2491236,-33.6630428,Hardcore Bushcamp
Unnamed Campsite,115.2497039,-33.6628429,Commercial / Resort
Unnamed Campsite,115.2490362,-33.660736,Commercial / Resort
Unnamed Campsite,115.2496766,-33.66171,Commercial / Resort
Unnamed Campsite,115.249679,-33.6611603,Commercial / Resort
Unnamed Campsite,115.2493492,-33.6613663,Commercial / Resort
Unnamed Campsite,115.2490715,-33.661858,Commercial / Resort
Unnamed Campsite,115.2492521,-33.6610442,Commercial / Resort
Unnamed Campsite,115.2486957,-33.6607937,Commercial / Resort
Unnamed Campsite,115.2480508,-33.6616023,Hardcore Bushcamp
Red Bluff,140.9984674,-35.8769929,Hardcore Bushcamp
Unnamed Campsite,140.3360195,-35.9248983,Hardcore Bushcamp
Parker Hill Campground,143.5588671,-38.8472328,Hardcore Bushcamp
Moura Apex River Park,149.9107173,-24.5990163,Hardcore Bushcamp
Aberfeldy River Campground,146.4318355,-37.8534013,Hardcore Bushcamp
O'Brien Glade,152.8908925,-27.3767008,Hardcore Bushcamp
Skip Clarke Glade,152.8922015,-27.3751252,Hardcore Bushcamp
Warra Cora Glade,152.8920804,-27.376967,Hardcore Bushcamp
Crystal Brook Tourist Park,145.1788733,-37.7505716,Commercial / Resort
Injune Caravan Park,148.5676897,-25.8449908,Commercial / Resort
Major Mitchell Caravan Park,147.9825322,-26.4859479,Commercial / Resort
Reflections Hungry Head Holiday Park,153.0249614,-30.5203688,Hardcore Bushcamp
Reflections Ferry Reserve Holiday & Caravan Park,153.5373386,-28.5330331,Commercial / Resort
Glen Hope Station Campground,143.0662264,-30.7389934,Commercial / Resort
Unnamed Campsite,138.2778053,-30.0607266,Commercial / Resort
Base Canp,150.1482473,-34.4139603,Hardcore Bushcamp
Woods Reserve Recreation Area,148.9390533,-35.4809693,Hardcore Bushcamp
Unnamed Campsite,151.0476357,-34.0201354,Commercial / Resort
Nanango RV Park,152.0011189,-26.6684156,Commercial / Resort
Horseshoe Bay Holiday Park,153.0395976,-30.8835017,Commercial / Resort
4 Currawong Camp,146.6127619,-37.5525626,Hardcore Bushcamp
Cangai Bridge Reserve,152.466875,-29.4901961,Hardcore Bushcamp
Cangai Broadwater Reserve,152.4942496,-29.4495781,Hardcore Bushcamp
Lilydale Reserve,152.6683009,-29.5486052,Hardcore Bushcamp
Jabour Park Camping,152.9229679,-29.703922,Hardcore Bushcamp
Browns Rock Caravan Park,153.2953076,-29.3770263,Commercial / Resort
Broadwater Recreational Reserve,152.0362349,-26.4941125,Hardcore Bushcamp
Broken Bucket Tank,141.3996089,-35.9676212,Hardcore Bushcamp
Mitchell Showgrounds - Camp Area Special Events / By Prior Approval,147.9802972,-26.4953139,Commercial / Resort
Augathella on the Highway Motel and Caravan Park,146.5925898,-25.7953624,Commercial / Resort
Lake Coolamunda Camping Area,151.21564,-28.4221044,Hardcore Bushcamp
Cooinda Camp,138.5501446,-31.5305501,Hardcore Bushcamp
Berrara Beach Holiday Chalets,150.5490008,-35.2088075,Commercial / Resort
Unnamed Campsite,136.7072723,-12.1939123,Hardcore Bushcamp
Unnamed Campsite,136.7071087,-12.1932662,Hardcore Bushcamp
Mirimbah Campsite,146.4011316,-37.11161,Hardcore Bushcamp
Lang Lang Caravan & Camping Park,145.5194681,-38.3110497,Hardcore Bushcamp
Florida Rest Area,146.3508798,-31.5324716,Hardcore Bushcamp
Unnamed Campsite,146.0947715,-36.9345792,Hardcore Bushcamp
A-Line Holiday Village,144.2380573,-36.8317609,Commercial / Resort
Stuart River Rest Area,151.6477472,-26.3727987,Hardcore Bushcamp
Oberon Caravan Park,149.8563361,-33.6972358,Commercial / Resort
Lake Wuruma Campground,150.9900486,-25.1975396,Hardcore Bushcamp
Proston Free Campground,151.5997971,-26.1627029,Hardcore Bushcamp
Old Liffey School,146.8825551,-41.6724844,Hardcore Bushcamp
Unnamed Campsite,151.0828171,-33.7378966,Hardcore Bushcamp
Horseshoe View Caravan Park,138.5320951,-32.4244695,Commercial / Resort
Unnamed Campsite,150.5102768,-33.7852992,Hardcore Bushcamp
Monto 72hr RV Stopover s/c only,151.1214059,-24.862581,Hardcore Bushcamp
Gem Air Caravan Park,147.5412502,-23.7420188,Commercial / Resort
Willows Gemfields Caravan Park,147.5380905,-23.7423135,Commercial / Resort
Display / Camp area,152.6642817,-25.5057942,Hardcore Bushcamp
Unnamed Campsite,152.6635487,-25.5099643,Hardcore Bushcamp
Kookaburra Camping & Caravan Park,151.8842217,-29.3434155,Hardcore Bushcamp
Noah Beach Campground,145.452072,-16.1341642,Hardcore Bushcamp
Barri Yalug Hike-in Campground,142.5530531,-37.2234749,Hardcore Bushcamp
Lake Cygnus Campsite,146.2351474,-43.1291864,Hardcore Bushcamp
High Moor Campsite,146.2994046,-43.1648984,Hardcore Bushcamp
Lake Oberon Campsite,146.2685461,-43.146762,Hardcore Bushcamp
Haven Lake Campsite,146.3347042,-43.1709532,Hardcore Bushcamp
Seven Mile Creek Campsite,146.3898411,-43.126617,Hardcore Bushcamp
Riverside Tourist Park,150.5149417,-23.3724137,Commercial / Resort
Fully Self-Contained Recreational Vehicle 24 Hour Rest Area,118.2917176,-31.4760748,Hardcore Bushcamp
Burnside Hill - Dunethin Rock Scout Campsite,153.0111174,-26.5792023,Hardcore Bushcamp
Noonameena Scout Camp,144.3687068,-37.2459988,Hardcore Bushcamp
Bali Hai Holiday Park,146.0966385,-17.8956202,Commercial / Resort
Neds Gully Camping Area,145.7518571,-37.3558912,Hardcore Bushcamp
Batemans Bay North Tourist Park and Accommodation,150.2232384,-35.6731469,Commercial / Resort
Scrubby Creek Forest Rest Area,149.8304446,-37.2225854,Hardcore Bushcamp
Victory Park Caravan Park,143.3821617,-31.558941,Commercial / Resort
Stronachs Campsite,146.2162885,-37.7475232,Hardcore Bushcamp
Unnamed Campsite,150.3140204,-32.3999164,Commercial / Resort
Sapphire Caravan Park,147.7159392,-23.4599198,Commercial / Resort
Unnamed Campsite,147.6974856,-23.4187542,Commercial / Resort
Anakie Rest Area,147.7364076,-23.5461317,Hardcore Bushcamp
Avon Caravanpark Village,150.5901544,-34.3006359,Commercial / Resort
Six Mile Creek,149.5387021,-36.786249,Hardcore Bushcamp
Alexander's Hut Campground,149.4627701,-36.7209278,Hardcore Bushcamp
Nunnock Campground,149.4471835,-36.7035616,Hardcore Bushcamp
Bittangabee Bay Camping Area,150.0176627,-37.2170342,Hardcore Bushcamp
Berlang Campground and Picnic Area,149.6460962,-35.7248834,Hardcore Bushcamp
Dalys Clearing Campground,150.2412993,-34.5275745,Hardcore Bushcamp
Unnamed Campsite,152.3030858,-28.0579041,Hardcore Bushcamp
Bestbrook Mountain Resort,152.2994705,-28.0592583,Commercial / Resort
Unnamed Campsite,152.293977,-28.0549122,Commercial / Resort
Unnamed Campsite,143.3759617,-35.1865674,Commercial / Resort
Unnamed Campsite,143.812095,-35.6081518,Hardcore Bushcamp
Unnamed Campsite,143.8115135,-35.6012984,Hardcore Bushcamp
Bungonia Campground,150.0016687,-34.806612,Hardcore Bushcamp
Ganyamalbaa Beach Camping Area,151.8268824,-32.8656214,Hardcore Bushcamp
Campbellfield Rental Village,144.9529549,-37.6450026,Commercial / Resort
Teewah Beach Camping Zone 7,153.1000508,-26.1439157,Hardcore Bushcamp
Teewah Beach Camping Zone 6,153.1013627,-26.13989,Hardcore Bushcamp
Teewah Beach Camping Zone 5,153.1049385,-26.1289544,Hardcore Bushcamp
Teewah Beach Camping Zone 3,153.1214901,-26.082219,Hardcore Bushcamp
Teewah Beach Camping Zone 2,153.1310661,-26.0569248,Hardcore Bushcamp
Teewah Beach Camping Zone 1,153.1390654,-26.0367504,Hardcore Bushcamp
Hagley RV Farm Stay,146.8878641,-41.527217,Hardcore Bushcamp
Unnamed Campsite,143.9364453,-37.8469694,Hardcore Bushcamp
Box Hill,143.9346632,-37.8474815,Hardcore Bushcamp
The Falklands,143.9351545,-37.8491164,Hardcore Bushcamp
Argentina,143.9343885,-37.8487591,Hardcore Bushcamp
Elwood,143.933605,-37.8477142,Hardcore Bushcamp
Eltham,143.9363685,-37.8492849,Hardcore Bushcamp
Premier,143.9353591,-37.8467245,Hardcore Bushcamp
Kingswood,143.9354219,-37.8473817,Hardcore Bushcamp
Belmont,143.9354476,-37.8480183,Hardcore Bushcamp
Sanctuary Cove,143.9356271,-37.8499048,Hardcore Bushcamp
Ringwood,143.9333289,-37.8486905,Hardcore Bushcamp
North Pines,143.9329229,-37.8492586,Hardcore Bushcamp
Sebastopol,143.9324553,-37.8479099,Hardcore Bushcamp
Vogtland,143.9326559,-37.8505697,Hardcore Bushcamp
Mulwaverley,143.9332318,-37.8471221,Hardcore Bushcamp
Sunset Strip,143.9316604,-37.8479486,Hardcore Bushcamp
The Rochester,143.9338841,-37.8467717,Hardcore Bushcamp
Brougham,143.9351803,-37.8458415,Hardcore Bushcamp
Spring Valley,143.9328922,-37.8444293,Hardcore Bushcamp
Africa,143.9311192,-37.8441234,Hardcore Bushcamp
Outer Mongolia,143.9308509,-37.8435106,Hardcore Bushcamp
Bush,143.9320585,-37.8427324,Hardcore Bushcamp
Inner Mongolia,143.931704,-37.8433572,Hardcore Bushcamp
Bavaria,143.9326414,-37.8433744,Hardcore Bushcamp
Tasmania,143.9323391,-37.8436806,Hardcore Bushcamp
Hidden Valley,143.9339489,-37.8434869,Hardcore Bushcamp
Kevin North,143.9337889,-37.8427864,Hardcore Bushcamp
Kevin,143.9336444,-37.8432966,Hardcore Bushcamp
Unnamed Campsite,143.9360725,-37.8416701,Hardcore Bushcamp
Unnamed Campsite,143.9355731,-37.8506652,Hardcore Bushcamp
Hong Kong Island,143.9340388,-37.846493,Hardcore Bushcamp
New Territories,143.9343504,-37.8458288,Hardcore Bushcamp
Kowloon,143.934724,-37.8462647,Hardcore Bushcamp
Cook's Look,143.9354924,-37.8436195,Hardcore Bushcamp
Red Rock Gorge Campground,151.7151707,-28.844468,Hardcore Bushcamp
Teewah Beach Camping Zone 4,153.1117233,-26.1091163,Hardcore Bushcamp
Woodenbong Campground,152.6057868,-28.3890057,Commercial / Resort
Blackrock Tourist Park,118.6039104,-20.3942379,Commercial / Resort
Coominya Caravan & Camping Park,152.4832928,-27.3728278,Commercial / Resort
Kilkivan RV Stop,152.237058,-26.0845369,Hardcore Bushcamp
Lindsay Point Campground,141.0401003,-34.088659,Hardcore Bushcamp
Unnamed Campsite,148.0975763,-24.1239188,Commercial / Resort
Lake Boga Camp Ground 401-412,143.6527119,-35.4340095,Hardcore Bushcamp
Lake Boga Camp Ground 501-523,143.6590921,-35.4388821,Hardcore Bushcamp
Twin Gums Caravan Park,151.9990461,-26.6796897,Commercial / Resort
Homestead Caravan Park,151.9976737,-26.6820926,Commercial / Resort
Nanango Caravan and Motorhome Park,151.9771861,-26.6960231,Commercial / Resort
Arts Factory Jungle Camping Retreat,153.6049319,-28.6445043,Hardcore Bushcamp
Dwellingup Chalets and Caravan Park,116.055398,-32.7103289,Commercial / Resort
Wonga Campground,142.047404,-35.5852695,Hardcore Bushcamp
Jinung Belgabup Camp Site,117.2643073,-34.9022053,Hardcore Bushcamp
Booner Mundak Campsite,116.9414628,-34.8455783,Hardcore Bushcamp
Kwokralup Beela Campsite,116.7553179,-34.8682086,Hardcore Bushcamp
Yirra Kartta Camp Site,116.4668222,-34.7125861,Hardcore Bushcamp
Karta Burnu Camp Site,115.9524938,-34.2324668,Hardcore Bushcamp
Nala Mia Camp Site,115.6673804,-33.7963683,Hardcore Bushcamp
Nglang Boodja Camp Site,115.9277437,-33.4098386,Hardcore Bushcamp
Yarri Camp Site,116.0240082,-33.148293,Hardcore Bushcamp
Bidjar Ngoulin Campsite,116.106458,-32.8623039,Hardcore Bushcamp
Dandalup Camp Site,116.0087626,-32.5312231,Hardcore Bushcamp
Wungong Camp Site,116.1733362,-32.3021777,Hardcore Bushcamp
Carinyah Camp Site,116.1637312,-32.0951541,Hardcore Bushcamp
Lake Brockman Bush Camping,115.9742528,-33.0027972,Hardcore Bushcamp
Donnybrook Transit Park,115.8200444,-33.5701708,Commercial / Resort
Manjimup Central Caravan Park & Backpackers,116.1495785,-34.2411191,Commercial / Resort
Unnamed Campsite,146.7203358,-42.6818256,Hardcore Bushcamp
Bengalee Scout Camp,150.5454021,-34.8473424,Hardcore Bushcamp
Waychinicup Inlet Campground,118.3332587,-34.8932,Hardcore Bushcamp
Cape Riche Campground,118.7502056,-34.5976421,Hardcore Bushcamp
Cosy Corner (East),117.6462123,-35.0586139,Commercial / Resort
Cosy Corner (East),117.6462686,-35.0596195,Hardcore Bushcamp
Torbay Inlet,117.6796876,-35.0394972,Hardcore Bushcamp
Camp Kennedy,117.6539987,-35.0543391,Hardcore Bushcamp
Hunts Bridge Camping Area,144.0950046,-37.710044,Hardcore Bushcamp
Bonville Camp Ground,153.0237894,-30.4011249,Hardcore Bushcamp
Bugiga Hike-in Campground,142.5088179,-37.1807273,Hardcore Bushcamp
Rainbow Pines Tourist Park,148.7056392,-36.040149,Hardcore Bushcamp
Ingar Campsite,150.4628009,-33.7710687,Hardcore Bushcamp
Mount Magnet Caravan Park,117.8500747,-28.0620055,Hardcore Bushcamp
Lock Caravan Park,135.7565934,-33.5698434,Commercial / Resort
Leyburn Reserve Campground,151.5825722,-28.0078683,Commercial / Resort
Accommodation. Fishing Haven Holiday Park,153.2829172,-29.4139729,Commercial / Resort
Mataranka Scout Camp,143.687209,-36.8215362,Hardcore Bushcamp
Passmore Reserve Campground,151.7160644,-27.9366,Hardcore Bushcamp
Scrub Road Bush Camp,152.8280668,-27.4319419,Hardcore Bushcamp
Jugiong Camping Reserve,148.3287873,-34.8248658,Hardcore Bushcamp
Camp Wattle Grove,116.0213595,-32.0175064,Hardcore Bushcamp
Crystal Brook Caravan Park,116.0179974,-32.0178145,Hardcore Bushcamp
Queens Grove Caravan Village,115.9457244,-31.9972781,Hardcore Bushcamp
Ditchfield Camp,143.2731936,-37.3172882,Hardcore Bushcamp
Forest Camp North,141.1403492,-38.0298618,Hardcore Bushcamp
Red Gum Landing,141.1553026,-38.0345097,Hardcore Bushcamp
Wilson Hall,141.1056361,-38.0220104,Hardcore Bushcamp
Miles Crossroads Caravan Park,150.1952294,-26.6601227,Commercial / Resort
Unnamed Campsite,141.3119395,-38.2141325,Hardcore Bushcamp
Tattersall's Van Park,143.036296,-22.3904546,Commercial / Resort
Werdug Hike-in Campground,142.484882,-37.0661541,Commercial / Resort
BIG4 Rules Beach Holiday Parks,152.0379837,-24.4969616,Commercial / Resort
Huon Valley Caravan Park,147.0380533,-43.0184484,Commercial / Resort
Unnamed Campsite,145.7322724,-37.1826397,Hardcore Bushcamp
Peninsula Holiday Park,144.9832988,-38.3317051,Commercial / Resort
Lawgi Dawes Park/Hall Campground,150.6608215,-24.5674179,Hardcore Bushcamp
Cedar Loggers Camp,150.6824264,-34.5559928,Hardcore Bushcamp
Augathella Rest Area - Warrego Park - Overflow Campground,146.5860316,-25.7935951,Hardcore Bushcamp
Discovery Parks,150.5232876,-23.3450594,Commercial / Resort
Elim Beach Campground,145.2868054,-15.2605892,Hardcore Bushcamp
Unnamed Campsite,139.5535901,-34.7498645,Hardcore Bushcamp
Unnamed Campsite,139.5626581,-34.7523885,Hardcore Bushcamp
Unnamed Campsite,139.5600121,-34.7516319,Hardcore Bushcamp
Unnamed Campsite,139.5546741,-34.7501882,Hardcore Bushcamp
Unnamed Campsite,139.5532796,-34.7497723,Hardcore Bushcamp
Unnamed Campsite,139.5405729,-34.7409057,Hardcore Bushcamp
Unnamed Campsite,139.5410879,-34.7353954,Hardcore Bushcamp
Unnamed Campsite,139.5396931,-34.7384019,Hardcore Bushcamp
Discovery Parks - Cradle Mountain,145.9353379,-41.578335,Hardcore Bushcamp
Helenvale Farm - Van Stay,145.2213487,-15.7079571,Hardcore Bushcamp
Burrows Hole Campground,151.6512169,-28.8374217,Hardcore Bushcamp
Kydobi Country Park,145.401054,-16.8972437,Commercial / Resort
Yanda Campground,145.5751254,-30.3214196,Hardcore Bushcamp
Casurina Campground,136.8465132,-35.2341202,Hardcore Bushcamp
Chili Beach Campground,143.4269214,-12.6319304,Hardcore Bushcamp
Gadd's Walkers' Camp,148.0700706,-25.0251957,Hardcore Bushcamp
Cabbage Tree Camping Zone,148.2166419,-24.9913327,Hardcore Bushcamp
Consuelo camping zone,148.1172064,-24.9415962,Hardcore Bushcamp
Eumundi Showgrounds Stopover,152.9424826,-26.4724461,Commercial / Resort
Normanby Road Nature Bush Camp,147.9388717,-20.3166714,Hardcore Bushcamp
Collinsville 72 Hr RV Rest Area,147.8486489,-20.5566136,Hardcore Bushcamp
The Wharf,152.7072481,-25.5398419,Commercial / Resort
Banana Well Getaway,122.5889453,-16.9768416,Hardcore Bushcamp
Sunset Tourist Park,139.4999765,-20.7087733,Commercial / Resort
Udialla Springs,123.7344656,-17.9401286,Hardcore Bushcamp
Federal Falls Camping Area,148.9775988,-33.3490848,Hardcore Bushcamp
Island Bend Middle Campground,148.4730459,-36.323882,Hardcore Bushcamp
Island Bend Lower Campground,148.4652602,-36.3219474,Hardcore Bushcamp
Thredbo Diggings Campground,148.4252703,-36.4467241,Hardcore Bushcamp
Ngarigo Campground,148.3841223,-36.4587281,Hardcore Bushcamp
Ben Halls Campground,147.9507284,-33.9065238,Hardcore Bushcamp
Warburton Trails Scout Adventure Centre,145.7080856,-37.7438492,Hardcore Bushcamp
Old Laura Homestead camping area 2,144.4557102,-15.3475635,Hardcore Bushcamp
Old Laura Homestead camping area 1,144.4559723,-15.346457,Hardcore Bushcamp
Mountain View Resort,150.731,-34.8484995,Commercial / Resort
Coastal Palms Tourist Park,150.7340267,-34.8490895,Commercial / Resort
Tall Timbers Tourist Park,150.735424,-34.8469184,Commercial / Resort
Gar Hike-in Campground,142.4480134,-37.0019417,Commercial / Resort
Woolshed Flat Campground,146.2215418,-34.0813818,Hardcore Bushcamp
York Downs Station Donation Camp,142.220107,-12.6509325,Hardcore Bushcamp
Gales Flat,150.3808406,-34.6934509,Hardcore Bushcamp
Endeavour River Escape,145.1964015,-15.4044696,Hardcore Bushcamp
The Willows Campground,143.7606056,-34.7591449,Hardcore Bushcamp
Captain Cook Holiday Park,147.3334391,-43.3648231,Commercial / Resort
Blatherarm Camping and Picnic Area 1,151.7070155,-29.2521927,Hardcore Bushcamp
Blatherarm Camping Area 2,151.7070665,-29.2551308,Hardcore Bushcamp
Blatherarm Camping Area 3,151.7071323,-29.2625174,Hardcore Bushcamp
Dumaresq Dam Tents,151.5951248,-30.4298594,Hardcore Bushcamp
Dumaresq Dam Vehicles,151.595054,-30.4301203,Hardcore Bushcamp
Belah Campground,143.1773405,-33.7120111,Hardcore Bushcamp
Main Campground,143.0145639,-33.7367276,Hardcore Bushcamp
Main Weir Campground,142.5060775,-32.3133648,Hardcore Bushcamp
Burke And Wills Campground,142.4980923,-32.3052447,Hardcore Bushcamp
Cawndilla Campground,142.2515452,-32.4349271,Hardcore Bushcamp
Emu Lake Campground,142.3469793,-32.4704185,Hardcore Bushcamp
Crocketts Bay Campground,148.2844549,-42.2995022,Hardcore Bushcamp
Moreys Bay Campground,148.2778862,-42.2998741,Hardcore Bushcamp
Campground (under construction),151.690469,-33.0246724,Hardcore Bushcamp
Cricket Pitch Campground (Newnes Campground),150.2396498,-33.1739349,Hardcore Bushcamp
Newnes Campground,150.2377745,-33.1716157,Hardcore Bushcamp
Club Hotel Garah Freecamp,149.6348938,-29.0747025,Commercial / Resort
Boomi Co-Op Caravan Park - Overflow,149.5781057,-28.7255879,Commercial / Resort
Burrum Shores Beachfront Campground,152.6251009,-25.1996977,Hardcore Bushcamp
Bushlands Tourist Park,149.5570771,-32.7946032,Hardcore Bushcamp
Unnamed Campsite,153.3914696,-27.9319513,Commercial / Resort
Boab Quarry Campsite,125.2999327,-17.9143942,Hardcore Bushcamp
Unnamed Campsite,113.7737826,-23.1398296,Hardcore Bushcamp
Tenterfield Showground,152.0152503,-29.0563958,Hardcore Bushcamp
Unnamed Campsite,140.8388912,-37.8469505,Commercial / Resort
Dead Horse Gully Campground,142.0004059,-29.4171941,Hardcore Bushcamp
Historic Reserve Camping Ground,142.0174648,-29.4413897,Hardcore Bushcamp
Milparinka Evelyn Creek Caravan and Camping,141.8857575,-29.7386015,Commercial / Resort
Gumma Reserve,152.9828556,-30.7074252,Hardcore Bushcamp
Little Ramsay Bay campsite,146.30078,-18.34919,Hardcore Bushcamp
Mulligan Falls campsite,146.3246446,-18.4413079,Hardcore Bushcamp
Sunken Reef Bay campsite,146.335464,-18.4342797,Hardcore Bushcamp
Cape Tribulation Camping,145.4647277,-16.0961168,Commercial / Resort
Wollomombi Campground,152.0273911,-30.5315132,Hardcore Bushcamp
Corindi Beach Reserve Campground,153.200199,-30.0231738,Hardcore Bushcamp
Happy Days,117.9025703,-34.9358052,Commercial / Resort
King River Palms,117.9024042,-34.9393174,Commercial / Resort
Hobart Showground Motorhome Park,147.2860983,-42.8296097,Commercial / Resort
Kilcowera Station,143.9386433,-28.680687,Hardcore Bushcamp
Toompine Hotel,144.3668958,-27.2225246,Commercial / Resort
St Marys Outdoor Education Centre,152.4466157,-25.6565887,Hardcore Bushcamp
Mount Wood Campground,142.2371438,-29.480303,Hardcore Bushcamp
Olive Downs Campground,141.8634778,-29.0589926,Hardcore Bushcamp
Fort Grey Campground,141.213081,-29.0880015,Hardcore Bushcamp
Cygnet HolidayPark,147.0747146,-43.1565214,Commercial / Resort
Poinciana Tourist Park,150.7584193,-23.1446769,Commercial / Resort
Caryapundy Lookout Campground,142.4653628,-29.2159768,Hardcore Bushcamp
Elliott Heads Holiday Park,152.4912913,-24.9200335,Commercial / Resort
Wuldi Krikin Ngawanthi (Eagle Waterhole Campground),138.192413,-35.6463761,Hardcore Bushcamp
Ngallo Park,141.0701386,-35.2727972,Hardcore Bushcamp
Colonial Village Resort,152.9034098,-25.2951745,Hardcore Bushcamp
Sorell Council Self Contained RV Park,147.5561359,-42.7837656,Commercial / Resort
Darling River Camp,145.5619906,-30.2890532,Hardcore Bushcamp
Waters Edge Holiday Park,147.9968015,-37.877658,Commercial / Resort
Dry Tank Campground,145.7143521,-30.5175971,Hardcore Bushcamp
Ball Creek Campsite,116.1984579,-31.9501894,Hardcore Bushcamp
Unnamed Campsite,152.6624195,-31.8968064,Commercial / Resort
Ballina Rental Village,153.5521725,-28.8483137,Commercial / Resort
Flynn's Beach Caravan Park,152.9258335,-31.4462976,Commercial / Resort
Unnamed Campsite,151.6450396,-28.8542558,Hardcore Bushcamp
Unnamed Campsite,151.7403048,-28.8273019,Hardcore Bushcamp
Bridgetown Caravan Park,116.136747,-33.9730722,Commercial / Resort
Unnamed Campsite,143.8011093,-35.6085048,Hardcore Bushcamp
Wanda Wandong Campground,148.3813108,-32.6375945,Hardcore Bushcamp
Greenbah Campground,148.3528639,-32.7714826,Hardcore Bushcamp
Dylene Holiday Park,144.6711386,-38.1156098,Commercial / Resort
East Beach Tourist park,146.8085358,-41.0634064,Hardcore Bushcamp
Wannon River Holiday Park,141.8410676,-37.6682621,Commercial / Resort
Westonia Caravan Park,118.6972835,-31.3046034,Hardcore Bushcamp
Mount Franklin Reserve Campground - Hepburn Regional Park,144.1507105,-37.2648651,Hardcore Bushcamp
Picnic Gully - Mt Alexander Regional Park,144.2888616,-36.9973923,Hardcore Bushcamp
Happy Jacks Natural Reserve,144.1551303,-36.8396219,Hardcore Bushcamp
Don McKenzie Reserve,146.1318867,-36.5872775,Hardcore Bushcamp
Appila Springs,138.4788261,-33.0020829,Hardcore Bushcamp
Mafeking Rover Park,145.5022192,-37.0658295,Hardcore Bushcamp
Illalangi Scout Camp,145.594473,-37.7236968,Hardcore Bushcamp
Chambers Gorge Campground,139.2162911,-30.9546368,Hardcore Bushcamp
Tyndale Caravan Park,153.1498067,-29.5612811,Commercial / Resort
Akoonah Park Camping & Caravan Park,145.365699,-38.0404824,Commercial / Resort
Dover Caravan Park,147.0238263,-43.3145309,Commercial / Resort
Henschke Track Camp ground,141.945754,-34.5921328,Hardcore Bushcamp
Douglas Ponds Creek Rest Area,145.3396872,-24.2771473,Hardcore Bushcamp
Unnamed Campsite,147.9050375,-41.1940182,Hardcore Bushcamp
Longridge Camp Site,145.1872228,-37.733819,Hardcore Bushcamp
Wirraway Homestead - BaptistCare,138.8221865,-35.2423351,Commercial / Resort
Mulberry Beach,145.5609866,-35.8131,Hardcore Bushcamp
Unnamed Campsite,137.5918303,-34.0643855,Hardcore Bushcamp
Sheepstation Creek Campground,153.0228675,-28.4129212,Hardcore Bushcamp
Forest Tops Campground,153.0638874,-28.3875653,Hardcore Bushcamp
Browns Water Holes Caravan Park,143.3473323,-37.9544178,Hardcore Bushcamp
Unnamed Campsite,152.5070824,-29.1991189,Hardcore Bushcamp
Yackandandah Creek Camp Site 7,146.8032068,-36.3528841,Hardcore Bushcamp
Area No. 5,146.8032659,-36.3429959,Hardcore Bushcamp
Ngamahl Campground,153.3778353,-28.5994211,Hardcore Bushcamp
Rummery Park Campground,153.3782091,-28.5989792,Hardcore Bushcamp
Unnamed Campsite,130.991327,-25.2371916,Hardcore Bushcamp
Unnamed Campsite,130.9915395,-25.237033,Hardcore Bushcamp
Unnamed Campsite,130.99178,-25.2368775,Hardcore Bushcamp
Yackandandah Creek Camp Site 10,146.8255061,-36.3408441,Hardcore Bushcamp
Yackandandah Creek Camp Site 9,146.822817,-36.3424195,Hardcore Bushcamp
Yackandandah Creek Camp Site 8,146.8194371,-36.3401641,Hardcore Bushcamp
Area No. 4,146.8065112,-36.3385214,Hardcore Bushcamp
Bundilla Camp,152.7295891,-31.3153796,Hardcore Bushcamp
Wathumba,153.2322744,-24.9799908,Hardcore Bushcamp
Beachmere Caravan Park,153.0529666,-27.1309968,Commercial / Resort
Inverell caravan Park,151.1178848,-29.780157,Commercial / Resort
Parkes Cabins,148.1716884,-33.1449329,Commercial / Resort
Reflections Lake Keepit - Holiday Park,150.506427,-30.8955923,Hardcore Bushcamp
Lakeside Caravan Park,145.5838924,-17.2514603,Commercial / Resort
Mt Gambier Central Caravan Park - East,140.7857686,-37.8310018,Commercial / Resort
Mt Gambier Central Caravan Park,140.7844632,-37.831013,Commercial / Resort
Keith Caravan Park,140.3521937,-36.1012438,Commercial / Resort
Catamaran Camping & Boatramp,146.8871282,-43.5546214,Hardcore Bushcamp
Unnamed Campsite,141.9137576,-34.0935964,Commercial / Resort
Kerang Apex Park - Reedy Lake,143.8852109,-35.6863531,Hardcore Bushcamp
Fortress Cave Bush Camp,142.3055666,-37.3111959,Hardcore Bushcamp
The Oasis Hiker Camp,142.2939548,-37.3047839,Hardcore Bushcamp
Unnamed Campsite,152.9861266,-27.284725,Commercial / Resort
Unnamed Campsite,152.9862545,-27.2850114,Commercial / Resort
Unnamed Campsite,152.986017,-27.2855946,Commercial / Resort
Unnamed Campsite,152.9867114,-27.2847108,Commercial / Resort
Unnamed Campsite,152.9872552,-27.2857122,Commercial / Resort
Unnamed Campsite,151.2650604,-33.2613282,Hardcore Bushcamp
Ramsgate Campground,146.886683,-43.5787634,Hardcore Bushcamp
Unnamed Campsite,146.8903278,-43.5819119,Hardcore Bushcamp
Boltons Green Campground,146.8951973,-43.5829755,Hardcore Bushcamp
Boltons Green Campground,146.8958315,-43.5825832,Hardcore Bushcamp
Boltons Green Campground,146.8961301,-43.5826572,Hardcore Bushcamp
Boltons Green Campground,146.8975215,-43.5813681,Hardcore Bushcamp
Finns Beach Campground,146.8872597,-43.548487,Hardcore Bushcamp
Gilhams Beach Campground,146.8910401,-43.54285,Hardcore Bushcamp
Kuranda Rainforest Accommodation Park,145.6277333,-16.8160069,Commercial / Resort
Lloyd Jones Weir Campground,145.2158746,-23.6497148,Hardcore Bushcamp
Big River Campground,150.0556622,-32.2378046,Hardcore Bushcamp
South Johnstone Camping Area,145.7179017,-17.6527843,Hardcore Bushcamp
Town & Country,146.7932076,-19.2691443,Commercial / Resort
Unnamed Campsite,146.1112563,-17.6974063,Commercial / Resort
Wiluna Caravan Park,120.2251619,-26.589745,Commercial / Resort
Unnamed Campsite,116.9794189,-24.9386152,Commercial / Resort
Visitors camping area,116.9777107,-24.9405174,Hardcore Bushcamp
Eckerboon Lake campground,142.0624974,-31.6733627,Hardcore Bushcamp
Googarra Beach Caravan Park,146.053967,-18.0014365,Commercial / Resort
Yarram Hike-in Campground,142.5021582,-37.4153118,Hardcore Bushcamp
Wannon Hike-in Campground,142.4460133,-37.4825565,Hardcore Bushcamp
Wombat Hollow,150.4504988,-34.8038111,Hardcore Bushcamp
Broken Cart Campground,148.5955019,-35.4750538,Hardcore Bushcamp
Barigar Hike-in Campground,142.4362158,-36.9536171,Hardcore Bushcamp
Mud-Dadjug Hike-in Campground,142.3507651,-37.6032508,Hardcore Bushcamp
Djardji-djawara Hike-in Campground,142.3693035,-37.5612666,Hardcore Bushcamp
Home Beach Campground,153.5199218,-27.4252731,Hardcore Bushcamp
Patonga Rest Area,151.2797429,-33.5381039,Hardcore Bushcamp
Bunyip waterhole campsite,149.9737939,-37.4943099,Hardcore Bushcamp
Lake Barracoota Campsite,149.8567771,-37.5379781,Hardcore Bushcamp
Lake Wau Wauka campsite,149.9341972,-37.5205198,Hardcore Bushcamp
Little creek campsite,149.9517715,-37.4059756,Hardcore Bushcamp
Nadgee Beach North campsite,149.9648681,-37.4376826,Hardcore Bushcamp
Nadgee Lake campsite,149.9645271,-37.4600377,Hardcore Bushcamp
Nadgee Beach Campsite,149.9692727,-37.4423362,Hardcore Bushcamp
Newtons Beach campsite,149.9454333,-37.3702645,Hardcore Bushcamp
Canowie Brook campsite,150.1142787,-35.275929,Hardcore Bushcamp
Cooyoyo campsite,150.2010898,-35.2852793,Hardcore Bushcamp
Long Gully 2,150.1810816,-35.31617,Hardcore Bushcamp
Flinders Beach Campground,153.4923179,-27.4196532,Hardcore Bushcamp
Duwul Hike-in Campground,142.5897825,-37.2813378,Hardcore Bushcamp
Camp Burbie,148.9601409,-31.2993265,Hardcore Bushcamp
Swan Valley Adventure Centre,116.0081371,-31.860964,Commercial / Resort
Hillside Caravan Park,146.0079195,-17.8913274,Commercial / Resort
Bark Hut Campground,150.1432036,-30.290348,Hardcore Bushcamp
Snobs Creek Holiday Park,145.8690893,-37.259868,Commercial / Resort
Horseyard Flat,146.9820776,-37.4828157,Hardcore Bushcamp
Riverview Caravan Park,147.1460523,-33.0935259,Commercial / Resort
Unnamed Campsite,147.1466925,-33.0926398,Hardcore Bushcamp
Atherton Hallorans Leisure Park,145.4898287,-17.2699527,Commercial / Resort
Wallaby Rocks Campground,149.6508106,-33.0750249,Hardcore Bushcamp
Horton Falls Campground,150.3361517,-30.3354472,Hardcore Bushcamp
Proston Caravan Park - Key & payt at Proston Rural Supplies,151.5984768,-26.1612893,Commercial / Resort
Daly Head Campground,136.9404334,-35.0238179,Hardcore Bushcamp
Montana on the Macalister,146.7079172,-37.8259177,Commercial / Resort
Albert Park Rest Area,147.5079692,-32.3566008,Hardcore Bushcamp
Unnamed Campsite,138.2592623,-35.634557,Hardcore Bushcamp
Big Red Bash,139.0582895,-25.8757411,Hardcore Bushcamp
Big Pats,145.7560872,-37.770806,Hardcore Bushcamp
Hamersley Inlet,119.9174913,-33.9563742,Hardcore Bushcamp
Iluka Retreat and Camp,145.0354788,-38.4177971,Hardcore Bushcamp
Somers Beach Holiday Park,145.1646924,-38.3930847,Commercial / Resort
Unnamed Campsite,145.5076623,-38.1309652,Hardcore Bushcamp
24 Hour RV Free Stay Area,115.8793188,-32.6295874,Commercial / Resort
Wirrina Cove Holiday Park,138.2585982,-35.5028038,Hardcore Bushcamp
Don Bosco Camp,144.9850068,-38.3244307,Hardcore Bushcamp
Robin Caravan Park,144.9880254,-38.3194862,Commercial / Resort
Halcyon Caravan Park,144.9898441,-38.3173898,Commercial / Resort
Buchan Point,145.6594554,-16.7345661,Commercial / Resort
Buchan Point 2,145.6578052,-16.7326249,Commercial / Resort
YMCA Camp Manyung,145.0673016,-38.2011764,Hardcore Bushcamp
Big Bend Walkers' Camp,148.1706598,-25.0335587,Hardcore Bushcamp
Unnamed Campsite,148.2886033,-41.3760119,Hardcore Bushcamp
Cypress Pine Campground,152.1510107,-28.842605,Hardcore Bushcamp
Bald Rock Campground,152.0454356,-28.8449644,Hardcore Bushcamp
Ron's Gap Creek horse riding and Camp site,152.3108046,-28.0596137,Hardcore Bushcamp
Geraldton Caravan Park,114.6360306,-28.6978375,Commercial / Resort
Grenfell Caravan Park,148.1518827,-33.8913211,Commercial / Resort
Coombadjha Camping Area,152.321323,-29.4714649,Hardcore Bushcamp
Bathers Paradise,121.9143259,-33.8359389,Commercial / Resort
Wayoutback Campsite Kings Creek,131.8357217,-24.4185067,Hardcore Bushcamp
Unnamed Campsite,131.8304535,-24.4229696,Hardcore Bushcamp
Anita Bush Camp,134.1581302,-28.2923403,Hardcore Bushcamp
Acraman Camp Ground,138.5617244,-31.4099318,Hardcore Bushcamp
Corindhap Recreation Reserve,143.7410144,-37.8733198,Hardcore Bushcamp
Wave Rock Short Stay - The Camp,118.8803664,-32.4526803,Commercial / Resort
Lani's Holiday Island,152.5054915,-32.2045696,Hardcore Bushcamp
Lani's Holiday Island,152.5015966,-32.2081161,Hardcore Bushcamp
Lani's Holiday Island,152.5009463,-32.208867,Hardcore Bushcamp
Primitive Campgrounds,151.4944399,-30.6535051,Commercial / Resort
Murrabit Recreation Reserve,143.9531379,-35.5294931,Hardcore Bushcamp
Orient Well Mine Camp,121.4452033,-29.1910795,Hardcore Bushcamp
Discovery Parks - Emerald Beach,153.1876843,-30.1674879,Commercial / Resort
Unnamed Campsite,137.8605547,-34.7817649,Commercial / Resort
KI Caravan Park ~ Kingscote Tourist Park and Family Units,137.612371,-35.6713579,Commercial / Resort
Caravan & Camping Park,152.6890224,-26.6370979,Hardcore Bushcamp
Kynuna Caravan Park,141.9192877,-21.5787622,Commercial / Resort
Brymaroo Rodeo & Campdraft Grounds,151.6108289,-27.2149601,Hardcore Bushcamp
A Place To Call Home,152.7303572,-26.7952135,Hardcore Bushcamp
Unnamed Campsite,150.5585932,-35.2008961,Hardcore Bushcamp
Unnamed Campsite,150.5583783,-35.2004864,Hardcore Bushcamp
Mala Lodge,130.9801867,-25.3982403,Hardcore Bushcamp
Hamiltons Crossing Crown Land Reserve,143.9353986,-36.9419617,Hardcore Bushcamp
Denison Camp Ground,148.6022634,-35.9405705,Hardcore Bushcamp
Unnamed Campsite,134.19882,-19.6456651,Commercial / Resort
England Creek bush camp,152.7304931,-27.3460391,Hardcore Bushcamp
Middle Kobble Bush Camp,152.771141,-27.2723106,Hardcore Bushcamp
North Kobble Bush Camp,152.7757469,-27.2523704,Hardcore Bushcamp
Northbrook Mountain Bush Camp,152.7192452,-27.3233917,Hardcore Bushcamp
South Kobble Bush Camp,152.7877587,-27.2861984,Hardcore Bushcamp
Tallowwood Walkers Camp,152.5887088,-26.6976743,Hardcore Bushcamp
Ada #2 Walk-in Campground,145.8404085,-37.8344822,Hardcore Bushcamp
Long Plain Hut Camping Area,148.5383636,-35.6966763,Hardcore Bushcamp
Long Plain Hut Camping Area (For Horses),148.5393361,-35.698726,Hardcore Bushcamp
Latrobe River Camping Area,145.8909533,-37.882833,Hardcore Bushcamp
Mountain Creek Campsite,147.2524997,-36.6998134,Hardcore Bushcamp
Mungindi Van Park,148.9980504,-28.9774035,Commercial / Resort
Arthur River Cabin Park,144.6732018,-41.0356976,Hardcore Bushcamp
Wynyard Showgrounds,145.727131,-40.9866789,Hardcore Bushcamp
Lake Burbury South Boat Ramp,145.620924,-42.2067607,Hardcore Bushcamp
Reece Dam,145.1384739,-41.7270023,Hardcore Bushcamp
Jetty Beach Camp Area,147.1533775,-43.4596083,Hardcore Bushcamp
Unnamed Campsite,147.8058361,-42.8940061,Hardcore Bushcamp
Flour Mill Park,147.4202727,-42.6664187,Hardcore Bushcamp
Lagoons Beach,148.297902,-41.6473635,Hardcore Bushcamp
O'Neills Creek Camp Area,146.2203146,-41.4667011,Hardcore Bushcamp
Lake Rowallan Boat Ramp,146.2199935,-41.7367001,Hardcore Bushcamp
Shefield Football & Cricket Club,146.3339421,-41.3824182,Hardcore Bushcamp
Fingal Park,147.9685863,-41.6378602,Hardcore Bushcamp
Gunns Plains Cave State Park,146.0052636,-41.2960403,Hardcore Bushcamp
Lonesome Camping Area,148.8295736,-25.4925483,Hardcore Bushcamp
Caravan Park,145.2812017,-23.5629223,Commercial / Resort
Caravan Park,145.2804936,-23.5600113,Commercial / Resort
Dederang North RA,147.0105821,-36.5097257,Hardcore Bushcamp
Blackwood Camp,145.5548562,-37.3911183,Hardcore Bushcamp
SEC Camp,145.5590629,-37.3957542,Hardcore Bushcamp
Water Gauge Camp,145.5648288,-37.4147936,Hardcore Bushcamp
Ferns Camp,145.569198,-37.4261665,Hardcore Bushcamp
Free camp site,147.0310649,-36.3278924,Hardcore Bushcamp
Cassinia Camp,145.555826,-37.39294,Hardcore Bushcamp
Bull Creek Camp,145.5715569,-37.428503,Hardcore Bushcamp
Running Creek Campsite,146.2314315,-37.2363178,Hardcore Bushcamp
Moiras Flat,148.2276693,-36.4223667,Hardcore Bushcamp
Camp spot,145.5542411,-41.2274326,Hardcore Bushcamp
Explorers’ Haven,148.4946893,-21.1298321,Hardcore Bushcamp
Drafty's,115.9466908,-34.5111717,Hardcore Bushcamp
Warren,115.9613322,-34.5096651,Hardcore Bushcamp
Wright's Bay Camping Area,139.7427336,-37.0416797,Hardcore Bushcamp
Ascot Rest Area,142.5188557,-21.7555886,Hardcore Bushcamp
Crawford Creek Rest Area,143.4246396,-22.5569872,Hardcore Bushcamp
Morella Rest Area,143.8601047,-22.9754616,Hardcore Bushcamp
Frewena Rest Area,135.4021507,-19.4334541,Hardcore Bushcamp
Prowse Gap,133.328868,-22.5314358,Hardcore Bushcamp
Connor's Well,133.5431467,-22.9507905,Hardcore Bushcamp
Old Yards Camp Ground,141.2347557,-34.095442,Hardcore Bushcamp
Unnamed Campsite,141.1354271,-34.1221131,Hardcore Bushcamp
Glassy Meadows,141.1134061,-34.1218911,Hardcore Bushcamp
Unnamed Campsite,117.8736499,-35.011411,Commercial / Resort
Northbrook Mountain Bush Camp,152.6956632,-27.3179765,Hardcore Bushcamp
Unnamed Campsite,117.9423739,-34.9974246,Commercial / Resort
First Sun,153.6115104,-28.6410757,Commercial / Resort
Unnamed Campsite,141.2036488,-34.1071197,Hardcore Bushcamp
Unnamed Campsite,141.2760491,-34.0986978,Hardcore Bushcamp
Unnamed Campsite,152.3910439,-23.9070625,Hardcore Bushcamp
Lake Murphy Campsite,149.6599295,-25.4853363,Hardcore Bushcamp
Fortes,143.3546562,-37.2992006,Hardcore Bushcamp
Unnamed Campsite,152.4973818,-28.4239077,Hardcore Bushcamp
Cape Jervis Campsite,138.1283229,-35.6055591,Commercial / Resort
Freney Lagoon Campsite,146.2251203,-43.491028,Hardcore Bushcamp
Granite Beach (east) Campsite,146.6863315,-43.5966676,Hardcore Bushcamp
South Cape Rivulet Campsite,146.7862331,-43.5996512,Hardcore Bushcamp
Louisa River Campsite,146.4098708,-43.4853302,Hardcore Bushcamp
Little Deadmans Bay Campsite,146.4967095,-43.530423,Hardcore Bushcamp
Osmiridium Beach Campsite,146.6244207,-43.5615527,Hardcore Bushcamp
Point Eric Campsite,146.2430138,-43.4915557,Hardcore Bushcamp
Goulburn River Tourist Park,145.1316382,-37.0301746,Commercial / Resort
Ocean Beach Camping Area (Site P),153.1326557,-26.8878085,Hardcore Bushcamp
Poverty Creek Camping Area,153.0951808,-26.9917039,Hardcore Bushcamp
Gallagher Point Camping Area,153.1005023,-27.0150283,Hardcore Bushcamp
Eungella Dam,148.3862439,-21.1484538,Hardcore Bushcamp
Picnic Point,150.0293231,-36.614763,Hardcore Bushcamp
Kingaroy Showgrounds Caravan Park,151.8317954,-26.5462027,Commercial / Resort
Frasers Trail Bike,143.3694279,-37.0859445,Hardcore Bushcamp
Unnamed Campsite,152.6208766,-27.9851435,Hardcore Bushcamp
Providence Holiday Park,148.6271915,-35.942099,Commercial / Resort
Taylors Crossing campsite,147.6593777,-36.8263621,Hardcore Bushcamp
Unnamed Campsite,147.6575655,-36.8163235,Hardcore Bushcamp
Unnamed Campsite,147.5603885,-36.9150973,Hardcore Bushcamp
Merbein Common - River Access 6,142.0770055,-34.1568756,Hardcore Bushcamp
Merbein Common - River Access 5,142.0775688,-34.1575504,Hardcore Bushcamp
Merbein Common - River Access 1,142.0804334,-34.1644839,Hardcore Bushcamp
Merbein Common - River Access 3,142.0793176,-34.1618828,Hardcore Bushcamp
Merbein Common - River Access 4,142.0791838,-34.1614568,Hardcore Bushcamp
Merbein Common - River Access 3,142.0800043,-34.1634585,Hardcore Bushcamp
Unnamed Campsite,142.0622766,-34.1259964,Hardcore Bushcamp
Merbein Common - River Access 7,142.0709884,-34.1547806,Hardcore Bushcamp
Unnamed Campsite,142.0653023,-34.1484745,Hardcore Bushcamp
Unnamed Campsite,142.0652807,-34.1504456,Hardcore Bushcamp
Unnamed Campsite,142.0669463,-34.1532224,Hardcore Bushcamp
Merbein Common - River Access 8,142.0692316,-34.1543721,Hardcore Bushcamp
Unnamed Campsite,142.0700818,-34.1428783,Hardcore Bushcamp
Unnamed Campsite,142.0655865,-34.1512846,Hardcore Bushcamp
Unnamed Campsite,142.0665413,-34.1447052,Hardcore Bushcamp
Unnamed Campsite,142.0653853,-34.1465699,Hardcore Bushcamp
Unnamed Campsite,142.0671797,-34.1275684,Hardcore Bushcamp
Unnamed Campsite,142.0657849,-34.1518329,Hardcore Bushcamp
Unnamed Campsite,142.068376,-34.1540325,Hardcore Bushcamp
Unnamed Campsite,142.0605385,-34.1260764,Hardcore Bushcamp
Unnamed Campsite,142.0776215,-34.1355056,Hardcore Bushcamp
Mafeking Rover Park,145.5034687,-37.0647852,Hardcore Bushcamp
Poverty Point Campsite,153.026949,-25.9615315,Hardcore Bushcamp
Wright Horse Camp - Cobboboonee National Park,141.3895485,-38.0354908,Hardcore Bushcamp
Culver Repeater Station,124.7322598,-32.3486834,Hardcore Bushcamp
Grass Patch Park & Stay,121.7142502,-33.228765,Commercial / Resort
Condingup Recreation Ground,122.5307186,-33.7511901,Hardcore Bushcamp
Mason Bay,120.4796191,-33.9547408,Hardcore Bushcamp
Quaalup Homestead Wilderness Retreat,119.4106433,-34.2599947,Commercial / Resort
Greenbrushes Rest Area,116.0499146,-33.8367158,Hardcore Bushcamp
Greens Island,115.9455103,-34.1992398,Hardcore Bushcamp
Karri Gully Picnic Site,115.9411984,-34.0076744,Hardcore Bushcamp
Revelly Bridge Picnic Area,115.8110034,-33.9222047,Hardcore Bushcamp
Unnamed Campsite,153.1186029,-28.3157111,Hardcore Bushcamp
Unnamed Campsite,153.1246118,-28.3197793,Hardcore Bushcamp
Wallaman Falls camping area,145.799531,-18.6005181,Hardcore Bushcamp
Clyde View Holiday Park,150.2001598,-35.7322946,Commercial / Resort
River Haven Tourist Park,150.1759219,-35.8102207,Commercial / Resort
Huggetts Crossing Campground,146.8542482,-37.8108138,Hardcore Bushcamp
Rawson Caravan Park,146.4050724,-37.9556126,Commercial / Resort
Unnamed Campsite,146.4270611,-37.8162321,Hardcore Bushcamp
Unnamed Campsite,146.4208357,-37.8315353,Hardcore Bushcamp
Unnamed Campsite,141.310192,-38.2153612,Hardcore Bushcamp
Unnamed Campsite,141.3107686,-38.2148744,Hardcore Bushcamp
Unnamed Campsite,141.3112058,-38.2146636,Hardcore Bushcamp
Unnamed Campsite,141.3112139,-38.2143875,Hardcore Bushcamp
Cowra Holiday Park,148.7348498,-33.8194168,Commercial / Resort
Unnamed Campsite,146.8309437,-37.2040815,Hardcore Bushcamp
Homestead Flat Camping Area,146.833154,-37.2047128,Hardcore Bushcamp
Unnamed Campsite,146.8295868,-37.2036953,Hardcore Bushcamp
Cape Banks Lighthouse,140.377137,-37.8971717,Hardcore Bushcamp
Kotgee campground,140.1378943,-37.5805109,Hardcore Bushcamp
Lynnies at Southend,140.1272566,-37.5687308,Hardcore Bushcamp
Millicent North Rest Area,140.3545417,-37.5639684,Hardcore Bushcamp
Tantanoola East Rest Area,140.4983459,-37.7058306,Hardcore Bushcamp
Drain M Rest Area,140.237222,-37.3936375,Hardcore Bushcamp
Agnes River Rest Area,146.38639,-38.67167,Hardcore Bushcamp
Ah Youngs Camping Area,146.85111,-36.84167,Hardcore Bushcamp
Annya Road Picnic Area,141.58278,-38.01861,Hardcore Bushcamp
Apex Beach,145.54833,-35.81306,Hardcore Bushcamp
Avalon Rest Area,144.4914063,-38.0010077,Hardcore Bushcamp
Avon River,142.9785768,-36.640168,Hardcore Bushcamp
Baileys Rocks Campground,141.17722,-37.28806,Hardcore Bushcamp
Balnarring Beach Camping Reserve,145.1240398,-38.3904789,Hardcore Bushcamp
Bass Valley Camping Ground,145.7644551,-38.3605736,Hardcore Bushcamp
Bears Lagoon Fruit Fly Rest Area,143.97444,-36.31306,Hardcore Bushcamp
Beazleys Bridge Rest Area,143.1637547,-36.7017829,Hardcore Bushcamp
Beggs Bend,142.8615266,-34.6284934,Hardcore Bushcamp
Bellbird Creek,148.8177427,-37.6522256,Hardcore Bushcamp
Unnamed Campsite,145.98,-36.55528,Hardcore Bushcamp
Bj Robertson Memorial Park,142.4244744,-35.3454565,Hardcore Bushcamp
Unnamed Campsite,142.32056,-35.0734814,Hardcore Bushcamp
Blue Gum Flat,145.99833,-37.17472,Hardcore Bushcamp
Blue Pools Campground,147.11278,-37.78056,Hardcore Bushcamp
Blue Range Creek Campground,146.0948631,-36.9347512,Hardcore Bushcamp
Boolarra Community Hotel,146.27667,-38.38,Hardcore Bushcamp
Bourkes Bend No 3,145.82583,-35.97889,Hardcore Bushcamp
Branxholme Rest Area,141.8025,-37.85806,Hardcore Bushcamp
Brightlight Saddle Rest Area,148.9573589,-37.5892023,Hardcore Bushcamp
Brim Lakeside Park (Book and pay at pub),142.4062654,-36.0757564,Commercial / Resort
Browns Water Holes Caravan Park,143.3469652,-37.9542946,Hardcore Bushcamp
Bruces Beach No2,145.91444,-35.96611,Hardcore Bushcamp
Buchan Caves Camping Reserve,148.16389,-37.49528,Hardcore Bushcamp
Bung Bong Rest Area,143.56917,-37.09806,Hardcore Bushcamp
Burned Bridge Reserve,148.0306939,-37.8160602,Hardcore Bushcamp
Burrowye West Rest Area,147.443231,-35.958257,Hardcore Bushcamp
C.R.B. Camp Area,147.49472,-36.98778,Hardcore Bushcamp
Candlebark Campground,145.84056,-37.17667,Hardcore Bushcamp
Caringal Scout Camp,146.33389,-37.96,Hardcore Bushcamp
Charlton Travellers Rest,143.35083,-36.26833,Hardcore Bushcamp
Cherrypool Highway Park,142.1872964,-37.1080678,Hardcore Bushcamp
Cheynes Bridge,146.6698608,-37.7625072,Hardcore Bushcamp
Chinamans Bend,145.9698859,-36.0054125,Hardcore Bushcamp
Clarendon Rest Area,143.98222,-37.70917,Hardcore Bushcamp
Coleraine Caravan Park,141.69139,-37.59722,Hardcore Bushcamp
Coopers Creek Campground,146.4243132,-37.9808609,Hardcore Bushcamp
Corringle Slips Campground,148.5225,-37.8,Hardcore Bushcamp
Dartmoor Turnoff Rest Area,141.165,-38.07528,Hardcore Bushcamp
Dederang North Rest Area,147.01694,-36.44444,Hardcore Bushcamp
Deep Lake Recreation Reserve,143.17694,-37.93139,Hardcore Bushcamp
Derrinallum Recreation Reserve,143.2275098,-37.9488208,Hardcore Bushcamp
Derrinallum Town Park,143.22389,-37.94806,Hardcore Bushcamp
Dodds Bridge Rest Area,146.135,-36.79417,Hardcore Bushcamp
Dogs Grave Campground,147.38083,-37.23361,Hardcore Bushcamp
Donald Lakeside Caravan Park,142.9881672,-36.3646386,Hardcore Bushcamp
Donald Town Park,142.9775,-36.3675,Hardcore Bushcamp
"Edenhope Lake Wallace Recreation Ground""""",141.29611,-37.03444,Hardcore Bushcamp
Edenhope North Rest Area,141.3475,-37.00111,Hardcore Bushcamp
Edi Turnoff Rest Area,146.4224164,-36.6472211,Hardcore Bushcamp
Emmerts Bend,142.41,-34.56944,Hardcore Bushcamp
Emu Bight Campground,147.65278,-37.99556,Hardcore Bushcamp
English's Bridge,144.56111,-36.62139,Hardcore Bushcamp
Ensay Recreation Ground,147.8240226,-37.3827473,Commercial / Resort
Ferny Flat Campground,147.63139,-36.89333,Hardcore Bushcamp
Fitzroy River Reserve,141.8484991,-38.25801,Hardcore Bushcamp
"Floating Islands Lagoon Nature Reserve""""",143.39917,-38.34889,Hardcore Bushcamp
Forges Beach No2,145.95583,-35.99306,Hardcore Bushcamp
Fort O'Hare Campground,141.285,-37.92583,Hardcore Bushcamp
Four Corners Caravan Park,145.43194,-36.30361,Hardcore Bushcamp
Genoa Rest Area / Wayside Stop / Camp Park,149.5909915,-37.4727448,Hardcore Bushcamp
Gibbo River Bush Camping,147.7004862,-36.7566938,Hardcore Bushcamp
Girgarre Town Park,144.98,-36.39806,Hardcore Bushcamp
Glenpatrick Reserve,143.32722,-37.1375,Hardcore Bushcamp
Green Bank,145.9771771,-36.0092817,Hardcore Bushcamp
Greens Campground - Whroo Historical Area,145.0331121,-36.6469717,Hardcore Bushcamp
Gunbower 4,144.12972,-35.66306,Hardcore Bushcamp
Harriers Swamp Campground,146.84583,-38.20861,Hardcore Bushcamp
Hiscocks Crossing,141.44667,-37.93889,Hardcore Bushcamp
Hoopers Bridge (tallaroop Creek),143.83556,-36.63583,Hardcore Bushcamp
Hopetoun Caravan Park,142.36694,-35.72611,Hardcore Bushcamp
Hopetoun Rest Area,142.36472,-35.7225,Hardcore Bushcamp
Horseshoe Bend,142.0757045,-34.1559979,Hardcore Bushcamp
Hotspur Bridge (Crawford River),141.56111,-37.92583,Hardcore Bushcamp
Hynes Reserve Camping Area,142.105,-37.22472,Hardcore Bushcamp
Indi Bridge Reserve,148.03333,-36.23417,Hardcore Bushcamp
Italian Flat Campground,147.2639034,-37.4093185,Hardcore Bushcamp
James Camping Reserve,145.94694,-36.83639,Hardcore Bushcamp
Jeparit Caravan Park,141.98417,-36.14472,Hardcore Bushcamp
Johnny Mullagh Park Camping Ground,141.5894978,-37.1702108,Commercial / Resort
Katamatite Lions Memorial Park,145.690705,-36.0809298,Hardcore Bushcamp
Killarney Beach Camping Reserve,142.30778,-38.35528,Hardcore Bushcamp
Knowsley Rest Area,144.60194,-36.83944,Hardcore Bushcamp
Kooreh Hall,143.38556,-36.64056,Hardcore Bushcamp
Laanecoorie River Reserve,143.89861,-36.82556,Hardcore Bushcamp
Lake Batyo Catyo Campground,142.94583,-36.51611,Hardcore Bushcamp
Lake Charlegrark Campground,141.23639,-36.75222,Hardcore Bushcamp
Lake Elingamite,143.016737,-38.3498995,Hardcore Bushcamp
Lake Monibeong Campground,141.1854978,-38.1338124,Hardcore Bushcamp
Lake Ratzcastle Camp Area,141.465477,-36.8114254,Hardcore Bushcamp
Lake Tooliorook,143.28472,-37.97722,Hardcore Bushcamp
Lake Walpeup Reserve Camping Area,142.1378043,-35.1977531,Hardcore Bushcamp
Watchem Lake,142.8475,-36.14833,Commercial / Resort
Lakes Crosbie Campground,141.7301229,-35.0558064,Hardcore Bushcamp
Lakeside Campground,145.86222,-37.17694,Hardcore Bushcamp
Landsborough Caravan Park,143.13639,-37.00833,Hardcore Bushcamp
Lismore Town Park,143.3443023,-37.9538381,Hardcore Bushcamp
Loch Memorial Reserve,145.7119827,-38.3677463,Hardcore Bushcamp
Lochiel Rest Area,141.98111,-36.41833,Hardcore Bushcamp
Maffra Golf Club - RV Park,147.00028,-37.95111,Commercial / Resort
Major Creek Reserve,145.0680755,-36.8555477,Hardcore Bushcamp
Mallacoota Foreshore Camping Park,149.7591344,-37.557044,Commercial / Resort
Manangatang Travellers Rest,142.88333,-35.05278,Commercial / Resort
7 Manna Gum Camp,146.60833,-37.53278,Hardcore Bushcamp
Marlay Point Free Camping,147.2496831,-38.0611606,Hardcore Bushcamp
McCoys Bridge Rest Area,145.1160428,-36.1780375,Hardcore Bushcamp
Merrinee North Rest Area,141.8240906,-34.2600703,Hardcore Bushcamp
Meyers Flat Campsite,147.23139,-37.51639,Hardcore Bushcamp
Middle Creek Campground,143.2462925,-37.3325296,Hardcore Bushcamp
Moleside Creek Picnic Area,141.2712044,-38.0544297,Hardcore Bushcamp
Mountain Creek Picnic Area,143.31917,-36.98528,Hardcore Bushcamp
Mountain Dam Campground,142.08778,-37.2275,Hardcore Bushcamp
Murrayville Lawn Caravan Park and Cabins - Bethune,141.1812811,-35.2658074,Commercial / Resort
Murrindindi Scenic Reserve,145.55389,-37.39056,Hardcore Bushcamp
Murtoa Caravan Park,142.4661221,-36.6217403,Hardcore Bushcamp
8 Muttonwood Camp,146.6145577,-37.5303231,Hardcore Bushcamp
Nash Creek Campground,145.6880075,-37.9458982,Hardcore Bushcamp
Neerim South Caravan Park,145.990152,-38.0129441,Commercial / Resort
Nevins East Beach,145.89194,-35.95556,Hardcore Bushcamp
Numurkah Lions Community Park,145.4392834,-36.097865,Hardcore Bushcamp
Nyah Recreation Reserve,143.3802048,-35.1675286,Hardcore Bushcamp
OTIT Campground,141.99167,-35.72778,Hardcore Bushcamp
Paddys Range State Park,143.69083,-37.08278,Hardcore Bushcamp
Paradise Beach Campground,147.42222,-38.19417,Hardcore Bushcamp
Parolas Bend,146.19806,-36.05889,Hardcore Bushcamp
Passage Camp,143.19944,-34.71694,Hardcore Bushcamp
Peach Tree Creek Camping Area,149.13667,-37.7425,Hardcore Bushcamp
Penshurst Caravan Park,142.289978,-37.8729111,Hardcore Bushcamp
Piangil North Rest Area,143.32472,-35.04278,Hardcore Bushcamp
Piangil Rest Area,143.3122699,-35.0552712,Hardcore Bushcamp
Piangil West Rest Area,143.21694,-35.05694,Hardcore Bushcamp
Picnic Gully,144.29056,-36.99833,Hardcore Bushcamp
Picnic Point Reserve,146.24472,-37.40861,Hardcore Bushcamp
Picnic Point,145.99333,-37.16194,Hardcore Bushcamp
Picnic Point,145.81306,-38.08361,Hardcore Bushcamp
Pinaster Picnic Area,140.97833,-37.84139,Hardcore Bushcamp
Pioneer Bridge,146.5250188,-36.442412,Hardcore Bushcamp
Pirron Yallock West Rest Area,143.4125,-38.34694,Hardcore Bushcamp
Police Paddocks,146.5040488,-35.9802639,Hardcore Bushcamp
Powelltown Rest Area,145.74472,-37.86056,Hardcore Bushcamp
Providence Ponds,147.2739853,-37.9211575,Hardcore Bushcamp
Psyche Bends,142.2331296,-34.2513462,Hardcore Bushcamp
Pump Road Camp,142.80278,-34.60694,Hardcore Bushcamp
Pyramid Hill Caravan Park,144.125,-36.05528,Hardcore Bushcamp
12 Red Box Camp,146.6226631,-37.5185998,Hardcore Bushcamp
Reeves Beach Coastal Reserve,146.95222,-38.57333,Hardcore Bushcamp
Riverbank Caravan Park,145.20972,-36.05417,Hardcore Bushcamp
Rochester North Rest Area,144.70139,-36.27528,Hardcore Bushcamp
Rosedale Picnic Area,142.34111,-37.03333,Hardcore Bushcamp
Rubicon River Rest Area,145.7995296,-37.2790892,Hardcore Bushcamp
Running Creek Rest Area,147.04639,-36.54444,Hardcore Bushcamp
Runnymede Highway Park,144.6242882,-36.5224704,Hardcore Bushcamp
Rutherglen East Rest Area,146.63444,-36.04722,Hardcore Bushcamp
Ryan Creek Rest Area,143.71417,-36.48667,Hardcore Bushcamp
Rye East Foreshore Camping,144.829127,-38.370723,Hardcore Bushcamp
Scotts Beach,145.6821297,-35.9302736,Hardcore Bushcamp
Sea Lake Caravan & Camping Park,142.8461087,-35.5031687,Hardcore Bushcamp
Serviceton Recreational Reserve,140.9808681,-36.3866374,Commercial / Resort
Shallow Inlet Campground,146.17167,-38.82111,Hardcore Bushcamp
Skinners Flat Reservoir,143.58583,-36.36611,Hardcore Bushcamp
Smoko Camping Area,147.07667,-36.8275,Hardcore Bushcamp
Smythesdale Gardens,143.68583,-37.63917,Hardcore Bushcamp
Snowy Creek Campground,147.43861,-36.59611,Hardcore Bushcamp
Snowy River Rest Area 1,148.5067979,-37.7399006,Hardcore Bushcamp
Snowy River Rest Area 2,148.5368815,-37.7678824,Hardcore Bushcamp
Sorrento Foreshore Reserve,144.75222,-38.34417,Hardcore Bushcamp
Spences Bend,142.3634065,-34.4455744,Hardcore Bushcamp
Stuart Mill South Rest Area,143.31944,-36.83972,Hardcore Bushcamp
Surrey Ridge Campground,141.50417,-38.18389,Hardcore Bushcamp
Swan Lake Campground,141.31111,-38.21361,Hardcore Bushcamp
Swifts Creek Caravan & Tourist Park,147.7244066,-37.2612554,Commercial / Resort
Tallangatta Creek Rest Area,147.3173881,-36.1952979,Hardcore Bushcamp
Taradale Mineral Springs Reserve,144.34972,-37.13861,Hardcore Bushcamp
Tarrington Town Park,142.09833,-37.76639,Hardcore Bushcamp
Tea Tree Lake,142.80917,-38.08167,Hardcore Bushcamp
Terrick Terrick Campground,144.2419783,-36.1687473,Hardcore Bushcamp
The Glasshouse Camping Area,148.10917,-37.84639,Hardcore Bushcamp
The Walnuts Campground / Rest Area,147.42583,-36.615,Hardcore Bushcamp
Mueller Inlet Campground,149.32361,-37.77722,Hardcore Bushcamp
Tolmie Rest Area,146.26528,-36.91778,Hardcore Bushcamp
Tongala Turnoff Rest Area,144.950849,-36.1993701,Hardcore Bushcamp
Flourbag Reserve,146.2124546,-37.3834041,Hardcore Bushcamp
Twelve Mile Reserve,146.22861,-37.38472,Hardcore Bushcamp
Two Mile Creek,147.25778,-37.40861,Hardcore Bushcamp
Underbool Rest Area,141.809875,-35.1695179,Commercial / Resort
Victoria Falls Campground,147.425,-37.09361,Hardcore Bushcamp
Unnamed Campsite,143.41722,-35.195,Hardcore Bushcamp
Wail Picnic Area,142.1033806,-36.5094623,Hardcore Bushcamp
Wakiti Creek Resort,145.02889,-36.13694,Hardcore Bushcamp
Wakool Junction,143.3521366,-34.8580881,Hardcore Bushcamp
Wallagaraugh River Retreat,149.6919164,-37.4520789,Hardcore Bushcamp
Wallpolla Island,141.7790708,-34.1538164,Hardcore Bushcamp
Walshs Bend Camp,142.8238162,-34.6077064,Hardcore Bushcamp
Warrnambool Showgrounds,142.4648987,-38.3769052,Hardcore Bushcamp
Watts Bend,142.3769464,-34.5320319,Hardcore Bushcamp
Wee Wee Rup Rest Area,144.28639,-35.85861,Hardcore Bushcamp
Wemen Rest Area,142.6369051,-34.78222,Hardcore Bushcamp
Willaura Recreation Grounds,142.7433194,-37.5453434,Hardcore Bushcamp
Wonga Campground,142.0508,-35.5867179,Hardcore Bushcamp
Woodend Town Park,144.52944,-37.35389,Hardcore Bushcamp
Wulgulmerang Recreation Reserve,148.25913,-37.0684697,Commercial / Resort
Wunghnu Rest Area,145.4308856,-36.1555468,Hardcore Bushcamp
Wycheproof Caravan Park,143.226136,-36.0695131,Hardcore Bushcamp
Yambuk Caravan Park,142.0540009,-38.3392396,Hardcore Bushcamp
Yuppeckiar Park,142.4824902,-37.6358727,Hardcore Bushcamp
Aysons Reserve (Campaspe River),144.6706584,-36.4591466,Hardcore Bushcamp
Barmah Lakes Campground,144.9589455,-35.9562482,Hardcore Bushcamp
Browns Camping Area 2,145.2959087,-35.8608213,Hardcore Bushcamp
Barwidgee Rest Area,146.7933043,-36.4940125,Hardcore Bushcamp
Beauchamp Falls Campround,143.60667,-38.65139,Hardcore Bushcamp
Beulah Caravan Park,142.4169743,-35.9423129,Hardcore Bushcamp
Big River Bridge Campground / Hills Historic / Rest Area,147.4635719,-36.8932179,Hardcore Bushcamp
Big Toms Beach,145.6461063,-35.8934709,Hardcore Bushcamp
Blanket Bay Campground,143.58278,-38.82806,Hardcore Bushcamp
Blue Hole Reserve,146.2489021,-37.389974,Hardcore Bushcamp
Boolarra Apex Park,146.3088923,-38.429164,Hardcore Bushcamp
Brookes River Reserve,145.6710682,-37.1906266,Hardcore Bushcamp
Buckety Plains Campground,147.3286594,-36.9390285,Hardcore Bushcamp
Casuarina Campground,141.995588,-35.4457124,Hardcore Bushcamp
Colac Central Caravan Park,143.6029751,-38.3341389,Commercial / Resort
Christies Beach Camping Area 2,144.81167,-36.10444,Hardcore Bushcamp
Clarke Lagoon Reserve,147.9129861,-36.0233946,Hardcore Bushcamp
Cottontree Creek Campground,147.3051502,-36.1148478,Hardcore Bushcamp
Cowwarr Weir,146.65944,-37.99694,Hardcore Bushcamp
Cullulleraine West Rest Area,141.2316149,-34.2748713,Hardcore Bushcamp
Dead River Beach,145.6284102,-35.8801336,Hardcore Bushcamp
Ewarts,145.9785179,-37.1381099,Hardcore Bushcamp
Ebden Reserve,147.02583,-36.15167,Hardcore Bushcamp
Edi Cutting,146.41944,-36.66278,Hardcore Bushcamp
Elphinstone North Rest Area,144.30639,-37.07056,Hardcore Bushcamp
English's Bridge,144.5605989,-36.6246577,Hardcore Bushcamp
Fergusons Campground,142.06,-37.29556,Hardcore Bushcamp
Freeburgh Bridge,147.0235695,-36.7563943,Hardcore Bushcamp
Glendinning Campground,141.9979555,-37.2976472,Hardcore Bushcamp
Glenrowan Caravan Park,146.2362598,-36.4517442,Hardcore Bushcamp
Gordon Park Camping Ground,143.35028,-36.26639,Hardcore Bushcamp
Gormandale Recreation Reserve,146.7009786,-38.2922311,Hardcore Bushcamp
Guttram State Forest,144.11528,-35.6125,Hardcore Bushcamp
Hammonds Road Campground,144.0227311,-38.3987821,Hardcore Bushcamp
Hattah North Rest Area,142.27167,-34.74194,Hardcore Bushcamp
Horseshoe Beach,145.69583,-35.92806,Hardcore Bushcamp
Hunts Bridge Camping Area,144.09472,-37.71028,Hardcore Bushcamp
J C Stretch Memorial Park,143.586517,-37.8077161,Hardcore Bushcamp
Jack Emmett Billabong Camping Area,142.6293685,-36.6265278,Hardcore Bushcamp
Jane Duff Highway Park,141.7225,-36.73306,Hardcore Bushcamp
Jerusalem Creek Campground,145.9680922,-37.2642637,Hardcore Bushcamp
Jessie Kennedy Reserve,144.18444,-37.11028,Hardcore Bushcamp
Jimmy Iversons Campground,147.2725,-37.39833,Hardcore Bushcamp
Jones Campground,146.1442667,-36.8477177,Hardcore Bushcamp
Kevington Hotel,146.1608809,-37.3581464,Hardcore Bushcamp
Kinnabulla Rest Area,142.7959383,-35.8977713,Hardcore Bushcamp
Lake Bringalbert,141.1623166,-36.8324724,Hardcore Bushcamp
Lake Lascelles,142.37472,-35.72528,Hardcore Bushcamp
Lascelles West Rest Area,142.5025,-35.65639,Hardcore Bushcamp
Loch Valley Campground,145.99389,-37.81889,Hardcore Bushcamp
Lock 9,141.59417,-34.19167,Hardcore Bushcamp
Ludlows Reserve,147.0352077,-36.1705492,Hardcore Bushcamp
Moliagul Rest Area,143.6641609,-36.7512419,Hardcore Bushcamp
Mongans Bridge Camping Park,147.09361,-36.58472,Hardcore Bushcamp
Mt Sturgeon Rest Area,142.3198826,-37.654108,Hardcore Bushcamp
Murtoa Caravan Park,142.46583,-36.62167,Hardcore Bushcamp
Nariel Creek Recreation Reserve,147.83172,-36.2421113,Hardcore Bushcamp
Natimuk Lake Caravan Park,141.9419386,-36.7155804,Hardcore Bushcamp
No 2 Creek Rest Area,143.46083,-37.06028,Hardcore Bushcamp
Unnamed Campsite,143.38222,-35.15528,Hardcore Bushcamp
Ollies Jump-Up Campground,147.2775,-37.38583,Hardcore Bushcamp
Oxley Recreation Reserve,146.385,-36.47056,Hardcore Bushcamp
Porepunkah East Rest Area,146.9262462,-36.7094236,Hardcore Bushcamp
Raspberry Hill Campground,147.3175,-36.9425,Hardcore Bushcamp
Rosebud Foreshore Reserve,144.88361,-38.36139,Hardcore Bushcamp
Sale Showground Caravan & Motorhome Park,147.0665514,-38.0926793,Commercial / Resort
Sandbanks Reserve,146.49194,-38.17028,Hardcore Bushcamp
Shoreham Foreshore Reserve,145.0519504,-38.4286269,Hardcore Bushcamp
Snakes Reserve,146.2397326,-37.4168894,Hardcore Bushcamp
Staceys Bridge,147.83028,-36.44333,Hardcore Bushcamp
Stonehenge Farmstay Camping Ground,148.13556,-37.53083,Hardcore Bushcamp
Tallandoon Rest Area,147.2032172,-36.4404953,Hardcore Bushcamp
Tanwood South Rest Area,143.40639,-37.0175,Hardcore Bushcamp
Tarra River Rest Area,146.68306,-38.55056,Hardcore Bushcamp
The Quarries Campground,147.0891258,-37.8128361,Hardcore Bushcamp
Thurra River / Drummer Forest Walk / Rest Area,149.2725177,-37.5687467,Hardcore Bushcamp
Tom Mitchell Reserve Rest Area,147.5499641,-36.1783091,Hardcore Bushcamp
Toolangi Recreational Reserve,145.47444,-37.535,Hardcore Bushcamp
Torneys Tank Bushland Reserve,143.11639,-35.73944,Hardcore Bushcamp
Trawool Rest Area,145.20167,-37.09056,Hardcore Bushcamp
Upper Yarra Reservoir Park,145.89028,-37.66944,Hardcore Bushcamp
Walpeup Wayside Stop,142.0249276,-35.1359697,Commercial / Resort
Wharparilla Flora Reserve Rest Area,144.7191861,-36.1222937,Hardcore Bushcamp
Wickliffe Rest Area,142.7229487,-37.6909872,Hardcore Bushcamp
Woady Yaloak Creek Rest Area,143.6382968,-37.6781217,Hardcore Bushcamp
Won Wron North Rest Area,146.72972,-38.45889,Hardcore Bushcamp
Greenways West Rest Area,140.1038889,-37.1153668,Hardcore Bushcamp
Mount Scott Canservation Park,140.0551773,-36.7816183,Hardcore Bushcamp
Reedy Creek South Rest Area,140.0094062,-37.0137987,Hardcore Bushcamp
A1 Cabins & Caravan Park,133.6801656,-32.1236701,Commercial / Resort
Abercrombie Caves Campground,149.35833,-33.91389,Hardcore Bushcamp
Abercrombie River Camp,149.32028,-33.95639,Hardcore Bushcamp
Acraman Creek Conservation Park,134.07,-32.45417,Hardcore Bushcamp
Adels Grove,138.5281377,-18.689457,Hardcore Bushcamp
Airport Caravan Park,133.690811,-32.1233935,Hardcore Bushcamp
Airport Parking Bay,140.02472,-34.18306,Hardcore Bushcamp
Albert Golf Course,147.50889,-32.3475,Hardcore Bushcamp
Albert Tognolini Rest Area,118.7391648,-22.4900049,Hardcore Bushcamp
Algebuckina Bridge Neals Creek,135.81278,-27.90278,Hardcore Bushcamp
Alligator Creek Campground,146.9458396,-19.4333799,Hardcore Bushcamp
Alligator Creek Roadhouse,146.92917,-19.38306,Hardcore Bushcamp
Allora Rest Area,151.98278,-28.02917,Hardcore Bushcamp
Alpana Station,138.68444,-31.14028,Hardcore Bushcamp
Alpha Caravan & Villa Park,146.63722,-23.65333,Commercial / Resort
Amamoor Creek Campground,152.55667,-26.35722,Hardcore Bushcamp
Amamoor Picnic Ground,152.6729661,-26.3426851,Hardcore Bushcamp
Ampol Yunta Truck Stop,139.5643973,-32.5802874,Hardcore Bushcamp
Anakie Caravan Park,147.7448042,-23.5520626,Commercial / Resort
Andamooka Camping Ground,137.16278,-30.45111,Hardcore Bushcamp
Ang-Ganrra Aboriginal Community,144.53389,-15.65028,Hardcore Bushcamp
Angorichina Village,138.56083,-31.12639,Hardcore Bushcamp
Chapman River Campground,138.0658375,-35.7875693,Hardcore Bushcamp
Antechamber Bay Campground,138.0669346,-35.7833678,Hardcore Bushcamp
Apex Park Rest Area,152.01944,-28.22222,Hardcore Bushcamp
Apex Park Rest Area,118.48861,-33.96472,Hardcore Bushcamp
Alex Trevallion Park,148.1157617,-30.0338668,Hardcore Bushcamp
Apple Tree Creek Rest Area,152.23833,-25.21917,Hardcore Bushcamp
Araluen Creek,149.79361,-35.62417,Hardcore Bushcamp
Aramac Caravan Park,145.2388278,-22.9668146,Commercial / Resort
Archer Creek Rest Area,145.3475,-17.64667,Hardcore Bushcamp
Archer River Roadhouse,142.939108,-13.4365695,Hardcore Bushcamp
Archers Crossing (north Side),150.67778,-26.79556,Hardcore Bushcamp
Archers Crossing (south Side),150.6794163,-26.7994106,Hardcore Bushcamp
Arckaringa Homestead,134.73833,-27.93667,Hardcore Bushcamp
Arcoona Holiday Farmstay,147.87556,-26.80333,Hardcore Bushcamp
Ardlethan Short-Stay Caravan and Motorhome Parking,146.902618,-34.3581885,Commercial / Resort
Ardune Range Rest Area,140.3713224,-37.0256477,Hardcore Bushcamp
Argadells Bush Retreat,138.0403477,-32.1388075,Hardcore Bushcamp
Ariah Park Recreation Reserve,147.2188096,-34.3521568,Commercial / Resort
Arkaba Rest Area,138.5200451,-31.726347,Hardcore Bushcamp
Arkaroola Wilderness Sanctuary,139.3362146,-30.3116202,Hardcore Bushcamp
Armbrust's Store Campground,143.20028,-13.94444,Hardcore Bushcamp
Arrino Siding,115.62806,-29.43944,Hardcore Bushcamp
Arrowsmith Rest Area,115.1362699,-29.57875,Hardcore Bushcamp
Arthur River,136.63083,-22.66972,Hardcore Bushcamp
Arthurton Rest Area,137.75694,-34.2575,Hardcore Bushcamp
Arve River Picnic Area,146.8068117,-43.1587275,Hardcore Bushcamp
Attack Creek (Stuart Monument),134.141886,-19.0238776,Hardcore Bushcamp
Auburn Caravan Park,138.6905615,-34.0296885,Commercial / Resort
Auburn River Campground,151.0521341,-25.7119951,Hardcore Bushcamp
Augathella North Rest Area,146.5943627,-25.4705825,Hardcore Bushcamp
Avon Downs Rest Area,137.4888559,-20.0247335,Hardcore Bushcamp
The Rock Roadhouse,152.0806512,-32.6150479,Hardcore Bushcamp
Ayr Rest Area 'Plantation Park',147.3984686,-19.58699,Hardcore Bushcamp
Baan Hill,140.43861,-35.5,Hardcore Bushcamp
Babinda Rest Area,145.92639,-17.34833,Hardcore Bushcamp
Baden Powell Mine Rest Area,121.2003562,-30.2236974,Hardcore Bushcamp
Baird Bay,134.36306,-33.14389,Hardcore Bushcamp
Bakers Point Campground No. 3 - Narawntapu NP,146.5693103,-41.1616602,Hardcore Bushcamp
Baladjie Rock Campground,118.8809981,-30.9541459,Hardcore Bushcamp
Ballinyoo Bridge,115.774724,-27.5263793,Hardcore Bushcamp
Ballogie Recreational Area,151.55278,-26.35417,Hardcore Bushcamp
Balonne Minor Campsite,148.20944,-28.59889,Hardcore Bushcamp
Bang Bang Rest Area,140.653821,-18.5265844,Hardcore Bushcamp
Bannister Rest Area,116.54639,-32.71306,Hardcore Bushcamp
Barcaldine Showground Caravan Park,145.294093,-23.551085,Hardcore Bushcamp
Barcaldine South Rest Area,145.3100185,-23.8008768,Hardcore Bushcamp
Barcoo River Camp,146.26278,-24.87611,Hardcore Bushcamp
Barcoo River Rest Area,145.8105933,-24.5831017,Hardcore Bushcamp
Barkers Rocks,137.48722,-34.71444,Hardcore Bushcamp
Barn Hill Station,122.0408381,-18.3683583,Hardcore Bushcamp
Barokee Campground,152.2520676,-30.4433597,Hardcore Bushcamp
Baroota Rodeo Ground & Camping Area -,137.97583,-32.96083,Hardcore Bushcamp
Barraba Lions Park,150.61639,-30.42083,Hardcore Bushcamp
Barrabup Pool (workers Pool),115.68778,-33.95389,Hardcore Bushcamp
Unnamed Campsite,151.9001238,-31.9718045,Hardcore Bushcamp
Barrow Creek Caravan Park,133.8892233,-21.5318391,Hardcore Bushcamp
Batten Creek,135.70722,-16.30139,Hardcore Bushcamp
Battery Rock Rest Area,150.45917,-32.21417,Hardcore Bushcamp
Bauple Recreation Ground,152.6212054,-25.8115622,Hardcore Bushcamp
Bea Bea Creek,118.81528,-22.00889,Hardcore Bushcamp
Beaconsfield Showground,146.82194,-41.19917,Hardcore Bushcamp
Beames Brook,139.3418906,-17.8789515,Hardcore Bushcamp
Beardmore Dam,148.65194,-27.90278,Hardcore Bushcamp
Beardmore Stock Reserve Only NO CAMPING,148.68306,-27.95694,Hardcore Bushcamp
Beasley River Rest Area,116.9778729,-22.9490548,Hardcore Bushcamp
Beatrice Hill Rest Area,131.30972,-12.64306,Hardcore Bushcamp
Beazley Park,148.6242093,-24.4633007,Hardcore Bushcamp
Gemseekers Caravan Park,147.69722,-23.41694,Hardcore Bushcamp
Bedgerebong Showgrounds,147.69222,-33.36444,Hardcore Bushcamp
Beemery Rest Area,146.3582714,-30.0061946,Hardcore Bushcamp
Bega Lookout,149.8242273,-36.6448522,Hardcore Bushcamp
Bell Rest Area,151.45056,-26.93389,Hardcore Bushcamp
Bellingen Showgrounds,152.8992728,-30.4470985,Hardcore Bushcamp
Bells Bay,152.79417,-28.61667,Hardcore Bushcamp
Bells N Whistle Accommodation Park,151.44694,-26.9325,Hardcore Bushcamp
Belmadar Campground,151.2372499,-31.9234842,Hardcore Bushcamp
Beltana Station,138.4015702,-30.816644,Hardcore Bushcamp
Belvidere Campsite,115.68694,-33.1975,Hardcore Bushcamp
Belyando Crossing Roadhouse,146.8594656,-21.5316686,Commercial / Resort
Bendemeer Camping Area,151.15694,-30.88722,Hardcore Bushcamp
Bendleby Ranges Camping Area,138.7926036,-32.3541883,Hardcore Bushcamp
Bents Basin campground,150.63722,-33.93278,Hardcore Bushcamp
Berembed Weir,146.83556,-34.87972,Hardcore Bushcamp
Beresford Siding,136.6580306,-29.2384153,Hardcore Bushcamp
Berrigan Caravan Park,145.8141277,-35.6603541,Hardcore Bushcamp
Berry Bay,137.01361,-34.90583,Hardcore Bushcamp
Bert Dix Memorial Park,140.77694,-34.18306,Hardcore Bushcamp
Bethune Park,146.7310381,-42.5355305,Hardcore Bushcamp
Bethungra Dam & Reserve,147.9072649,-34.7652192,Hardcore Bushcamp
Betoota Rest Area,140.74778,-25.69333,Hardcore Bushcamp
Apex Park - Beverley Rest Area - 48Hr,116.9312592,-32.107425,Hardcore Bushcamp
Biddon Rest Area,148.7947079,-31.5638032,Hardcore Bushcamp
Big Bend Lookout,139.66556,-34.63222,Hardcore Bushcamp
Big Valley Campsite,115.155,-33.98444,Commercial / Resort
Billabong Creek Rest Area,148.1252609,-33.2091623,Hardcore Bushcamp
Billabong Creek,145.73111,-35.35194,Hardcore Bushcamp
Billabong Creek,146.72611,-35.69722,Hardcore Bushcamp
Billiburning Rock,117.91778,-30.17222,Hardcore Bushcamp
Bills Park,145.1767644,-35.3064792,Hardcore Bushcamp
Bilyuin Pool,118.66306,-25.90417,Hardcore Bushcamp
Bindara On The Darling,142.37278,-32.75833,Hardcore Bushcamp
Bingara Riverside Caravan Park,150.577859,-29.8642265,Commercial / Resort
Bingil Bay Campground,146.1010557,-17.827736,Hardcore Bushcamp
Binjour Range Rest Area,151.4994674,-25.53358,Hardcore Bushcamp
Bird Lake,137.78806,-32.50861,Hardcore Bushcamp
Birdcage Reserve,145.69889,-34.52,Hardcore Bushcamp
Birdsville Windmill,139.37333,-25.90611,Hardcore Bushcamp
Bishopsbourne Rv Stop,146.99472,-41.61639,Hardcore Bushcamp
Bivouac Junction Holiday Park,146.43444,-19.98278,Hardcore Bushcamp
Black Box Campground,140.662456,-34.2444472,Hardcore Bushcamp
Black Cockatoo Bush Camp,140.8248837,-36.8651072,Hardcore Bushcamp
Black Perry Rest Area,148.37306,-35.60111,Hardcore Bushcamp
Black River Stadium,146.60111,-19.28833,Hardcore Bushcamp
Black Rock South,138.7368595,-32.8618709,Hardcore Bushcamp
Black Springs Campground,149.7440791,-33.8475791,Hardcore Bushcamp
Black Stump Rest Area,151.3111154,-25.57333,Hardcore Bushcamp
Blackall Caravan Park,145.4687548,-24.4269812,Hardcore Bushcamp
Blackall East Rest Area,145.5505242,-24.4597605,Hardcore Bushcamp
Blackbird Flat Reserve,152.36833,-30.77222,Hardcore Bushcamp
Blackbutt Showgrounds,152.1024698,-26.8805863,Commercial / Resort
Blanchewater Ruins,139.45028,-29.55361,Hardcore Bushcamp
Blatherarm Creek Campground (Turn 2km),151.69945,-29.2402756,Hardcore Bushcamp
Blayney Tourist Park,149.2451646,-33.5366325,Hardcore Bushcamp
Blinman Hotel,138.67778,-31.09361,Hardcore Bushcamp
Blue Heeler Caravan Park,141.9230699,-21.5780691,Commercial / Resort
Bluebird Parking Area,118.40389,-26.74333,Hardcore Bushcamp
Bluewater Park,146.5511706,-19.1763877,Hardcore Bushcamp
Bluff Knoll Road Rest Area,118.19194,-34.31944,Hardcore Bushcamp
Bluff Rock Rest Area,152.0019591,-29.1541899,Hardcore Bushcamp
Bodallin Pioneers Park,118.8555986,-31.3697957,Hardcore Bushcamp
Bogantungan Rest Area / Museum / Monument,147.2894443,-23.6480522,Hardcore Bushcamp
Boggabri South Rest Area,150.0763685,-30.7443466,Hardcore Bushcamp
Bolto Reserve,139.3162842,-34.9152095,Hardcore Bushcamp
Bonalbo Tourist Park & Camping Grounds,152.6288138,-28.7391726,Commercial / Resort
Bonshaw Weir,151.27528,-28.98556,Hardcore Bushcamp
Bonus Downs Farmstay,147.68361,-26.71139,Hardcore Bushcamp
Booberoi Weir,146.64333,-33.03694,Hardcore Bushcamp
Boolba Rest Area,148.0428432,-27.9689307,Hardcore Bushcamp
Boolooroo Rest Area,149.90417,-29.42,Hardcore Bushcamp
Pebble Beach Campsite,145.8885495,-35.9554889,Hardcore Bushcamp
Boomerang Beach Camp,146.02028,-34.58306,Hardcore Bushcamp
Boonah Showgrounds,152.685,-27.9975,Commercial / Resort
Boondi Lookout,120.44528,-31.18917,Hardcore Bushcamp
Boondi Rest Area,120.4291593,-31.1886053,Hardcore Bushcamp
Boondi Rock,120.38444,-31.18111,Hardcore Bushcamp
Boorowa Caravan Park,148.7196868,-34.4341745,Commercial / Resort
Boorowa Rest Area,148.71972,-34.43694,Hardcore Bushcamp
Booyal Crossing,152.00944,-25.22917,Hardcore Bushcamp
Border Cliffs Campground,140.9573751,-33.9723918,Hardcore Bushcamp
Border Rest Area,129.02417,-19.895,Hardcore Bushcamp
Bordertown Recreation Lake,140.7750579,-36.3047757,Hardcore Bushcamp
Bore Baths-Lightning Ridge (prohibited),147.9977201,-29.4228104,Hardcore Bushcamp
Bororen Memorial Park,151.49583,-24.24278,Hardcore Bushcamp
Borroloola Fishing Club Campground,136.4782404,-15.9360036,Hardcore Bushcamp
Borumba Campground,152.58806,-26.50167,Hardcore Bushcamp
Borumba Deer Park,152.6014871,-26.4948148,Commercial / Resort
Bothwell Camping Ground & Caravan Park -,147.0086412,-42.3832504,Hardcore Bushcamp
Bottle Bend Forest Picnic Area,142.29861,-34.30333,Hardcore Bushcamp
Bough Shed Hole Campground,142.96083,-22.56028,Hardcore Bushcamp
Boulia Caravan Park,139.9190477,-22.9092892,Commercial / Resort
Bower Rest Area,139.3530653,-34.1228491,Hardcore Bushcamp
Boyagin Rock,116.88639,-32.47083,Hardcore Bushcamp
Boyne River Rest Area,151.3405634,-24.0110831,Hardcore Bushcamp
Boyne Tannum Caravan Park,151.34528,-23.96111,Hardcore Bushcamp
Boynedale Bush Camp,151.2539653,-24.2234344,Hardcore Bushcamp
Bp Roadhouse & Caravan Park,117.56,-33.70111,Hardcore Bushcamp
Brachina Creek,138.41417,-31.30861,Hardcore Bushcamp
Bradneys Gap,148.15667,-36.16556,Hardcore Bushcamp
Bramston Beach Campground,146.02361,-17.35222,Hardcore Bushcamp
Bramston Beach Plantation Caravan Park -,146.02722,-17.35889,Hardcore Bushcamp
Bramwell Station,142.6205432,-12.1415426,Hardcore Bushcamp
Brandons Bend Reserve,144.86556,-34.51944,Hardcore Bushcamp
Breakaway Campground,115.53972,-28.95028,Hardcore Bushcamp
Braemar Park Rest Area,153.001994,-29.0877603,Hardcore Bushcamp
Brewarrina Rest Area,146.8643385,-29.9488877,Hardcore Bushcamp
Bridge Creek Rest Area,131.31333,-13.43639,Hardcore Bushcamp
Bridport Caravan Park,147.3897615,-40.9940923,Hardcore Bushcamp
Brigalow Creek (South) Camping Area,149.875393,-27.3257884,Hardcore Bushcamp
Brimbago Rest Area,140.4852818,-36.1721046,Hardcore Bushcamp
Brinkworth RV Park,138.4050095,-33.6924036,Commercial / Resort
Briston-Smith Park,138.784411,-35.5142011,Hardcore Bushcamp
Broadwater Campground,145.9456458,-18.4158103,Hardcore Bushcamp
Broadwater Campground,151.5854641,-28.9167232,Hardcore Bushcamp
Brocklehurst Rest Area,148.61833,-32.17139,Hardcore Bushcamp
Brockman River Parking Area,116.11583,-31.49417,Hardcore Bushcamp
Brockman Sawpits Picnic Area,116.01944,-34.52083,Hardcore Bushcamp
Brockway Rest Area,121.75944,-32.33167,Hardcore Bushcamp
Broken Hill Racecourse,141.48083,-31.91333,Hardcore Bushcamp
Bronte Lagoon Camping Area,146.48028,-42.18667,Hardcore Bushcamp
Brookton Highway Rest Spot,116.73722,-32.39917,Hardcore Bushcamp
Brown Beach Campground,137.8567994,-35.7928494,Commercial / Resort
Brunette Downs Rest Area,135.9796532,-18.4742082,Hardcore Bushcamp
Bucca Hotel,152.0925917,-24.8590675,Hardcore Bushcamp
Buckenderra Holiday Village,148.7647209,-36.181809,Hardcore Bushcamp
Bulahdelah North Rest Area,152.2215241,-32.3921433,Hardcore Bushcamp
Bulahdelah Rest Area,152.1990297,-32.4521924,Hardcore Bushcamp
Buldania Rocks,122.0365019,-32.079032,Hardcore Bushcamp
Bullita Homestead Campground,130.4237361,-16.1130248,Hardcore Bushcamp
Bundaburrah Rest Area,147.7331878,-33.5221216,Hardcore Bushcamp
Bundarra Lion's Park,151.07833,-30.19333,Hardcore Bushcamp
Bundooma Siding,134.25944,-24.89278,Hardcore Bushcamp
Bundoora Dam,148.5375,-22.95361,Hardcore Bushcamp
Bungaree Bay Camping Area,152.31917,-32.45944,Hardcore Bushcamp
Bungil Creek Rest Area,148.79306,-26.43194,Hardcore Bushcamp
Bungunya Rest Area,149.657876,-28.423697,Hardcore Bushcamp
Bunjil Rocks,116.3713039,-29.6648601,Hardcore Bushcamp
Bunnerungee Bridge,141.751414,-33.580198,Hardcore Bushcamp
Buntine Rocks,116.58528,-29.97028,Hardcore Bushcamp
Bunyip Hole Reserve,145.98972,-34.56056,Hardcore Bushcamp
Bunyip Park,138.33361,-33.58889,Hardcore Bushcamp
Burcher Camping Ground,147.2517959,-33.5161417,Hardcore Bushcamp
Burdett Park,152.9346737,-30.4726145,Hardcore Bushcamp
Burdulba Camping Area,132.74806,-12.77167,Hardcore Bushcamp
Burgess Park,152.9951165,-28.2385545,Hardcore Bushcamp
Burke & Wills Dig Tree,141.0733641,-27.62194,Hardcore Bushcamp
Burke & Wills Roadhouse,140.3475511,-19.2276502,Commercial / Resort
Burke River,139.9378926,-22.8886531,Hardcore Bushcamp
Burke's Grave Camp Area,140.77861,-27.72278,Hardcore Bushcamp
Burners Beach,137.2445278,-34.9003276,Hardcore Bushcamp
Burra Creek Gorge - Worlds End Reserve (West),139.04556,-33.83111,Hardcore Bushcamp
Burra Rock,121.202105,-31.3927792,Hardcore Bushcamp
Burra Showgrounds,138.9252759,-33.667784,Commercial / Resort
Burrabogie Reserve,145.16444,-34.49861,Hardcore Bushcamp
Burracoppin Centenary Park,118.47944,-31.39833,Hardcore Bushcamp
Burraga Dam,149.55222,-33.93583,Hardcore Bushcamp
Burrawan Rest Area,152.7544228,-31.5516069,Hardcore Bushcamp
Burringbar Park,153.47056,-28.43417,Hardcore Bushcamp
Burrumbuttock Hall,146.8045973,-35.83307,Commercial / Resort
Bushland Park Cabins & Camping,151.63111,-26.91333,Hardcore Bushcamp
Bushy Parker Park,146.39361,-19.04611,Hardcore Bushcamp
Bute Caravan Park,138.0059917,-33.8656903,Hardcore Bushcamp
Butterfly Springs,135.46,-15.62639,Hardcore Bushcamp
Bylong Public Hall / Sportsground,150.1134207,-32.4160964,Hardcore Bushcamp
Cable Bay Campground,136.8998827,-35.2854495,Hardcore Bushcamp
Cable Beach,142.45028,-10.72028,Hardcore Bushcamp
Cactus Beach Sinclair Point,132.98333,-32.08861,Hardcore Bushcamp
Cadell Caravan and Camping Park,139.7570816,-34.0377107,Commercial / Resort
Cadoux Rest Area,117.1333139,-30.7717161,Commercial / Resort
Caliguel Lagoon,150.1110518,-26.9842262,Hardcore Bushcamp
Calingiri Caravan Park,116.4483708,-31.0901881,Commercial / Resort
Callide Dam,150.61278,-24.37389,Hardcore Bushcamp
Calliope River Rest Area,151.1536388,-23.9624302,Hardcore Bushcamp
Ampol Truck Stop Roadhouse,152.0539185,-28.1847346,Hardcore Bushcamp
Camooweal Billabong,138.1151233,-19.927803,Hardcore Bushcamp
Camooweal Caves National Park Campground,138.17194,-20.04361,Hardcore Bushcamp
Camp Cypress,149.0549632,-30.9459301,Commercial / Resort
Camp Kanga,148.3943368,-20.3636712,Hardcore Bushcamp
Camp Paradise,125.4122595,-26.9654368,Hardcore Bushcamp
Campaspe River Rest Area,145.5334409,-20.4413865,Hardcore Bushcamp
Campbells Island State Forest,144.105646,-35.5902931,Hardcore Bushcamp
Campbells Reserve,145.38861,-34.46667,Hardcore Bushcamp
Candelo Rest Area,149.6940578,-36.7675577,Hardcore Bushcamp
Cane River,115.5952908,-22.0252672,Hardcore Bushcamp
Canebrake Pool,115.2820335,-33.8804775,Hardcore Bushcamp
Canebreak Rest Area (24hrs RV s/c),115.5188188,-34.1557145,Hardcore Bushcamp
Canowindra Caravan Park,148.66389,-33.56889,Hardcore Bushcamp
Canowindra Rest Area,148.65139,-33.55972,Hardcore Bushcamp
Canungra Showgrounds,153.1587653,-28.0208499,Commercial / Resort
Cape Bauer,134.06139,-32.72222,Hardcore Bushcamp
Cape Hardy Beach,136.2990059,-34.1972076,Hardcore Bushcamp
Cape Jervis Station Caravan & Camping -,138.1280489,-35.605405,Hardcore Bushcamp
Capertee Rest Area,149.9846952,-33.1467796,Hardcore Bushcamp
Carappee Hill Campground,136.27222,-33.43222,Hardcore Bushcamp
Carawine Gorge,121.0281808,-21.4777469,Hardcore Bushcamp
Carcoar Dam,149.17972,-33.61083,Hardcore Bushcamp
Carisbrooke Camping & Fishing Reserve,150.9587945,-28.4659215,Hardcore Bushcamp
Caroline Pool,127.75972,-18.22667,Hardcore Bushcamp
Caron Dam Reserve,116.3162771,-29.5659307,Hardcore Bushcamp
Caroona Hall,150.4245356,-31.4061888,Hardcore Bushcamp
Carrow Wells,136.33361,-34.14417,Hardcore Bushcamp
Casino Village,153.05,-28.87528,Hardcore Bushcamp
Cassilis Park Rest Area,149.9335051,-32.0547628,Hardcore Bushcamp
Casuarina Day Use Area,152.2470544,-27.8875485,Hardcore Bushcamp
Cato Bridge Rest Area,146.9133222,-29.9159767,Hardcore Bushcamp
Caurnamont North,139.5865136,-34.8421559,Hardcore Bushcamp
Caurnamont Reserve,139.61528,-34.85472,Hardcore Bushcamp
Causeway Caravan Park,150.78778,-23.19833,Hardcore Bushcamp
Cave Hill,121.2334944,-31.6663,Hardcore Bushcamp
Cedar Grove Campground,152.5866532,-26.3660512,Hardcore Bushcamp
Centenary Gardens,151.1241435,-25.3720954,Hardcore Bushcamp
Ceratodus Rest Area,151.1388931,-25.2813872,Hardcore Bushcamp
Chaelundi Rest Area,152.3348678,-30.0685589,Hardcore Bushcamp
Chain Lagoons,149.7770795,-25.5189602,Hardcore Bushcamp
Chandada Pioneer Park,134.6731094,-32.7545999,Hardcore Bushcamp
Chapman Bore East,139.60556,-35.13472,Hardcore Bushcamp
Chapman Pool,115.20639,-34.0925,Hardcore Bushcamp
Chapman River,141.62167,-14.91667,Hardcore Bushcamp
Charcoal Tank Nature Reserve - Rest Area,147.1575,-33.98361,Hardcore Bushcamp
Charley Creek Rest Area,132.91833,-23.27083,Hardcore Bushcamp
Charlies Mine,143.2125,-13.96083,Hardcore Bushcamp
Charnley River Station,125.45806,-16.71472,Hardcore Bushcamp
Chatsworth Park,152.6296336,-26.1507695,Hardcore Bushcamp
Childers Rest Area,152.27889,-25.235,Hardcore Bushcamp
Chillagoe Rodeo Grounds,144.51611,-17.15806,Hardcore Bushcamp
Chookarloo Camp Site,138.717104,-35.2055606,Hardcore Bushcamp
Chorregon Rest Area,143.57333,-22.69111,Hardcore Bushcamp
Chudleigh Showground,146.4823535,-41.5568162,Hardcore Bushcamp
Chuulangun Campgrounds,142.9899438,-13.1170694,Hardcore Bushcamp
Emu Creek Campground,152.17194,-26.97667,Hardcore Bushcamp
Clare Valley Racecourse,138.58778,-33.78694,Hardcore Bushcamp
Clarence River Campers Paradise,152.92056,-29.59611,Hardcore Bushcamp
Clayton Bay Beach Rest Area,138.92361,-35.49667,Hardcore Bushcamp
Clayton Station,138.38167,-29.27694,Hardcore Bushcamp
Cleaverville Beach,116.99806,-20.66111,Hardcore Bushcamp
Clem Walton Park & Corella Dam,140.04889,-20.82667,Hardcore Bushcamp
Cleve Showgrounds,136.49056,-33.70083,Commercial / Resort
Cloudy Corner Campground,147.2521889,-43.4661988,Hardcore Bushcamp
Clover Flat Rest Area,148.21722,-36.0725,Hardcore Bushcamp
Clybucca Bp Roadhouse (permanently closed),152.9421598,-30.938291,Hardcore Bushcamp
Coach & Horses Campground,143.82694,-31.45639,Hardcore Bushcamp
Coalfields Road Rest Area,115.94889,-33.29167,Hardcore Bushcamp
Coast Care Project Rest Area,146.97083,-43.13972,Hardcore Bushcamp
Cobb & Co Caravan Park,146.2522193,-26.3956057,Commercial / Resort
Cobb & Co Nine Mile Campgrounds,152.7633353,-26.2875698,Hardcore Bushcamp
Cobdogla Pump Station,140.3997744,-34.2624796,Hardcore Bushcamp
Cockatoo Lake Reserve,140.58167,-36.74861,Hardcore Bushcamp
Cockburn River Campsite,151.14389,-31.05194,Hardcore Bushcamp
Cohen Rest Area,132.8638203,-31.860997,Hardcore Bushcamp
Coleambally Lions Park,145.87944,-34.79778,Hardcore Bushcamp
Coleambally Water Ski Club,146.31694,-34.63111,Hardcore Bushcamp
Colebrook Tavern,147.35889,-42.52611,Hardcore Bushcamp
Coles Point Campground,135.35389,-34.36944,Hardcore Bushcamp
Collarenebri Primitive Campground,148.5815786,-29.5482878,Hardcore Bushcamp
Colligans Campground,140.6981698,-34.2536167,Hardcore Bushcamp
Columboola Country Caravan Park,150.33111,-26.54611,Hardcore Bushcamp
Comboyne Showgrounds,152.46611,-31.60778,Commercial / Resort
Comeroo Campground,145.1368356,-29.2420637,Hardcore Bushcamp
Comet Bore Campground,140.8014525,-35.743948,Hardcore Bushcamp
Common Beach,145.99222,-34.55944,Hardcore Bushcamp
Conolly's Flat Rest Area,116.00778,-34.53167,Hardcore Bushcamp
Cookoothama Reserve,145.9466476,-34.5474405,Hardcore Bushcamp
Cooks Hut Campground,143.2925,-12.70972,Hardcore Bushcamp
Cooks Plains,139.55972,-35.37917,Hardcore Bushcamp
Coolabunia Rest Area,151.8776666,-26.5805065,Hardcore Bushcamp
Coomalie Creek Caravan Park,131.12222,-13.01917,Hardcore Bushcamp
Coomalie Creek,131.1225,-13.01556,Hardcore Bushcamp
Coomandook North,139.65861,-35.45667,Hardcore Bushcamp
Coongan Pool,119.79028,-20.905,Hardcore Bushcamp
Coongan River,119.79056,-20.91528,Hardcore Bushcamp
Coongie Lakes Campground,140.15333,-27.19083,Hardcore Bushcamp
Cooper Creek,142.7460987,-25.3703077,Hardcore Bushcamp
Cooper Creek Camp Site,138.71,-28.62361,Hardcore Bushcamp
Coorong Rest Area,139.8766595,-36.6213055,Hardcore Bushcamp
Copeland Reserve,151.8584552,-31.9728023,Hardcore Bushcamp
Copeton Dam (Northern Foreshore),150.99722,-29.89361,Hardcore Bushcamp
Copeton Waters State Park,150.9884767,-29.9314901,Hardcore Bushcamp
Copley Town Park,138.42361,-30.55722,Hardcore Bushcamp
Coramba Recreation Reserve - Overnight,153.01639,-30.19944,Hardcore Bushcamp
Cordola Camping Area,139.6650429,-34.1297946,Hardcore Bushcamp
Corinna Campground,145.0781109,-41.6516127,Hardcore Bushcamp
Cornish (Cobar) Rest Area,145.84472,-31.49917,Hardcore Bushcamp
Corny Point Reserve,137.01472,-34.89444,Hardcore Bushcamp
Country Style Holiday Park,151.8861656,-28.723153,Hardcore Bushcamp
Cowan Downs Rest Area,140.43472,-18.98667,Hardcore Bushcamp
Coward Springs Campground,136.8119702,-29.4001841,Hardcore Bushcamp
Cowarie Station,138.33556,-27.70167,Hardcore Bushcamp
Cowra Overnight Rest Area,148.6819701,-33.8354156,Hardcore Bushcamp
Cranky Rock Recreation Reserve,150.6465365,-29.5614856,Commercial / Resort
Crayfish Creek Van & Cabin Park,145.39889,-40.85806,Hardcore Bushcamp
Crediton Hall Campground,148.5462723,-21.2056476,Hardcore Bushcamp
Credo Station,120.82722,-30.46528,Hardcore Bushcamp
Crosby Park,152.38694,-27.90139,Hardcore Bushcamp
Croydon Rest Area,148.93417,-26.77972,Hardcore Bushcamp
Cudgegong Waters Caravan Park,149.82333,-32.81222,Hardcore Bushcamp
Cudlee Creek Tavern & Caravan Park,138.81611,-34.83972,Hardcore Bushcamp
Culburra North Rest Area,139.94361,-35.79694,Hardcore Bushcamp
Culcairn Caravan Park,147.0361607,-35.670842,Commercial / Resort
Culgoa River Campground,147.09,-29.09778,Hardcore Bushcamp
Cullyamurra Waterhole,140.8386048,-27.70194,Hardcore Bushcamp
Cumberland Mine Historic Site,143.3506072,-18.3013099,Hardcore Bushcamp
Cummins Railway Triangle,135.72583,-34.26556,Hardcore Bushcamp
Cumnock Showgrounds,148.74611,-32.92861,Commercial / Resort
Cundle Flat Farm,151.98389,-31.8125,Hardcore Bushcamp
Cunningham Rest Area - Westbound,151.7320488,-28.1700902,Hardcore Bushcamp
Curdimurka Railway Siding,137.085095,-29.4765933,Hardcore Bushcamp
Currajong Rest Area,148.1747293,-33.1122797,Hardcore Bushcamp
Currency Creek Lions Park,138.7598336,-35.45444,Hardcore Bushcamp
Curtin Springs Wayside Inn & Cattle Stat,131.757679,-25.3148731,Commercial / Resort
Cutana Rest Area Eastbound,140.5810329,-32.1860626,Hardcore Bushcamp
D'estrees Bay Camp Ground,137.6055648,-35.9662006,Hardcore Bushcamp
Dago Point Campground,147.1651568,-42.1317941,Hardcore Bushcamp
Daintree Riverview Lodges & Caravan Park,145.3177846,-16.2500433,Commercial / Resort
Dajarra Campground,139.5132523,-21.6961164,Commercial / Resort
Dalhousie Springs Campground,135.502891,-26.4236083,Hardcore Bushcamp
Daly River Esplanade Conservation Area,131.3524479,-13.787476,Hardcore Bushcamp
The Daly Waters Pub,133.3700872,-16.2543536,Commercial / Resort
Dandaragan Transit Caravan Park,115.70333,-30.67028,Hardcore Bushcamp
Dangin Rest Area,117.3285988,-32.0418539,Hardcore Bushcamp
Darbys Falls River Reserve,148.862809,-33.9483838,Hardcore Bushcamp
Darkes Memorial Rest Area,135.8865252,-33.1657082,Hardcore Bushcamp
Darlington Point Riverside Caravan Park,146.00417,-34.56806,Commercial / Resort
Darwin River Dam Recreation Park,130.96639,-12.82694,Hardcore Bushcamp
Dead Mans Point,146.395309,-33.2794773,Hardcore Bushcamp
Delegate Caravan Park,148.94667,-37.04,Hardcore Bushcamp
Delungra Showground,150.82583,-29.65111,Commercial / Resort
Deni Car O Tel & Caravan Park,144.96861,-35.53556,Hardcore Bushcamp
Denmark (east) Rest Area,117.42333,-34.96917,Hardcore Bushcamp
Derby Park,147.7976856,-41.1420757,Hardcore Bushcamp
Des Streckfuss Rest Area,119.5123056,-20.8255367,Hardcore Bushcamp
Desert Camp Conservation Reserve,140.365,-36.46667,Hardcore Bushcamp
Desert Oaks Rest Area,133.1960384,-24.9049657,Hardcore Bushcamp
Devils Marbles Campground,134.26417,-20.56806,Hardcore Bushcamp
Diamond Tree Lookout,116.12083,-34.31972,Hardcore Bushcamp
Digger's Camp,153.2887669,-29.8149873,Hardcore Bushcamp
Dimbulah Caravan Park,145.1054319,-17.1515722,Commercial / Resort
Dingley Dell Campground,138.7065279,-31.3554207,Hardcore Bushcamp
Dingo Creek Bicentennial Park,151.8701499,-26.3136809,Hardcore Bushcamp
Dingo Tops Campground,152.14333,-31.66583,Hardcore Bushcamp
Dirranbandi Retreat & Caravan Park,148.2289581,-28.5814611,Commercial / Resort
Djarrung Campground,131.59611,-14.75833,Hardcore Bushcamp
Dogwood Creek Rest Area,150.17944,-26.65556,Hardcore Bushcamp
Dolo Hill Rest Area,142.81306,-31.67306,Hardcore Bushcamp
Domblegabby Rest Area,125.0747032,-32.3222108,Hardcore Bushcamp
Donors Hill Rest Area,140.5123188,-18.6982281,Hardcore Bushcamp
Doolena Gorge,119.78556,-20.92556,Hardcore Bushcamp
Doon Doon Roadhouse Caravan Park,128.2475834,-16.3086414,Hardcore Bushcamp
Douglas Hot Springs,131.43944,-13.76472,Hardcore Bushcamp
Downfall Creek Campground,145.58834,-17.1477664,Hardcore Bushcamp
Drillham Rest Area,149.9806017,-26.6409343,Hardcore Bushcamp
Drummond Range Lookout,147.20444,-23.64389,Hardcore Bushcamp
Drummonds Reserve,115.4344646,-30.4891436,Hardcore Bushcamp
Dry River Rest Area,149.8662128,-36.4684985,Hardcore Bushcamp
Dry Stone Walling Rest Area,135.1014777,-33.7594617,Hardcore Bushcamp
Dubbo Showground,148.61444,-32.25,Hardcore Bushcamp
Dubbo South Rest Area,148.50722,-32.32972,Hardcore Bushcamp
Dulacca Hotel Camping,149.7640487,-26.6435589,Hardcore Bushcamp
Dululu Progress Association Rest Area,150.26111,-23.84833,Commercial / Resort
Dumaresq River - Self Contained,151.16417,-28.8675,Hardcore Bushcamp
Dumboy Creek Rest Area,150.7975,-29.64,Hardcore Bushcamp
Dunalley Rv Stop,147.8123976,-42.8821202,Hardcore Bushcamp
Dundee Downs Bush Resort,130.49361,-12.77083,Hardcore Bushcamp
Dungog Caravan Park,151.76278,-32.39694,Hardcore Bushcamp
Dunmarra Wayside Inn,133.4130039,-16.6801673,Hardcore Bushcamp
Eadine Springs Picnic Area,116.5395674,-31.7125667,Hardcore Bushcamp
Eagle Bluff Lagoon Campground,113.5820675,-26.0743041,Hardcore Bushcamp
Eaglestone Rock,118.23028,-31.06667,Hardcore Bushcamp
Edrom Road Northbound Rest Area,149.8446919,-37.202829,Hardcore Bushcamp
Gresford Camping Ground and Picnic Area,151.5594193,-32.4326014,Commercial / Resort
Eastern Chief Bore West,135.05917,-22.93472,Hardcore Bushcamp
Eastern Foreshore Campground,150.51833,-30.88889,Hardcore Bushcamp
Eastern Foreshore State Park Campground,150.99028,-32.10778,Hardcore Bushcamp
Ebor Rest Area,152.3459875,-30.4076391,Hardcore Bushcamp
Eckerts Creek Campground,140.546712,-34.3349959,Hardcore Bushcamp
Murray Recreation and Caravan Park,139.1019931,-34.6539563,Hardcore Bushcamp
Edith Falls (Leliyn) Campground,132.18611,-14.17944,Hardcore Bushcamp
Eight Mile Corner,139.46139,-34.38944,Hardcore Bushcamp
Einasleigh Rest Area,144.09667,-18.51056,Hardcore Bushcamp
El Arish Rest Area,146.0108429,-17.7956626,Hardcore Bushcamp
Elanbe Caravan Village,150.35778,-28.59472,Hardcore Bushcamp
Elanda Point Canoe Company,152.99917,-26.25417,Hardcore Bushcamp
Eldee Station,141.2584651,-31.6693884,Hardcore Bushcamp
Eli Elwah Reserve,144.967837,-34.492758,Hardcore Bushcamp
Ellenborough Reserve,152.46111,-31.44028,Hardcore Bushcamp
Ringers,127.0596911,-15.9645384,Hardcore Bushcamp
Ellendale Pool,114.97278,-28.85917,Hardcore Bushcamp
Ellendale Rest Area,124.8357372,-17.9608551,Hardcore Bushcamp
Elsey Rest Area,133.34889,-14.98556,Hardcore Bushcamp
Emerald Springs Roadhouse,131.62972,-13.63139,Hardcore Bushcamp
Clancy's Campground,152.1649771,-26.9714404,Hardcore Bushcamp
Emu Creek Station,115.04194,-23.03167,Hardcore Bushcamp
Endrick River Crossing,150.1206954,-35.0894809,Hardcore Bushcamp
Engine Point Campground,135.9889037,-34.7393841,Hardcore Bushcamp
Engoordina Ruins,134.36417,-25.06944,Hardcore Bushcamp
Enngonia South Rest Area,145.8416203,-29.5855047,Hardcore Bushcamp
Eromanga Motel & Caravan Park,143.271599,-26.6695826,Commercial / Resort
Ersine Range Rest Area,128.29972,-15.79083,Hardcore Bushcamp
Euabalong Caravan Park,146.4722254,-33.1116678,Commercial / Resort
Eugowra Showground,148.382705,-33.435047,Hardcore Bushcamp
Eulin Crossing,116.6744499,-33.7005627,Hardcore Bushcamp
Euroley Bridge Reserve,146.37556,-34.63806,Hardcore Bushcamp
Evelyn Downs Rest Area,134.1850681,-28.4258242,Hardcore Bushcamp
Evercreech Forest Reserve,147.9731687,-41.4005943,Hardcore Bushcamp
Exchange Hotel Caravan Park - CLOSED,145.0194194,-20.7698307,Hardcore Bushcamp
Exmouth Turnoff Information Bay,114.014685,-23.7520216,Hardcore Bushcamp
Eyres Waterhole Rest Area,134.2456312,-32.8179567,Hardcore Bushcamp
Farina Station Campground,138.2736743,-30.0624208,Hardcore Bushcamp
Farm Beach Campground,135.39778,-34.49667,Hardcore Bushcamp
Farrell Flat Rest Area,138.79583,-33.82917,Hardcore Bushcamp
Unnamed Campsite,152.5795151,-27.9581689,Hardcore Bushcamp
Federation Park,151.89222,-27.6525,Hardcore Bushcamp
Fernhook Falls Campground,116.5921653,-34.8193661,Hardcore Bushcamp
Fig Tree Crossing Rest Area,114.7040711,-28.6589724,Hardcore Bushcamp
Finley Lakeside Caravan Park,145.58028,-35.63417,Hardcore Bushcamp
Firey Creek,139.5219826,-18.695997,Hardcore Bushcamp
First Settlers Park,152.13611,-26.88833,Hardcore Bushcamp
Fisherman's Rest (48hr),147.92833,-26.475,Hardcore Bushcamp
Fisherman Point Campground,135.98558,-34.7568548,Hardcore Bushcamp
Fishing & Restocking Club Park,149.0734543,-27.1487037,Hardcore Bushcamp
Fitzgerald Bay Bush Camp - Native Myrtle Retreat - toilets/water,137.755,-32.90694,Hardcore Bushcamp
Fitzgerald Bay Bush Camp,137.74917,-32.92139,Hardcore Bushcamp
Fitzgerald Rest Area,119.4470904,-33.7574183,Hardcore Bushcamp
Fitzgerald River Rest Area,119.2539654,-33.83119,Hardcore Bushcamp
Fitzpatrick Trackhead Camp,148.6739218,-35.1390384,Hardcore Bushcamp
Five Mile Reserve,146.60306,-34.75194,Hardcore Bushcamp
Flat Rock Reserve,149.79194,-33.54833,Hardcore Bushcamp
Floodout Creek,131.1775687,-21.804835,Hardcore Bushcamp
Florence Falls 2WD Campground,130.7845865,-13.0968211,Hardcore Bushcamp
Flour Cask Bay Sanctuary,137.69167,-35.87222,Hardcore Bushcamp
Fong-On Bay Campground,145.59861,-17.15361,Hardcore Bushcamp
Food & Huts By Mt Oxley - Rossmore Station,146.21528,-30.0475,Hardcore Bushcamp
Forbes Rest Area,148.00139,-33.38778,Hardcore Bushcamp
Ford Run Rest Area,121.08556,-28.22778,Hardcore Bushcamp
Forsayth Rest Area,143.60528,-18.5825,Hardcore Bushcamp
Fort Courage Angling & Caravan Park -,141.7336538,-34.0894524,Hardcore Bushcamp
Fortescue Bay Campground,147.9673783,-43.1421734,Hardcore Bushcamp
Fortescue River Roadhouse,116.1376137,-21.2950723,Hardcore Bushcamp
Fossey River Rest Area,145.6209427,-41.4510914,Hardcore Bushcamp
Foul Bay Camping Reserve,137.2125,-35.18056,Hardcore Bushcamp
Fountain Springs Rest Area,139.9965673,-20.800115,Hardcore Bushcamp
Four Mile Creek,148.98556,-33.41556,Hardcore Bushcamp
Four Post Camp,144.99056,-35.59833,Hardcore Bushcamp
Fowlers Camp,113.6184356,-26.1067006,Hardcore Bushcamp
Fowlers Gap,141.70194,-31.10194,Hardcore Bushcamp
Foxtrap Cooladdi Roadhouse - Freecamp External,145.4684813,-26.6467848,Hardcore Bushcamp
Frances Creek,146.1369478,-18.7477978,Hardcore Bushcamp
Southern Hills Rest Area,122.5935171,-32.0741642,Hardcore Bushcamp
Fraser Range Station,122.7951222,-32.0292422,Commercial / Resort
Fred Drew Rest Area,145.9938514,-17.5149151,Hardcore Bushcamp
Fred Greensil Lake (yowie Park),152.56444,-26.94722,Hardcore Bushcamp
Friendly Beaches Campground,148.2875,-41.99083,Hardcore Bushcamp
Frog Hollow,146.3822017,-33.3048372,Hardcore Bushcamp
Funny Dunny Park,147.59583,-19.75222,Hardcore Bushcamp
Gallo Park,145.495823,-17.2854004,Hardcore Bushcamp
Garah Rest Area,149.6359451,-29.0737522,Hardcore Bushcamp
Garden Of Weeden,152.48556,-25.94111,Hardcore Bushcamp
Garden Pool,120.09194,-21.91472,Hardcore Bushcamp
Garden Rock,118.02667,-27.48917,Hardcore Bushcamp
Garoolgan Rest Area,146.44889,-34.25278,Hardcore Bushcamp
Garradunga Hotel,145.99528,-17.46139,Hardcore Bushcamp
Karnamarr Campground,132.81611,-13.21778,Hardcore Bushcamp
Gheerulla Campground,152.79139,-26.57,Hardcore Bushcamp
Gheerulla Pioneer Park,152.76694,-26.56472,Hardcore Bushcamp
Gibb River Rest Area,126.51194,-16.09556,Hardcore Bushcamp
Gil Gil Creek North Rest Area,150.01333,-29.16389,Hardcore Bushcamp
Gil Weir,150.1792769,-26.7083153,Hardcore Bushcamp
Gilbert River East,142.89694,-18.19333,Hardcore Bushcamp
Gilbert River,142.8723655,-18.1999485,Hardcore Bushcamp
Giles Breakaway Rest Area,122.7008731,-28.2801005,Hardcore Bushcamp
Gilgunnia Goldfield Rest Area,146.0348158,-32.4183274,Hardcore Bushcamp
Gilhams Beach Campground,146.89028,-43.54333,Hardcore Bushcamp
Gin Gin Rest Area,151.9460943,-24.9747424,Hardcore Bushcamp
Gin Gin Showgrounds,151.95194,-24.98778,Hardcore Bushcamp
Gladfield Rest Area,152.1864262,-28.0742872,Hardcore Bushcamp
Gladstone Campground,114.2482502,-25.9523914,Hardcore Bushcamp
Bottletree Hotel Glamorgan Vale,152.62722,-27.50889,Hardcore Bushcamp
Glasbys Caravan Park,151.43417,-27.06083,Hardcore Bushcamp
Glasshouse Mountains Campground,152.92139,-26.91389,Hardcore Bushcamp
Glebe Weir,150.03389,-25.46361,Commercial / Resort
Gleesons Landing,136.96583,-35.00389,Hardcore Bushcamp
Glen Innes Anzac Park,151.73444,-29.73417,Hardcore Bushcamp
Glen Mervyn Dam,116.0986415,-33.4967316,Hardcore Bushcamp
Glen Riddle Recreation Reserve,150.6927128,-30.4503056,Hardcore Bushcamp
Glendon Camping Grounds,151.69667,-28.175,Hardcore Bushcamp
Glendora Campground,149.40944,-33.0275,Hardcore Bushcamp
Cuttaburra Crossing Rest Area,139.6489411,-24.9137608,Hardcore Bushcamp
Glenmorgan Railway Station,149.67611,-27.24889,Commercial / Resort
Glenreagh Recreation Reserve,152.9738657,-30.052127,Commercial / Resort
Glenron Coolah Primitive Bush Camp,149.69139,-31.86444,Hardcore Bushcamp
Goanna Creek Rest Area,135.3675,-16.70444,Hardcore Bushcamp
Gogeldrie Riverside Park,146.2577273,-34.6154355,Hardcore Bushcamp
Golden Gully Caravan Park,148.06528,-35.30694,Hardcore Bushcamp
Golden West Hotel Caravan Park,144.4416529,-24.2582591,Commercial / Resort
Goldfields Caravan Park,143.54944,-18.28722,Hardcore Bushcamp
Goldwire Rest Area,121.9661742,-18.603829,Hardcore Bushcamp
Goolgowi Caravan Park,145.7066372,-33.9792547,Commercial / Resort
Goolgowi East Rest Area,145.71111,-33.985,Hardcore Bushcamp
Goolgowi Rest Area,145.695,-33.98944,Hardcore Bushcamp
Halsie Thompson Camping Ground,148.434789,-33.61314,Hardcore Bushcamp
Gooloogong West Campspot,148.42,-33.60861,Hardcore Bushcamp
Goomeri Showgrounds,152.0693233,-26.1862383,Hardcore Bushcamp
Goongarrie Station Stay,121.04528,-29.98222,Hardcore Bushcamp
Goovigen Sportsground,150.285477,-24.1453996,Commercial / Resort
Gordon Creek Campground South,143.29806,-12.71333,Hardcore Bushcamp
Gordonvale Rest Area,145.7869606,-17.1000719,Hardcore Bushcamp
Gore Rest Area,151.4891072,-28.295023,Hardcore Bushcamp
Gorge Rock Pool,117.99583,-32.45694,Hardcore Bushcamp
Goulet Bluff,113.6933255,-26.214437,Hardcore Bushcamp
Gowrie Park Wilderness Village,146.21583,-41.47222,Hardcore Bushcamp
Goyder's Line Memorial Rest Area (South),138.2085415,-32.8014998,Hardcore Bushcamp
Goyders Line Memorial Rest Area,135.7557205,-33.1466551,Hardcore Bushcamp
Reflections Grabine Lakeside - Holiday Park,149.0280285,-33.9508451,Hardcore Bushcamp
Grafton Greyhound Racing Club,152.92556,-29.67417,Hardcore Bushcamp
Kookynie Grand Hotel Caravan Park,121.49083,-29.33611,Hardcore Bushcamp
Granite Country Rest Area,135.46583,-33.04944,Hardcore Bushcamp
Granite Creek Rest Area,151.66778,-24.61222,Hardcore Bushcamp
Granite Gorge Nature Park,145.3512524,-17.0417908,Hardcore Bushcamp
Carey Brook (Grass Tree Hollow) Camping Area,115.8043864,-34.4265653,Hardcore Bushcamp
Gravel Bay,137.00639,-34.92722,Hardcore Bushcamp
Gravesend Recreation Reserve Overnight,150.3341526,-29.5851997,Hardcore Bushcamp
Great Lake Hotel,146.67667,-41.98028,Hardcore Bushcamp
Green Point Campground,144.6798526,-40.909899,Hardcore Bushcamp
Green Range Rest Area,118.3808242,-34.6282535,Hardcore Bushcamp
Greenfield Beach,150.69083,-35.08806,Hardcore Bushcamp
Greenough River,115.68722,-28.18417,Hardcore Bushcamp
Greenrise Lake Campground,140.832828,-37.3968405,Hardcore Bushcamp
Greens Point,149.7324618,-33.0955548,Hardcore Bushcamp
Gregory Downs,139.2503982,-18.646278,Hardcore Bushcamp
Griffin Park,147.8897817,-41.4633607,Hardcore Bushcamp
Griffith Showgrounds Caravan Park,146.0300285,-34.2906322,Hardcore Bushcamp
Grimwade Settlement,116.05056,-33.7,Hardcore Bushcamp
Grindells Hut Campground,139.21333,-30.475,Hardcore Bushcamp
Grong Grong Park,146.7830359,-34.7387841,Hardcore Bushcamp
Grotto Creek,128.27028,-15.72167,Hardcore Bushcamp
Gulgong Showground,149.5265185,-32.3722053,Commercial / Resort
Gum Bend Lake,147.1017102,-33.0758844,Hardcore Bushcamp
Gum Flat Public Reserve,150.08167,-29.465,Hardcore Bushcamp
Gum Leaves Caravan Park,150.195,-23.91,Hardcore Bushcamp
Gunalda Rest Area,152.5707671,-25.9862209,Hardcore Bushcamp
Gundy Showgrounds,150.99528,-32.01278,Hardcore Bushcamp
Gungurul Campground,132.33556,-13.29028,Hardcore Bushcamp
Gunlom Falls (Udp Falls),132.4149395,-13.434561,Hardcore Bushcamp
Gunnedah North No 2 Rest Area,150.1868848,-30.9230964,Hardcore Bushcamp
Gunnedah Showgrounds,150.24806,-30.98,Hardcore Bushcamp
Soil Conservation (Gunnedah South) Rest Area,150.2745794,-31.0254011,Hardcore Bushcamp
Guthalungra Rest Area,147.84306,-19.9233279,Hardcore Bushcamp
Guyra Summit Caravan Park,151.6719586,-30.2352418,Commercial / Resort
Gwambygine Park,116.80972,-31.97222,Hardcore Bushcamp
HI-Way Inn Caravan Park,133.385,-16.30778,Hardcore Bushcamp
Haleys Cabins & Camping,145.35194,-15.91111,Hardcore Bushcamp
Halidon Rest Area,140.16389,-34.88389,Hardcore Bushcamp
Hamilton Channels,140.58083,-22.77306,Hardcore Bushcamp
Hamilton Common,146.83056,-42.55917,Hardcore Bushcamp
Hancocks Shaft Rest Area,137.2089317,-33.265838,Hardcore Bushcamp
Hann River Roadhouse,143.87278,-15.18889,Hardcore Bushcamp
Hann River Rest Area,126.3565959,-16.5152105,Hardcore Bushcamp
Hanson Rest Area,138.83917,-33.75389,Hardcore Bushcamp
Harbour View Caravan Park,136.93889,-33.67361,Hardcore Bushcamp
Harriet Creek,131.9847403,-13.6786409,Hardcore Bushcamp
Harvey Dickson's Country Music Centre C,116.42167,-33.80694,Hardcore Bushcamp
Haslam Campground,134.2142011,-32.5089952,Hardcore Bushcamp
Haslam Rest Area,134.240415,-32.5127508,Hardcore Bushcamp
Hawker Town Park,138.42111,-31.8875,Hardcore Bushcamp
Hay Showground,144.8394052,-34.4961506,Hardcore Bushcamp
Haythorpe Reserve,139.3232487,-34.9091033,Hardcore Bushcamp
Heartbreak Hotel Campground,135.726566,-16.6840832,Commercial / Resort
Henrietta Creek,145.7586953,-17.5987122,Hardcore Bushcamp
Herbert Parker Rest Area (Yule River),118.2997616,-20.6993559,Hardcore Bushcamp
Heron Bend,140.3358052,-34.1553302,Hardcore Bushcamp
Hesso Rest Area,137.44028,-32.11917,Hardcore Bushcamp
Hettner Landing,139.5562732,-34.7506764,Hardcore Bushcamp
Higher Ground Homestay,148.06889,-23.62444,Hardcore Bushcamp
"Hillocks Drive, Butler's Beach",137.1247772,-35.2311168,Hardcore Bushcamp
Hillston Rest Area,145.53222,-33.50417,Hardcore Bushcamp
Hillview Caravan Park,140.37194,-37.61167,Hardcore Bushcamp
Hinkler Lions Park,152.31417,-24.89694,Hardcore Bushcamp
Hobart Memorial Lookout,138.275148,-35.4811469,Hardcore Bushcamp
Hodgsonvale Lions Park,151.93417,-27.64583,Hardcore Bushcamp
Hoffman's Mill,116.0843066,-33.0045074,Hardcore Bushcamp
Hogan Park,153.5046972,-28.274375,Hardcore Bushcamp
Holder Bend Reserve & Boat Ramp,140.01333,-34.18444,Hardcore Bushcamp
Holy Campground,148.00333,-33.89778,Hardcore Bushcamp
Home Hill Caravan Park,147.41806,-19.66222,Hardcore Bushcamp
Homebush Hotel Campground,143.6127813,-34.4085521,Hardcore Bushcamp
Homestead Campground,116.2466419,-31.6085717,Hardcore Bushcamp
Hookeys Waterhole,135.435,-27.59639,Hardcore Bushcamp
Hookina Creek,138.33278,-31.76083,Hardcore Bushcamp
Horries Beach Camp,145.97722,-34.56278,Hardcore Bushcamp
Horseshoe View Caravan Park,138.53194,-32.42472,Hardcore Bushcamp
"""Hotel Hilton""",141.54972,-22.35306,Hardcore Bushcamp
Howlong Lions Park,146.6225,-35.98806,Hardcore Bushcamp
Howlong Memorial Park,146.61778,-35.98222,Hardcore Bushcamp
Hughenden Rotary Rest Area,144.2001234,-20.8500939,Hardcore Bushcamp
Hughenden RV Parking Area,144.2059301,-20.8446072,Hardcore Bushcamp
Hughes Airfield,131.085,-12.695,Hardcore Bushcamp
Hull Heads Recreation Area,146.07167,-17.995,Hardcore Bushcamp
Humes Crossing,148.27611,-35.47361,Hardcore Bushcamp
Hunters Gorge Campground,141.10222,-23.68194,Hardcore Bushcamp
Hutchison Memorial,134.85333,-29.075,Hardcore Bushcamp
Ida Bay Railway Camping Area,146.9037012,-43.4438846,Hardcore Bushcamp
Iga Warta Community Campground,138.93472,-30.59583,Hardcore Bushcamp
Illilawa Reserve,144.9168631,-34.4977004,Hardcore Bushcamp
Inca Creek Rest Area,138.7595392,-20.0661125,Hardcore Bushcamp
Indarra,115.32194,-28.64361,Hardcore Bushcamp
Indee Station,118.59778,-20.78694,Hardcore Bushcamp
Inglewood Rest Area,151.0858078,-28.4116302,Hardcore Bushcamp
Inland Sea Restaurant,137.3598705,-34.9845381,Hardcore Bushcamp
Innamincka Town Common - East,140.7342559,-27.7480496,Hardcore Bushcamp
Inskip Point Campground,153.0708083,-25.8167135,Hardcore Bushcamp
Inverell Showground,151.1207492,-29.784338,Hardcore Bushcamp
Ippinitchie Campground,138.23278,-33.06694,Hardcore Bushcamp
Iron Knob Rest Area,137.1480825,-32.7210618,Hardcore Bushcamp
Iron Knob West Rest Area 1,137.0046499,-32.8621006,Hardcore Bushcamp
Iron Knob West Rest Area 2,136.888418,-32.9640675,Hardcore Bushcamp
Irvinebank Tavern,145.2025,-17.42778,Hardcore Bushcamp
Isaac River Rest Area,148.1309903,-22.0494976,Hardcore Bushcamp
Isisford Road Rest Area,143.5579399,-24.2341872,Hardcore Bushcamp
Jack And Lil's Rest Area,140.9425,-19.66861,Hardcore Bushcamp
Jack Taylor Weir,148.56083,-28.04028,Hardcore Bushcamp
Jackson Rest Area,149.5548629,-26.6314925,Hardcore Bushcamp
Jalmurark Campground,133.2202552,-14.9532734,Hardcore Bushcamp
James Ainsworth Horrock Monument Rest Area,138.4324796,-33.4596436,Hardcore Bushcamp
James Hedges Park,152.11917,-27.55111,Hardcore Bushcamp
Jardine River Ferry Campground & Servic,142.28306,-11.10389,Hardcore Bushcamp
Jayes Bridge,116.40556,-33.91417,Hardcore Bushcamp
JC Hotel Ruins,141.89861,-25.37722,Hardcore Bushcamp
Jeir Creek,149.02306,-35.04083,Hardcore Bushcamp
Jemalong Weir - Upstream,147.77778,-33.40056,Hardcore Bushcamp
Jericho Redbank Community Park,146.1312929,-23.6066533,Hardcore Bushcamp
Jericho Showground,146.1316684,-23.5944228,Commercial / Resort
Tables and Chairs Rest Area,150.4606611,-35.1459788,Hardcore Bushcamp
Jerrys Plains Recreation Ground,150.9103568,-32.4986956,Hardcore Bushcamp
Jervois Station,136.14417,-22.95111,Hardcore Bushcamp
Jibberding Rock and Nature Reserve Rest Area,116.82472,-30.0025,Hardcore Bushcamp
Jilakin Rock,118.32417,-32.66472,Hardcore Bushcamp
Unnamed Campsite,132.55306,-12.94389,Hardcore Bushcamp
Jim Mitchell Park Rest Area,151.9702634,-28.4892079,Hardcore Bushcamp
John Oxley Rest Area,146.18417,-33.87278,Hardcore Bushcamp
John S Christian Reserve,139.48667,-34.69889,Hardcore Bushcamp
Jondaryan Memorial Park,151.5915855,-27.3680847,Hardcore Bushcamp
Jondaryan Woolshed,151.5720771,-27.3939172,Hardcore Bushcamp
Jones Creek Rest Area,120.5370911,-27.4795174,Hardcore Bushcamp
Jounama Creek Campground,148.3313456,-35.5657999,Hardcore Bushcamp
Jourama Falls camping area,146.126457,-18.8559836,Hardcore Bushcamp
Julia Creek Caravan Park,141.74472,-20.6525,Commercial / Resort
Julia Creek,141.7561414,-20.6558183,Hardcore Bushcamp
Julius River Forest Reserve,145.0275905,-41.1542898,Hardcore Bushcamp
Junction Rest Area,144.8119265,-18.138832,Hardcore Bushcamp
Jundah Galaxy Opal Tourist Park,143.0588325,-24.8281466,Commercial / Resort
Jungle Camping Ground,145.4625,-16.08722,Commercial / Resort
Unnamed Campsite,145.5424739,-17.2161087,Hardcore Bushcamp
Kakadu Information Bay,132.12833,-12.80083,Hardcore Bushcamp
Kalanooka Springs,116.23861,-29.19028,Hardcore Bushcamp
Kalbar Showgrounds,152.6262931,-27.9373456,Commercial / Resort
Kallara Station,144.51528,-30.89083,Hardcore Bushcamp
Kalpowar Crossing,144.2108922,-14.9114632,Hardcore Bushcamp
Kalumburu Rest Area,126.51972,-16.11833,Hardcore Bushcamp
Kamarooka Tourist Park,148.5866511,-28.0337497,Commercial / Resort
Kambolgie Campground,132.39361,-13.50361,Hardcore Bushcamp
Kandanga Free Camp,152.6769228,-26.3866245,Hardcore Bushcamp
Kanyaka Ruins,138.29889,-32.08583,Hardcore Bushcamp
Kapunda Tourist & Fishing Park,148.6563493,-27.988594,Commercial / Resort
Karoonda Tourist Park,139.89,-35.09639,Commercial / Resort
Karoonda East Rest Area,139.9094065,-35.0870514,Hardcore Bushcamp
Karoonda Lions Park,139.89611,-35.095,Hardcore Bushcamp
Karte Conservation Park,140.68472,-35.075,Hardcore Bushcamp
Kathala Pass Rest Area,128.1957034,-31.8318632,Hardcore Bushcamp
Kauri Creek Campground,145.59806,-17.13833,Hardcore Bushcamp
Keirs Krafts Camp,152.09917,-24.74083,Hardcore Bushcamp
Keith South Rest Area,140.34139,-36.19417,Hardcore Bushcamp
Kenilworth Show & Recreation Grounds,152.7279734,-26.5975753,Commercial / Resort
Kennedy River Rest Area,144.1846055,-15.4203512,Hardcore Bushcamp
Kentish Park,146.2192927,-41.3819196,Hardcore Bushcamp
Kev Kerr Rest Area,139.22889,-22.97361,Hardcore Bushcamp
Ki Ki South Rest Area,139.8118338,-35.6131886,Hardcore Bushcamp
Kiana Turnoff Rest Area,135.68389,-17.52806,Hardcore Bushcamp
Kiga Bore Rest Area - Northbound,150.05306,-29.03833,Hardcore Bushcamp
Kilcowera Station,143.93722,-28.68111,Hardcore Bushcamp
Kilcoy Farmstay,152.5525,-27.00472,Hardcore Bushcamp
Kilcoy Showgrounds,152.54583,-26.94361,Hardcore Bushcamp
Kilkivan Bush Camping Park,152.29028,-26.11694,Hardcore Bushcamp
Kimba East Rest Area,136.7698452,-33.048847,Hardcore Bushcamp
Kinbombi Falls,152.15083,-26.22194,Hardcore Bushcamp
King Edward River Campground No 1,126.2024563,-14.8875574,Hardcore Bushcamp
King Edward River Campground No 2,126.2023598,-14.8838712,Hardcore Bushcamp
King River Rest Area,132.6328546,-14.6440772,Hardcore Bushcamp
King River West Rest Area,132.08639,-14.67722,Hardcore Bushcamp
King's Site,140.67806,-27.775,Hardcore Bushcamp
Kingfisher Camp,138.2848886,-17.8687238,Hardcore Bushcamp
Maidenwell Hotel,151.798156,-26.8469877,Hardcore Bushcamp
Kingston Se Jetty Parking Area,139.8502622,-36.8268663,Hardcore Bushcamp
Kingston South,139.8212949,-36.9250924,Hardcore Bushcamp
Kirkalocka Station,117.7803254,-28.5581202,Hardcore Bushcamp
Kondinin Travellers Rest,118.2645887,-32.4957255,Hardcore Bushcamp
Kookynie Rest Area,121.27083,-29.35806,Hardcore Bushcamp
Kookynie Well Rest Area,121.25694,-29.48722,Hardcore Bushcamp
Koolamon Campground,138.58556,-31.29222,Hardcore Bushcamp
Koonalda Homestead,129.8565355,-31.4563297,Hardcore Bushcamp
Koondrook State Forest,144.216102,-35.6916907,Hardcore Bushcamp
Koonibba Rest Area,133.4185714,-31.951137,Hardcore Bushcamp
Koorarawalyee (Boorabbin) Rest Area,120.0157929,-31.2687387,Hardcore Bushcamp
Kooroorinya Falls Basalt Wall Nature Reserve,144.64028,-21.36778,Hardcore Bushcamp
Kopi Rest Area,135.64972,-33.38167,Hardcore Bushcamp
Koreelah Creek Campground,152.4661907,-28.3083436,Hardcore Bushcamp
Korners Park,150.1807994,-35.7023417,Hardcore Bushcamp
Korsmans Landing,152.28556,-32.47667,Hardcore Bushcamp
Krambach Park,152.26056,-32.05167,Hardcore Bushcamp
Kroombit Park & Lochenbar Station,150.79833,-24.45222,Hardcore Bushcamp
Kudriemitchie Camping Areas,140.20417,-27.36139,Hardcore Bushcamp
RV Friendly Discovery Zone,118.1559912,-32.6703152,Hardcore Bushcamp
Kulpara Plantation,138.0358392,-34.0573035,Hardcore Bushcamp
Kulyaling Park,117.0485453,-32.4602858,Hardcore Bushcamp
Kumarl Siding Rest Area,121.5538628,-32.7881334,Hardcore Bushcamp
Kumbarilla Rest Area,150.8767391,-27.3237356,Hardcore Bushcamp
Apex Park Caravan Stopover,151.6528292,-26.6926569,Commercial / Resort
Kundip Rest Area,120.1851307,-33.6903989,Hardcore Bushcamp
Kununurra Agricultural Showground Carav,128.730948,-15.7720762,Hardcore Bushcamp
Kurrajong Campground,128.3310959,-17.3861923,Hardcore Bushcamp
Kurrimine Beach Campground,146.1093936,-17.7748911,Hardcore Bushcamp
Kyffins Reserve,146.059359,-35.9797023,Hardcore Bushcamp
Kynuna Roadhouse,141.9192544,-21.578949,Commercial / Resort
La Belle Station,130.49806,-13.10611,Hardcore Bushcamp
Lachlan River Rest Area,145.83611,-33.34139,Hardcore Bushcamp
Lady Bay Foreshore,138.2888467,-35.4739933,Hardcore Bushcamp
Lagoon Of Islands,146.93444,-42.11167,Hardcore Bushcamp
Laidley Caravan Park,152.3972249,-27.6260537,Hardcore Bushcamp
Lake Albert Foreshore,139.34361,-35.67194,Hardcore Bushcamp
Lake Barrington,146.21028,-41.37778,Hardcore Bushcamp
Lake Bindegolly Bush Camping,144.2047575,-28.0930737,Hardcore Bushcamp
Lake Bonney Reserve,140.42694,-34.19528,Hardcore Bushcamp
Lake Boondooma Camping & Recreation Area,151.44083,-26.09389,Hardcore Bushcamp
Lake Coolmunda Caravan Park,151.2117062,-28.4101701,Hardcore Bushcamp
Lake Cowan,121.6937614,-32.1012725,Hardcore Bushcamp
Lake Douglas Recreation Reserve,121.39306,-30.84389,Hardcore Bushcamp
Lake Elphinstone,148.2356624,-21.5382673,Hardcore Bushcamp
Lake Grace Caravan Park,118.4592601,-33.0994995,Commercial / Resort
Lake Indoon,115.1551203,-29.8600414,Hardcore Bushcamp
Lake Johnston,120.7890333,-32.0103233,Hardcore Bushcamp
Lake King Caravan Park,119.6880983,-33.0837627,Commercial / Resort
Lake King William,146.21861,-42.14639,Hardcore Bushcamp
Lake Leake Campground,147.80056,-42.01222,Hardcore Bushcamp
Lake Leslie Tourist Park,151.9270177,-28.2262069,Hardcore Bushcamp
Lake Liddell Recreation Area,150.9956883,-32.352611,Hardcore Bushcamp
Lake Lyell Campground,150.07722,-33.525,Hardcore Bushcamp
Lake Mackintosh Camping,145.65639,-41.68528,Hardcore Bushcamp
Lake Macleod Rest Area,114.03639,-24.24917,Hardcore Bushcamp
Lake Mannus,147.979906,-35.8121504,Hardcore Bushcamp
Lake Mason,119.52028,-27.58778,Hardcore Bushcamp
Lake Moondarra Picnic Area,139.57694,-20.58806,Hardcore Bushcamp
Lake Muir Observatory,116.648106,-34.4411281,Hardcore Bushcamp
Lake Murphy Conservation Park,149.66,-25.48556,Hardcore Bushcamp
Lake Nallan,117.9859107,-27.2616688,Hardcore Bushcamp
Lake Nuga Nuga,148.68444,-24.99222,Hardcore Bushcamp
Lake Nunijup,117.40556,-34.40528,Hardcore Bushcamp
Lake Parangana Recreation Area,146.226455,-41.6451655,Hardcore Bushcamp
Lake Poorrarecup,117.23639,-34.41833,Hardcore Bushcamp
Lake Roberts,140.52139,-35.3275,Hardcore Bushcamp
Lake Rosebery Foreshore,145.6191474,-41.7611821,Hardcore Bushcamp
Lake St Clair Campground,151.29167,-32.33444,Hardcore Bushcamp
Lakeside Camping,116.7864709,-33.5892576,Hardcore Bushcamp
Lake View Caravan Park,146.3776153,-33.3023724,Commercial / Resort
Lake Way Rest Area,120.4126764,-27.0386077,Hardcore Bushcamp
Lakeside Camping Ground,139.60778,-34.85694,Hardcore Bushcamp
Larrawa Station Bush Camping,126.535054,-18.8012884,Hardcore Bushcamp
Latrobe Motorhome Stop,146.4100862,-41.2368436,Commercial / Resort
Laura Bay Conservation Park,133.8299788,-32.2425483,Hardcore Bushcamp
Lawless Park (Booubyjan),151.9532703,-25.9449631,Hardcore Bushcamp
Lazeaway Holiday & Caravan Park,117.1477237,-32.6930206,Hardcore Bushcamp
Leader Creek Fishing Camp,131.0925,-12.22389,Hardcore Bushcamp
Learmonth North Rest Area,114.09278,-22.20583,Hardcore Bushcamp
Leichhardt Dig Tree Rest Area,148.5445195,-23.6064879,Hardcore Bushcamp
Leichhardt River,139.785,-18.80611,Hardcore Bushcamp
Leinster South,120.71694,-27.95083,Hardcore Bushcamp
Lemontree Weir,151.3111224,-27.7531165,Hardcore Bushcamp
Len Kroehn Lookout,139.58778,-34.70361,Hardcore Bushcamp
Lennard River Rest Area,124.75611,-17.39278,Hardcore Bushcamp
Leven Canyon Reserve,146.0312291,-41.4005513,Hardcore Bushcamp
Levuka,152.5091712,-28.4219328,Hardcore Bushcamp
Lightning Ridge Caravan Park,147.9814232,-29.4288253,Hardcore Bushcamp
Lightning Ridge Rest Area,147.9701458,-29.4931561,Hardcore Bushcamp
Lilley Vale Rest Area,141.214485,-22.6039455,Hardcore Bushcamp
Lime Bay Campground,147.704215,-42.9564867,Hardcore Bushcamp
Limestone Gorge Campground,130.3835625,-16.04732,Hardcore Bushcamp
Limestone Well Rest Area,123.09333,-27.91306,Hardcore Bushcamp
Linville Village Camping Area,152.2745534,-26.8426042,Hardcore Bushcamp
Lions Den Hotel Campground,145.22306,-15.70583,Hardcore Bushcamp
Lions Park,148.57694,-29.54583,Hardcore Bushcamp
Lions Riverfront Park,139.98528,-34.175,Hardcore Bushcamp
Lipson Cove,136.2605153,-34.2629178,Hardcore Bushcamp
Little Annan River Rest Area,145.20583,-15.68111,Hardcore Bushcamp
Little Boomerang Waterhole Camping Area,143.1410759,-25.1760066,Hardcore Bushcamp
Little Bynoe River,140.82444,-17.86667,Hardcore Bushcamp
Little Creek Reserve,150.43444,-30.31056,Hardcore Bushcamp
Little Freshwater Point,114.96833,-29.64278,Hardcore Bushcamp
Little Gums Campground,140.85611,-34.00778,Hardcore Bushcamp
Little Panton River,127.83167,-17.87556,Hardcore Bushcamp
Little Pine Lagoon,146.6124274,-41.9992879,Hardcore Bushcamp
Little Plains Sportsground,152.2888277,-31.5944579,Hardcore Bushcamp
Little Styx River Campground,152.36639,-30.50778,Hardcore Bushcamp
Little Topar Roadhouse,142.2264107,-31.7801552,Hardcore Bushcamp
Little Yabba Picnic Area,152.68944,-26.62472,Hardcore Bushcamp
Lloyd Jones Weir Campground,145.21583,-23.65,Hardcore Bushcamp
Lock 10,141.90389,-34.10972,Hardcore Bushcamp
Log Bridge Creek Campground,148.27306,-35.41861,Hardcore Bushcamp
Lonesome Campground,148.83083,-25.49111,Hardcore Bushcamp
Long Beach Camp,146.37889,-34.65028,Hardcore Bushcamp
Long Gully Campground,139.80083,-37.25472,Hardcore Bushcamp
Long Island Rest Area,139.48194,-35.92972,Hardcore Bushcamp
Long Point,139.16361,-35.69444,Hardcore Bushcamp
Longreach Waterhole,133.47389,-17.61611,Hardcore Bushcamp
Apex Park Riverside Buish Camp - Longreach Waterhole,144.2295002,-23.4106926,Hardcore Bushcamp
Lorne Station,147.97722,-29.46194,Hardcore Bushcamp
Louis' Lookout Rest Area,118.2728136,-34.025767,Hardcore Bushcamp
Louth Bay,135.9297749,-34.5419053,Hardcore Bushcamp
Louth Camp Spot,145.1125624,-30.5353999,Hardcore Bushcamp
Lowbank Landing,140.06889,-34.18361,Hardcore Bushcamp
Loxton Motorhome Reserve (day use only),140.5788129,-34.4515793,Commercial / Resort
Loyalty Beach Campground & Fishing Lodg,142.38361,-10.83472,Hardcore Bushcamp
Lucindale Caravan Park,140.3663055,-36.9694771,Hardcore Bushcamp
Lucindale Country Club Caravan Park,140.413786,-36.971168,Hardcore Bushcamp
Lukin River Rest Area,143.36167,-14.39528,Hardcore Bushcamp
Lyndabale Rest Area,148.1906673,-32.6979379,Hardcore Bushcamp
Lyndhurst Hotel Motel,138.3514422,-30.2881006,Hardcore Bushcamp
Lyndon River (East),114.27556,-23.48278,Hardcore Bushcamp
Macquarie Woods,149.31222,-33.40944,Hardcore Bushcamp
Macrossan Camping Reserve,146.43944,-20.00333,Hardcore Bushcamp
Macs Reserve,148.24611,-32.19583,Hardcore Bushcamp
Macsland/Leander Rest Area,144.1283931,-23.2760025,Hardcore Bushcamp
Madura Pass Lookout,127.0064035,-31.8991058,Hardcore Bushcamp
Maggie Creek,128.24722,-15.67833,Hardcore Bushcamp
Maitland Rest Area,137.67472,-34.37056,Hardcore Bushcamp
Maitland Showground,137.6775,-34.37167,Commercial / Resort
Maize Island Lagoon Conservation Park -,140.01167,-34.16611,Hardcore Bushcamp
Majors Creek Recreation Reserve,149.7431149,-35.56978,Hardcore Bushcamp
Malabanjbanjdju Tent Camping Area,132.75472,-12.76556,Hardcore Bushcamp
Malcolm Dam,121.4468684,-28.8796106,Hardcore Bushcamp
Maleny Showgrounds,152.8475306,-26.7620292,Hardcore Bushcamp
Mallanganee Oval,152.72139,-28.90806,Hardcore Bushcamp
Mambi Island,128.47333,-15.58278,Hardcore Bushcamp
Mangowine Homestead,118.104525,-31.0469178,Hardcore Bushcamp
Manilla Rivergums Caravan Park,150.7288996,-30.7445497,Commercial / Resort
Mann River Campground & Picnic Area,152.0986154,-29.6875,Hardcore Bushcamp
Mannahill East Rest Area,139.9867249,-32.4306232,Hardcore Bushcamp
Manning Gorge Camping Area,126.9275,-16.65694,Hardcore Bushcamp
Desert Surf Central,125.6567385,-26.8364656,Hardcore Bushcamp
Maranup Ford Farm Stay & Caravan Park -,116.02482,-33.937031,Hardcore Bushcamp
Marathon Rest Area,143.56861,-20.85861,Hardcore Bushcamp
Marburg Showground,152.59722,-27.57139,Hardcore Bushcamp
March Fly Glen Rest Area,125.31028,-17.16306,Hardcore Bushcamp
Mardugal Campground 1,132.53778,-12.92972,Hardcore Bushcamp
Mareeba Lions Park,145.43889,-17.00556,Hardcore Bushcamp
Mareeba Rodeo Grounds,145.3932415,-16.9923952,Hardcore Bushcamp
Marg Mcintosh Park,152.43194,-26.19167,Hardcore Bushcamp
Mark Point,139.07694,-35.625,Hardcore Bushcamp
Markeys Beach Camp,146.44583,-34.71639,Hardcore Bushcamp
Maroona Rest Area,146.05833,-30.24556,Hardcore Bushcamp
Marsden Rest Area - Southbound,147.52056,-33.76278,Hardcore Bushcamp
Marshall Rock,117.90528,-30.83472,Hardcore Bushcamp
Marthaguy Rest Area,148.63944,-31.81806,Hardcore Bushcamp
Berida Rest Area,148.4475,-31.65778,Hardcore Bushcamp
Martins Bend Campground,140.6306581,-34.2902052,Hardcore Bushcamp
Martup Pool,117.0870047,-33.5452772,Hardcore Bushcamp
Mary Lawson Wayside Rest Area,145.57306,-35.65028,Hardcore Bushcamp
Mary River Roadhouse,132.2206153,-13.6058368,Hardcore Bushcamp
Mary Valley Station,143.72472,-15.07611,Hardcore Bushcamp
Mathesons Bore Campground,134.1498476,-28.2582486,Hardcore Bushcamp
Mathison Rest Area,131.683833,-15.1400902,Hardcore Bushcamp
Maude Caravan Park,144.3016696,-34.4735596,Hardcore Bushcamp
Maxwelton Rest Area,142.6780654,-20.7229174,Hardcore Bushcamp
Maya Rest Area,116.50306,-29.88139,Hardcore Bushcamp
Mayfield Bay Campground,148.0128837,-42.2392542,Hardcore Bushcamp
Mcdermid Rock,120.7390515,-32.0218204,Hardcore Bushcamp
Mcilveen Park,151.07806,-29.77972,Hardcore Bushcamp
Mckechnie Springs Farmstay,135.77278,-34.58972,Hardcore Bushcamp
McPhillips Creek Rest Area,152.9908327,-29.7431199,Hardcore Bushcamp
Meckering Memorial Park,117.0073348,-31.6331446,Hardcore Bushcamp
Mehi River Rest Area,149.00556,-29.45278,Hardcore Bushcamp
Melaleuca Campground,152.9625,-31.28028,Hardcore Bushcamp
Melrose Showground,138.195147,-32.8091816,Commercial / Resort
Memorial Rest Area,135.6153374,-34.5930933,Hardcore Bushcamp
Mendooran Camping/Rest Area,149.11472,-31.82444,Hardcore Bushcamp
Meningie Lions Jubilee Park,139.3391575,-35.685172,Hardcore Bushcamp
Meningie Lookout,139.35333,-35.68444,Hardcore Bushcamp
Meridian Rest Area,120.0019437,-33.5743567,Hardcore Bushcamp
Merimbula Rv Motor Home Park,149.871078,-36.8871344,Hardcore Bushcamp
Meriola Reserve,145.01556,-34.46694,Hardcore Bushcamp
Merl Camping Area,132.9563017,-12.4258968,Hardcore Bushcamp
Merna Mora Station,138.39111,-31.54611,Hardcore Bushcamp
Merriton Rest Area,138.16,-33.41639,Hardcore Bushcamp
Miaboolya Beach,113.635,-24.79389,Hardcore Bushcamp
Micalong Creek Reserve,148.68611,-35.18861,Hardcore Bushcamp
Middle Beach Camp,146.36139,-34.63167,Hardcore Bushcamp
Midland Caravan Park,133.5476841,-17.5563825,Hardcore Bushcamp
Midway Caravan Park,143.54667,-18.28944,Hardcore Bushcamp
Millionth Acre Recreation / Rest Area,150.05,-33.67694,Hardcore Bushcamp
Millmerran Showgrounds,151.2776619,-27.8598986,Commercial / Resort
Milpara Rest Area,141.7957452,-33.9262738,Hardcore Bushcamp
Mindarie Rest Area,140.2138198,-34.8167047,Hardcore Bushcamp
Mingary Siding,140.74083,-32.12861,Hardcore Bushcamp
Mingo Crossing Caravan Park,151.77722,-25.39389,Hardcore Bushcamp
Minkie Waterhole,140.63972,-27.77972,Hardcore Bushcamp
Minnie Creek Road Rest Area,123.9178646,-27.8434075,Hardcore Bushcamp
Minnipa Apex Park,135.15083,-32.85444,Hardcore Bushcamp
Miyumba Bush Camp,138.7225,-19.01833,Hardcore Bushcamp
The Keyhole Rest Area,144.7784069,-36.0356294,Hardcore Bushcamp
Caltex Mosman Park,146.25417,-20.09694,Hardcore Bushcamp
Mole Creek Caravan Park,146.36028,-41.55111,Commercial / Resort
Montagu Park,144.97889,-40.74444,Hardcore Bushcamp
Monte Cristo Rest Area,150.28028,-28.18028,Hardcore Bushcamp
Montecollina Bore Rest Area,139.9875,-29.40056,Hardcore Bushcamp
Moodini Bluff Rest Area,127.2873219,-31.9099001,Hardcore Bushcamp
Reflections Mookerawa Waters - Holiday Park,149.1575,-32.76611,Hardcore Bushcamp
Moolooloo Station,138.57833,-30.99,Hardcore Bushcamp
Moonbi Park & Lookout,151.0991849,-30.9760986,Hardcore Bushcamp
Moonie Crossroads Motel Caravan Park,150.3703562,-27.7182246,Commercial / Resort
Moonta Bay Jetty,137.5628417,-34.053986,Hardcore Bushcamp
Moore Park Nature Reserve,152.87833,-28.43639,Hardcore Bushcamp
Moore Rest Area,152.289481,-26.8939126,Hardcore Bushcamp
Moorook Game Reserve,140.36944,-34.26639,Hardcore Bushcamp
Moorook Reserve,140.3680426,-34.2883205,Hardcore Bushcamp
Moralana Creek,138.42667,-31.55556,Hardcore Bushcamp
Morambro Creek,140.62917,-36.74778,Hardcore Bushcamp
Morapoi Station,121.38028,-29.405,Hardcore Bushcamp
Moree Showgrounds,149.84806,-29.46861,Hardcore Bushcamp
Morehead River Rest Area,143.66389,-15.02278,Hardcore Bushcamp
Morgan Conservation Park,139.67778,-34.03417,Hardcore Bushcamp
Morgan Conservation Park,139.68444,-34.04528,Hardcore Bushcamp
Morgan East Rest Area 1,140.2171727,-34.1502061,Hardcore Bushcamp
Morgan East Rest Area 2,139.89778,-34.05806,Hardcore Bushcamp
Morgan West,139.58583,-34.06444,Hardcore Bushcamp
Morney Rest Area,141.6240478,-25.3804687,Hardcore Bushcamp
Mornington Wilderness Camp,126.1102684,-17.5123532,Hardcore Bushcamp
Morven Recreation Ground,147.11611,-26.41833,Commercial / Resort
Mother Of Ducks Lagoon,151.6697028,-30.2231881,Hardcore Bushcamp
Moulting Bay Camping Area,148.2825,-41.28,Hardcore Bushcamp
Mount Browne Station,141.78694,-29.79778,Hardcore Bushcamp
Mount Bryan Rest Area,138.89222,-33.55028,Hardcore Bushcamp
Mount Bundy Station,131.13389,-13.2275,Hardcore Bushcamp
Mount Compass Rest Area,138.61028,-35.34361,Hardcore Bushcamp
Mount Dutton Bay Rest Area,135.4337664,-34.5319722,Hardcore Bushcamp
Mount Gipps Station,141.5569228,-31.6298111,Hardcore Bushcamp
Mount Larcom Rest Area,150.9804746,-23.8109436,Hardcore Bushcamp
Mount Morgan Van Park,150.38667,-23.66028,Hardcore Bushcamp
Mountain Creek Rest Area,148.43444,-32.39167,Hardcore Bushcamp
Mountain Park Picnic Area,152.21583,-32.41333,Hardcore Bushcamp
Mountain Top Rest Area,152.72528,-30.37417,Hardcore Bushcamp
Mozzie Flat Camping Reserve,137.4986212,-35.1116123,Hardcore Bushcamp
Mt Burnett Picnic Area,116.5594215,-34.8940339,Hardcore Bushcamp
Mount Carbine Caravan Park,145.13917,-16.52833,Commercial / Resort
Mount Dare Station,135.247839,-26.070676,Hardcore Bushcamp
Mt Dutton Siding,135.71667,-27.81361,Hardcore Bushcamp
Mt Elizabeth Station,126.10472,-16.41944,Hardcore Bushcamp
Mt Elvire Reserve,119.5975,-29.36306,Hardcore Bushcamp
Mt Florance Station,117.8666224,-21.7880394,Hardcore Bushcamp
Mt Frankland Picnic Area,116.7884995,-34.8232273,Hardcore Bushcamp
Mt Gambier Showgrounds,140.7976218,-37.8378702,Hardcore Bushcamp
Mount Hart Wilderness Lodge,124.92056,-16.81833,Hardcore Bushcamp
Mt Pleasant Rest Area,122.8471892,-32.0211899,Hardcore Bushcamp
Mt Price Rest Area,133.70972,-14.91333,Hardcore Bushcamp
Mt Scoria Conservation Park,150.60111,-24.53056,Hardcore Bushcamp
Lake Cowan Rest Area,121.67861,-32.04139,Hardcore Bushcamp
Mt Walsh Picnic Area,152.0556268,-25.5604867,Hardcore Bushcamp
Muckadilla Community Park,148.3875724,-26.5857719,Hardcore Bushcamp
The Mucka Pub,148.385,-26.585,Commercial / Resort
Muirella Park,132.7546649,-12.8543334,Hardcore Bushcamp
Muirs Bridge Rest Area,116.90194,-34.47722,Hardcore Bushcamp
Mukinbudin Caravan Park,118.20583,-30.91889,Hardcore Bushcamp
Mulga Creek Hotel Caravan Park,146.4018448,-30.6650862,Commercial / Resort
Mulgildie Hotel Freecamp - see bar,151.1323246,-24.9641478,Hardcore Bushcamp
Mullaley Post Office Hotel,149.9039125,-31.1008725,Commercial / Resort
Mullumbimby Leagues Club,153.51639,-28.55306,Hardcore Bushcamp
Mullumbimby Showground,153.48889,-28.54667,Hardcore Bushcamp
Muloorina Station,137.90639,-29.23889,Hardcore Bushcamp
Hinches Beach Campsite,145.9441933,-35.9674526,Hardcore Bushcamp
Munda Rest Area,150.4852377,-28.4884129,Hardcore Bushcamp
Mundulla Showground,140.6898649,-36.357084,Hardcore Bushcamp
Cobb & Co Rest Area / Mungallala Rest Area,147.54194,-26.44583,Hardcore Bushcamp
Mungerannie Hotel,138.66346,-28.0180308,Hardcore Bushcamp
Mungkan River Camping Area,141.60361,-14.85861,Hardcore Bushcamp
The Wells Camping Area,152.32278,-32.525,Hardcore Bushcamp
Murphy's Creek Escape Camping Park,152.09306,-27.48139,Hardcore Bushcamp
Murray Town Park,138.2407176,-32.9342789,Commercial / Resort
Murtho Forest Landing,140.78028,-34.06556,Hardcore Bushcamp
Musgrave Roadhouse,143.5036965,-14.7809344,Hardcore Bushcamp
Muttaburra Caravan Park,144.5520564,-22.5935692,Commercial / Resort
Myall River Camp,152.1793944,-32.6398708,Hardcore Bushcamp
Myroodah Crossing,124.22167,-18.07889,Hardcore Bushcamp
Naracoorte Showgrounds,140.74667,-36.95444,Hardcore Bushcamp
Nardoo Station,145.8754135,-27.7902064,Hardcore Bushcamp
Brewery Flat Reserve - SC Only,146.5506061,-34.7535573,Hardcore Bushcamp
Narrandera Showground,146.56444,-34.74917,Hardcore Bushcamp
Narromine Tourist Park,148.23006,-32.2233109,Hardcore Bushcamp
Narrung Jetty Reserve,139.1842227,-35.5133829,Hardcore Bushcamp
Natural Wilderness Experience 'claraval,148.13083,-26.14528,Hardcore Bushcamp
Nebo Rest Area,148.6876186,-21.6887851,Hardcore Bushcamp
Needilup Rest Area,118.77194,-33.9525,Hardcore Bushcamp
Neil Turner Weir,147.9574221,-26.4735463,Hardcore Bushcamp
Neilson Park,149.279519,-31.2711031,Hardcore Bushcamp
Nelia Gaari Station,142.85111,-32.10222,Hardcore Bushcamp
Netallie Rest Area,143.2168696,-31.5685721,Hardcore Bushcamp
New Beach,113.8029062,-25.1576072,Hardcore Bushcamp
Newcastle Waters Rest Area,133.4396721,-17.3753254,Hardcore Bushcamp
Newman Rocks,123.1691294,-32.1157192,Hardcore Bushcamp
Newstead Creek Rest Area,144.5488376,-23.5035003,Hardcore Bushcamp
Newtons Crossing Picnic Area,149.675,-37.2675,Hardcore Bushcamp
Ngumban Cliff Lookout,126.1086696,-18.7484524,Hardcore Bushcamp
Niagara Dam,121.42778,-29.40417,Hardcore Bushcamp
Nickol River Rest Area,116.9469961,-20.7703392,Hardcore Bushcamp
Nillibubbica Rest Area,123.1327994,-17.6557434,Hardcore Bushcamp
Nindigully Pub,148.8204825,-28.3543467,Hardcore Bushcamp
Nine Mile Reserve,144.71028,-34.54889,Hardcore Bushcamp
Nive River Rest Area,146.45806,-42.29833,Hardcore Bushcamp
Nobles Beach Camp,145.903381,-34.5555219,Hardcore Bushcamp
Nooltana Creek Rest Area,138.36694,-31.80917,Hardcore Bushcamp
Norman River - Glenore Crossing,141.1354566,-17.8553742,Hardcore Bushcamp
Norseman Rest Area,121.78083,-32.19611,Hardcore Bushcamp
North Creek,135.60361,-27.7375,Hardcore Bushcamp
North Star Rest Area (Southbound),150.22611,-28.84056,Hardcore Bushcamp
NSW Water Ski Gardens,150.9825,-33.39583,Hardcore Bushcamp
NT/WA Border Checkpoint,129.0004566,-15.9824378,Hardcore Bushcamp
Nugen Bend Rest Area,146.0341756,-34.3688484,Hardcore Bushcamp
Nundroo East Rest Area,132.3144678,-31.8265112,Hardcore Bushcamp
Nundroo Hotel Motel Caravan Park,132.2258098,-31.7925619,Hardcore Bushcamp
Nyngan Town Park,147.1831875,-31.5567735,Hardcore Bushcamp
Unnamed Campsite,148.6162395,-20.5656954,Hardcore Bushcamp
O'hares Rest Area,148.36528,-35.82222,Hardcore Bushcamp
O'sheas Crossing,152.51111,-27.13722,Hardcore Bushcamp
Oakabella Homestead,114.6005089,-28.5002111,Hardcore Bushcamp
Bowenville Reserve,151.45472,-27.32778,Hardcore Bushcamp
Oasis Roadhouse,144.5439449,-18.8802444,Commercial / Resort
Oasis Town Centre Caravan Park,138.0621072,-29.6466593,Commercial / Resort
Ochre Pits Rest Area,132.8675,-23.73528,Hardcore Bushcamp
October Creek Rest Area,134.85861,-16.63167,Hardcore Bushcamp
Olarinna Creek,134.62139,-27.16333,Hardcore Bushcamp
Old Ambalindum Homestead,134.6843559,-23.3857574,Hardcore Bushcamp
Old Buckanbe Station,144.38167,-30.98667,Hardcore Bushcamp
Old Coorong Road Campgrounds,139.76417,-36.38889,Hardcore Bushcamp
Old Ford Reserve,150.235,-33.73167,Hardcore Bushcamp
Old Halls Creek Lodge,127.78222,-18.24944,Hardcore Bushcamp
Old Junee Rest Area,147.5210478,-34.836955,Hardcore Bushcamp
Old Perlubie School Site,134.40194,-32.41333,Hardcore Bushcamp
Old Police Barracks Waterhole,140.03111,-22.72,Hardcore Bushcamp
Old Police Station Waterhole Campground,135.18667,-20.75417,Hardcore Bushcamp
Old Whittakers Mill,115.72639,-32.96056,Hardcore Bushcamp
Oman Ama Rest Area,151.295,-28.39722,Hardcore Bushcamp
One Lane Bridge Rest Area,151.91694,-27.09306,Hardcore Bushcamp
Oodla Wirra Rest Area,139.0439252,-32.899515,Hardcore Bushcamp
Oolloo Crossing,131.25056,-14.06917,Hardcore Bushcamp
Nags Head Bridge / Ooma Creek Rest Area,148.07611,-33.80917,Hardcore Bushcamp
Oorindi Rest Area,141.104229,-20.6424773,Hardcore Bushcamp
Opthalmia Dam,119.876719,-23.3392247,Hardcore Bushcamp
Ora Banda Historical Inn,121.06139,-30.37611,Hardcore Bushcamp
Orroroo Caravan Park,138.61,-32.7325,Commercial / Resort
Orroroo Rest Area,138.53694,-32.73389,Hardcore Bushcamp
Starcevich VC Rest Area,117.5963813,-34.5238244,Hardcore Bushcamp
Oura Reserve,147.5426529,-35.1232903,Hardcore Bushcamp
Overshot Hill Nature Reserve,119.9945447,-33.5261335,Hardcore Bushcamp
Oyster Point Drive Caravan Park,137.79611,-34.91667,Hardcore Bushcamp
Packsaddle Creek Rest Area,144.9957693,-23.5353469,Hardcore Bushcamp
Padda Park,142.56639,-33.37889,Hardcore Bushcamp
Paddabilla Bore,145.19444,-28.11722,Hardcore Bushcamp
Paddys Island Campground,148.2891701,-41.395581,Hardcore Bushcamp
Paddys River Falls,148.11556,-35.85889,Hardcore Bushcamp
Paddys River Flats,148.1389366,-35.8518413,Hardcore Bushcamp
Padthaway Caravan Park,140.5037365,-36.6000541,Hardcore Bushcamp
Padthaway Rest Area,140.4926307,-36.6001913,Hardcore Bushcamp
Palm Springs,127.845,-18.42,Hardcore Bushcamp
Palm Valley Campground,132.7466031,-24.0575377,Hardcore Bushcamp
Palmer River Roadhouse,144.7772534,-16.1070923,Hardcore Bushcamp
Pannawonica Transit Site,116.32472,-21.63667,Hardcore Bushcamp
Paper Beach Reserve,146.96528,-41.25333,Hardcore Bushcamp
Parachilna Campground,138.395,-31.13111,Hardcore Bushcamp
Parachilna Gorge,138.53,-31.135,Hardcore Bushcamp
Parachilna Junction,138.3975,-31.13167,Hardcore Bushcamp
Pardoo Station,119.57944,-20.10639,Hardcore Bushcamp
Parnka Point,139.4013762,-35.8967285,Hardcore Bushcamp
Paroo River,145.03667,-28.16056,Hardcore Bushcamp
Parry Creek Farm Camping Area,128.2785761,-15.5975697,Hardcore Bushcamp
Paruna Comfort Stop,140.7289026,-34.71972,Commercial / Resort
Paynes Find Roadhouse & Tavern,117.6846664,-29.2633747,Hardcore Bushcamp
Peace Gorge,118.4788568,-26.5793427,Hardcore Bushcamp
Peachna Rest Area,135.7131817,-33.7817585,Hardcore Bushcamp
Peake Creek Siding,135.8024856,-28.0402057,Hardcore Bushcamp
Pear Creek,119.61056,-20.84,Hardcore Bushcamp
Pendleton Farmstay,140.47889,-36.15583,Hardcore Bushcamp
Penguin Lions Park,146.075815,-41.1141086,Hardcore Bushcamp
Penstock Lagoon,146.76111,-42.09639,Hardcore Bushcamp
Pentland Caravan Park / Perch in Pentland,145.4011551,-20.5216847,Commercial / Resort
Peppermint Campground,144.6678427,-41.0481351,Hardcore Bushcamp
Pertendi Hut Campground,140.7779712,-35.6399116,Hardcore Bushcamp
Peter Denny Lookout,119.63194,-27.93917,Hardcore Bushcamp
Peterborough Rest Area,138.8630548,-32.9697905,Hardcore Bushcamp
Petrie Park,152.5768882,-25.7151903,Hardcore Bushcamp
Petrudor Rock,116.9674852,-30.4241975,Hardcore Bushcamp
Pildappa Rock,135.22972,-32.75083,Hardcore Bushcamp
Pilliga Artesian Bore Baths,148.9068833,-30.355542,Hardcore Bushcamp
Pilliga Pub,148.8849742,-30.352572,Hardcore Bushcamp
Pimba Rest Area,136.8041971,-31.2561496,Hardcore Bushcamp
Pimpara Lake,141.73389,-30.42194,Hardcore Bushcamp
Pincally Station,141.5533418,-30.1905397,Hardcore Bushcamp
Pindari Dam,151.26,-29.39611,Hardcore Bushcamp
Pine Plantation Picnic Area,115.4892196,-33.5992069,Hardcore Bushcamp
Pine View Station,141.07278,-30.69611,Hardcore Bushcamp
Pinnaroo Caravan Park,140.90972,-35.26278,Commercial / Resort
Pipers Reserve,146.8602774,-34.9207377,Hardcore Bushcamp
Platypus Campground,145.5596896,-17.1608112,Hardcore Bushcamp
Platypus Flat Campground,152.69139,-30.18583,Hardcore Bushcamp
Plush's Bend,140.753438,-34.2169727,Hardcore Bushcamp
Point Drummond,135.24444,-34.14972,Hardcore Bushcamp
Point Howard Lookout,133.1757721,-23.8046075,Hardcore Bushcamp
Point Plomer Campground - Limeburners Creek NR,152.97,-31.31333,Hardcore Bushcamp
Point Turton Caravan Park,137.35111,-34.93417,Hardcore Bushcamp
Point Westall Camping Area,134.09361,-32.88083,Hardcore Bushcamp
Polblue Campground,151.4266568,-31.9569388,Hardcore Bushcamp
Policeman's Waterhole,140.7038278,-27.7588954,Hardcore Bushcamp
Polkdinney Park,135.5517886,-33.1333879,Hardcore Bushcamp
Poll Crandell (B.E.M.) Park,152.38056,-27.09722,Hardcore Bushcamp
Pomona Showgrounds,152.85778,-26.36,Hardcore Bushcamp
Ponderosa Park,151.25694,-31.46361,Hardcore Bushcamp
Poocher Swamp Rest Area,140.68222,-36.29861,Hardcore Bushcamp
Poochera Rest Area,134.82278,-32.71083,Hardcore Bushcamp
Pooginook Conservation Park,140.1210591,-34.1386898,Hardcore Bushcamp
Poole Creek,137.54111,-29.62556,Hardcore Bushcamp
Popiltah Rest Area,141.6432891,-33.067646,Hardcore Bushcamp
Cooinda Park Rest Area,147.2336663,-33.9241577,Hardcore Bushcamp
Port Arthur Rest Area,138.0637602,-34.1482238,Hardcore Bushcamp
Port Germein South Rest Area 2,138.03083,-33.04611,Hardcore Bushcamp
Port Kenny South (Informal) Rest Area,134.7236245,-33.2037486,Hardcore Bushcamp
Port Parham Foreshore,138.25556,-34.42611,Hardcore Bushcamp
Port Stewart Campground,143.68278,-14.06944,Hardcore Bushcamp
Port Vincent Seaside Flats & Caravan Pa,137.8637245,-34.7791999,Hardcore Bushcamp
Porters Creek Picnic Area,144.9640305,-35.8957779,Hardcore Bushcamp
Post Office Hotel Motel,138.1191992,-19.9223714,Commercial / Resort
Prairie Hotel,144.5999532,-20.8705223,Hardcore Bushcamp
Premer Freedom Camp,149.9015354,-31.4525801,Commercial / Resort
Price Caravan Park,137.99667,-34.28722,Hardcore Bushcamp
Prices Point,122.14417,-17.4875,Hardcore Bushcamp
Pumphouse Caravan & Camp Area,149.3789807,-31.5467336,Commercial / Resort
Punyelroo Caravan Park,139.60222,-34.60361,Hardcore Bushcamp
Purni Bore,136.0986241,-26.2844978,Hardcore Bushcamp
Purnong Reserve,139.6170089,-34.8540493,Hardcore Bushcamp
Pussy Cat Flats,131.83833,-13.80806,Hardcore Bushcamp
Pyramid Campground,144.4606698,-20.3453404,Hardcore Bushcamp
Qt124,140.809662,-18.2880962,Hardcore Bushcamp
Qt125,140.9039836,-17.961217,Hardcore Bushcamp
Quandong,122.16972,-17.59111,Hardcore Bushcamp
Quicks Beach,145.70028,-35.92694,Hardcore Bushcamp
Quinkan Hotel,144.4506703,-15.5665037,Hardcore Bushcamp
Quinkan Remote Community Campground,144.44917,-15.56583,Hardcore Bushcamp
Raaf Boab Quarry,125.29583,-17.91167,Hardcore Bushcamp
Rabbit Proof Fence Parking Bay,118.50139,-31.38972,Hardcore Bushcamp
Racecourse Headland Campground,152.96028,-31.24917,Hardcore Bushcamp
Railton Motorhome Stop,146.423528,-41.3442153,Commercial / Resort
Rainbow Valley Campground,133.6324517,-24.3301017,Hardcore Bushcamp
Rainforest Campground,143.28694,-12.71361,Hardcore Bushcamp
Ramco Point,139.93056,-34.16472,Hardcore Bushcamp
Rangemore Estate Winery,151.61472,-27.02889,Hardcore Bushcamp
Rankins Springs Caravan Park,146.2623922,-33.8418763,Commercial / Resort
Rapid Bay Camping Area,138.19167,-35.52472,Hardcore Bushcamp
Ravensbourne Rest Area,152.17639,-27.35778,Hardcore Bushcamp
Ravensthorpe East Rest Area,120.1037154,-33.5699078,Hardcore Bushcamp
Ravensthorpe Rest Area s/c,120.0450477,-33.5821122,Hardcore Bushcamp
Redbanks Conservation Park Mallee campground,139.101177,-33.6703187,Hardcore Bushcamp
Regans Ford,115.70472,-30.98889,Hardcore Bushcamp
Reid River Rest Area,146.8339445,-19.75667,Hardcore Bushcamp
Renahans Bore Rest Area,130.8492987,-21.2777259,Hardcore Bushcamp
Renner Springs Desert Inn,133.7961651,-18.319277,Hardcore Bushcamp
Riba's Underground Camping & Caravan Park,134.80389,-29.03556,Hardcore Bushcamp
Ricciuto Creek,139.95056,-34.16361,Hardcore Bushcamp
Richmond Rest Area,143.14861,-20.73889,Hardcore Bushcamp
Richmond Shire RV Park Stopover,143.14333,-20.72889,Hardcore Bushcamp
River Bend,115.54639,-28.94639,Hardcore Bushcamp
Riverbend Camp At Nannup,115.76917,-33.97556,Hardcore Bushcamp
Rivers Edge Wilderness Camping,146.80028,-42.94722,Hardcore Bushcamp
Riverside Park,146.9503663,-41.6499893,Hardcore Bushcamp
Riverton South,138.74611,-34.17083,Hardcore Bushcamp
Rix's Creek Rest Area,151.13306,-32.52389,Hardcore Bushcamp
Robinson River Crossing,137.04778,-16.46944,Hardcore Bushcamp
Rocks Crossing Reserve,152.0750738,-31.768895,Hardcore Bushcamp
Rocks Reserve,138.51889,-34.16778,Hardcore Bushcamp
Rocky Creek Glacial Area,150.3172548,-30.0348974,Hardcore Bushcamp
Rocky Gully Lions Park,117.0117258,-34.5090161,Hardcore Bushcamp
Rocky Paddock Campground,138.94056,-34.71694,Hardcore Bushcamp
Rocky Plain campground,148.5417451,-35.891683,Hardcore Bushcamp
Rocky River Camping Area,136.73528,-35.95306,Hardcore Bushcamp
Roebuck Plains Rest Area,122.5953494,-18.0141969,Hardcore Bushcamp
Roma Bassett Park Showgrounds,148.785612,-26.5535347,Commercial / Resort
Rooky's Retreat - For Sale.,144.9302484,-17.3412787,Hardcore Bushcamp
Roper Valley East Rest Area,134.18944,-14.76139,Hardcore Bushcamp
Rosedale Royal Hotel & Caravan Park,151.91639,-24.62889,Hardcore Bushcamp
Thora - Roses Park Rest Area,152.7790013,-30.4258952,Hardcore Bushcamp
Rosevale Retreat Hotel,152.47639,-27.86194,Hardcore Bushcamp
Ross Road Parking Bay,115.93889,-29.01722,Hardcore Bushcamp
Rotoract Club Parking Area,140.61056,-37.74806,Hardcore Bushcamp
Round Hill Rest Area,141.5181898,-31.9375108,Hardcore Bushcamp
Round Water Hole Rest Area,150.6668947,-26.7229389,Hardcore Bushcamp
Routh Creek Rest Area,143.7767764,-18.311957,Hardcore Bushcamp
Rowles Lagoon Conservation Park,120.863779,-30.4262482,Hardcore Bushcamp
Roxby Downs,136.94,-30.54722,Hardcore Bushcamp
Roy Hill Rest Area,119.95028,-22.66944,Hardcore Bushcamp
Royal Hotel,145.8790183,-32.8401048,Commercial / Resort
Royal Mail Hotel,144.76222,-34.93167,Hardcore Bushcamp
Rudds Point Reserve,145.44139,-34.46722,Hardcore Bushcamp
Russ Creek,126.70111,-16.04806,Hardcore Bushcamp
Ryan Well Historical Reserve,133.3828081,-22.7193765,Hardcore Bushcamp
S.S. Ellen Park,140.6477935,-34.253623,Hardcore Bushcamp
Saddle Creek,129.5618147,-15.9571044,Hardcore Bushcamp
Saddleworth Park,138.79806,-34.04722,Hardcore Bushcamp
Saddleworth Rest Area,138.774376,-34.09814,Hardcore Bushcamp
Sailing Club Picnic Area,152.525,-32.27333,Hardcore Bushcamp
Saltwater Creek,149.99944,-37.16889,Hardcore Bushcamp
Samford Showground,152.817835,-27.3700469,Commercial / Resort
Sandy Beach Camp,146.46306,-34.72111,Hardcore Bushcamp
Sandy Beach Reserve,147.7394796,-35.0683835,Hardcore Bushcamp
Sandy Billabong Camping Area,132.77361,-12.90056,Hardcore Bushcamp
Sandy Cape Recreational Park,114.9978552,-30.1843878,Hardcore Bushcamp
Sandy Corner Rest Area,147.3373647,-19.5709255,Hardcore Bushcamp
Sandy Creek,147.7833006,-31.7487613,Hardcore Bushcamp
Sandy Point Reserve,144.8355861,-34.5146827,Hardcore Bushcamp
Sandy Way Rest Area,131.2312014,-25.2218318,Hardcore Bushcamp
Sawtooth Gorge,127.82056,-18.425,Hardcore Bushcamp
Scaddan Pioneer Park,121.7232984,-33.4418308,Hardcore Bushcamp
Trout Creek Camping Area,148.22694,-41.43722,Hardcore Bushcamp
Sceale Bay Bush Camping,134.1969124,-33.0159976,Hardcore Bushcamp
13k Peg Rest Area,129.1309177,-31.6595018,Hardcore Bushcamp
Scenic Lookout Parking Area,128.30569,-16.2577137,Hardcore Bushcamp
School Point Campground,145.61083,-17.14833,Hardcore Bushcamp
Schwagers Bore Picnic Area,149.315315,-30.6035523,Hardcore Bushcamp
Scrubby Camp,140.38417,-27.66056,Hardcore Bushcamp
Seal Creek Campground,123.3343881,-33.914312,Hardcore Bushcamp
Seisia Holiday Park,142.36806,-10.8475,Hardcore Bushcamp
Serpentine Chalet Bush Camping,132.91556,-23.75028,Hardcore Bushcamp
Sharon Nature Park,152.2427898,-24.8836897,Hardcore Bushcamp
Sheba Dams Reserve,151.1962028,-31.498868,Hardcore Bushcamp
Shelley Beach Camping Area,117.62944,-35.10889,Hardcore Bushcamp
Shelley Point,148.2733591,-41.4341815,Hardcore Bushcamp
Wattle Point Camp Ground,137.70222,-35.13861,Hardcore Bushcamp
Sheringa South Rest Area,135.2640808,-33.9112743,Hardcore Bushcamp
Sherlock River,117.6128007,-20.9446015,Hardcore Bushcamp
Shipwrights Point Regatta Ground,146.97972,-43.15861,Hardcore Bushcamp
Silent Grove Camping Area,125.2482581,-17.0668213,Hardcore Bushcamp
Silver Plains Campground,147.1091143,-42.0947874,Hardcore Bushcamp
Simeon Lord Park,152.3598247,-26.9760849,Hardcore Bushcamp
Simpson Desert Oasis Roadhouse,139.4714782,-24.3563549,Commercial / Resort
Six Mile Creek Rest Area,152.6968966,-26.2321084,Hardcore Bushcamp
Ski Beach,140.685,-27.76444,Hardcore Bushcamp
Ski Beach,145.67444,-35.91667,Hardcore Bushcamp
Smithton Esplanade,145.1202835,-40.8388457,Hardcore Bushcamp
Snowtown (North) Rest Area,138.2100488,-33.746463,Hardcore Bushcamp
Snowtown Centenary Park Caravan Park -,138.2162379,-33.77833,Hardcore Bushcamp
Somerset Park Campground,152.5508445,-27.1213361,Hardcore Bushcamp
Sommariva Rest Area,146.625,-26.41417,Hardcore Bushcamp
Soren Hansen Bridge,151.7899222,-26.586598,Hardcore Bushcamp
Soudan Bore Rest Area,136.8772062,-20.073795,Hardcore Bushcamp
South Arm Rsl,147.42806,-43.02944,Hardcore Bushcamp
Southern Lost City,135.4559909,-15.8088913,Hardcore Bushcamp
Spalding Junction Rest Area,138.89472,-33.61361,Hardcore Bushcamp
Speeds Point,134.12917,-32.93083,Hardcore Bushcamp
Spellmans Reserve Campsite,146.16333,-41.35139,Hardcore Bushcamp
Spring Creek Caravan Park,151.99111,-27.95,Commercial / Resort
Spring Gully Camping Area,150.0454946,-32.2426607,Hardcore Bushcamp
Spring Hills Rest Area,142.68583,-31.7230577,Hardcore Bushcamp
Square Bush Rest Area,150.49528,-31.2986428,Hardcore Bushcamp
River Gum Tourist Park,148.57028,-28.04417,Hardcore Bushcamp
St Helens Camping Reserve,148.84389,-20.84111,Hardcore Bushcamp
St Kilda Boat Ramp Car Park,138.5342218,-34.743147,Hardcore Bushcamp
St Lawrence Recreational Reserve,149.5202216,-22.3507548,Hardcore Bushcamp
St Marys Sportsground & Golf Course,148.184317,-41.5847736,Hardcore Bushcamp
Staircase Range Lookout,148.2027084,-24.2159066,Hardcore Bushcamp
Stanage Bay Camping Area,150.0331334,-22.1358992,Hardcore Bushcamp
Standown Park,152.78722,-26.03694,Hardcore Bushcamp
Stanley Rest Area,121.666053,-19.0432094,Hardcore Bushcamp
Stansbury Boat Ramp,137.79667,-34.90389,Hardcore Bushcamp
Stewarts Bay State Reserve,147.85361,-43.13722,Hardcore Bushcamp
Stewarts Brook Recreation Reserve,151.3083111,-32.0032918,Hardcore Bushcamp
Stock Well 9,115.89472,-27.34444,Hardcore Bushcamp
Stockton Lake Recreation Area,116.22861,-33.38472,Hardcore Bushcamp
Stockyard Creek,145.7894815,-19.5130105,Hardcore Bushcamp
Stockyard Plain Disposal Basin Reserve,139.81722,-34.26111,Hardcore Bushcamp
Stockyard Plain Rest Area,139.80583,-34.26528,Hardcore Bushcamp
Stokes Bay Camp Site,137.2065338,-35.6248937,Hardcore Bushcamp
Stonehenge Caravan Park,143.2867099,-24.3549339,Commercial / Resort
Straneys Bridge,147.6538752,-33.3719702,Hardcore Bushcamp
Strangways Siding,136.5734468,-29.1544646,Hardcore Bushcamp
Strathalbyn Caravan Park,138.8863919,-35.2592364,Hardcore Bushcamp
Streaky Bay South Rest Area,134.4551624,-32.9324481,Hardcore Bushcamp
Strike A Light Campground,152.0862294,-32.2905796,Hardcore Bushcamp
Stumpys Bay Campground 1,148.22194,-40.87111,Hardcore Bushcamp
Sturdee Road Rest Area,117.6012654,-34.5348046,Hardcore Bushcamp
Sturt Bay Camping Reserve,137.4028734,-35.1082076,Hardcore Bushcamp
Sturt Creek,127.69361,-19.56,Hardcore Bushcamp
Sturt Reserve,139.28611,-35.12222,Hardcore Bushcamp
Swaggies Beach Camp,145.95833,-34.55917,Hardcore Bushcamp
Swan Brook Rest Area,151.4354651,-29.7717061,Hardcore Bushcamp
Swan Reach Caravan Park,139.5961905,-34.5678108,Commercial / Resort
Swan Reach Conservation Park,139.47889,-34.57472,Hardcore Bushcamp
Swan Vale Rest Area,143.268949,-24.5858276,Hardcore Bushcamp
Sweet Water Hill Winery,152.685,-25.98972,Hardcore Bushcamp
Swincers Rocks,136.97056,-34.97083,Hardcore Bushcamp
Swinging Bridge Reserve,148.6869853,-35.1631228,Hardcore Bushcamp
T M Price Rotary Park,140.7022822,-34.2063292,Hardcore Bushcamp
Ti Tree Roadhouse,133.41667,-22.13139,Commercial / Resort
Tahune Forest Reserve,146.731349,-43.0950386,Hardcore Bushcamp
Tailem Bend South Rest Area,139.43083,-35.30444,Hardcore Bushcamp
Talia Caves,134.78583,-33.31667,Hardcore Bushcamp
Talunga Park Caravan Park,139.04278,-34.77611,Hardcore Bushcamp
Talwood Sports Ground,149.4683342,-28.4870633,Commercial / Resort
Tambo Cabin & Caravan Park,146.24778,-24.885,Commercial / Resort
Tambo North Rest Area,146.1054001,-24.7507285,Hardcore Bushcamp
Tamworth Airport Rest Area,150.85056,-31.07778,Hardcore Bushcamp
Tandara Caravan Park,147.9793474,-32.0366352,Hardcore Bushcamp
Tantanoola Rest Area,140.4556109,-37.6962749,Hardcore Bushcamp
Taralga Showgrounds,149.8246282,-34.403813,Commercial / Resort
Tarcoonyinna Rest Area,133.380893,-26.8965431,Hardcore Bushcamp
Tarlee Rest Area,138.76444,-34.27083,Hardcore Bushcamp
Taroom Caravan & Tourist Park,149.79028,-25.63833,Commercial / Resort
Tarpeena Rest Area,140.7966012,-37.6267263,Hardcore Bushcamp
Tasman Rsl Club Nubeena !!only self contained!!,147.7466919,-43.1082994,Hardcore Bushcamp
Taylor Park,150.88806,-32.16083,Hardcore Bushcamp
Taylors Arm Reserve,152.71611,-30.76778,Hardcore Bushcamp
Tcharkuldu Rock - West,135.19583,-32.84722,Hardcore Bushcamp
Tea Tree Campground,140.6468898,-34.2423548,Hardcore Bushcamp
Teamsters Campground,138.5500834,-31.3382413,Hardcore Bushcamp
Teamsters Memorial Park,145.46944,-16.53917,Hardcore Bushcamp
Teamsters Rest Campground,151.05611,-31.55667,Hardcore Bushcamp
Telleraga Rest Area,149.3950756,-29.5625792,Hardcore Bushcamp
Telstra Tower Layby,140.21639,-19.98694,Hardcore Bushcamp
Temora Showgrounds,147.5216208,-34.4397491,Commercial / Resort
Tenham Rest Area,143.02833,-25.60611,Hardcore Bushcamp
Tenindewa Pioneer Well,115.36139,-28.61139,Hardcore Bushcamp
Tenterfield Rest Area,152.0208003,-29.071253,Hardcore Bushcamp
Terowie Railway Yard,138.9216206,-33.1501392,Hardcore Bushcamp
Terry Smith Lookout,140.2272577,-20.080279,Hardcore Bushcamp
Thackaringa Rest Area,141.1278069,-32.0457532,Hardcore Bushcamp
Thallon Recreation Ground - Free,148.865978,-28.6329331,Hardcore Bushcamp
The Bamboos Campground,137.50139,-34.25278,Hardcore Bushcamp
The Bend,143.19389,-13.92417,Hardcore Bushcamp
The Boab Rest Area,124.2342652,-17.8240822,Hardcore Bushcamp
The Bradley Wolf Braeve Heart Retreat -,151.735,-24.25306,Hardcore Bushcamp
The Breakaways,120.2630274,-32.2779646,Hardcore Bushcamp
The Broadwater,144.56833,-22.66083,Hardcore Bushcamp
The Forrestania Plots,119.5338422,-32.4156501,Hardcore Bushcamp
The Gap Campground,137.50167,-34.23417,Hardcore Bushcamp
The Gorge Campground,152.55444,-28.01028,Hardcore Bushcamp
The Granites,139.85472,-36.65778,Hardcore Bushcamp
The Happy Apple Caravan Park,151.94722,-28.54917,Hardcore Bushcamp
The Junction Campground,149.23917,-33.16944,Hardcore Bushcamp
The Knob Campsite,136.8428577,-33.798922,Hardcore Bushcamp
The Lake (Ellendale),124.783749,-17.9314257,Hardcore Bushcamp
Lake Broadwater Campground,151.0925784,-27.3536607,Hardcore Bushcamp
The Pines Campground,148.285,-35.4475,Hardcore Bushcamp
The Ponds Camp,150.5975,-30.11083,Hardcore Bushcamp
The Retreat Hotel Rest Area,148.8108013,-21.4798741,Hardcore Bushcamp
Vittoria / The Rocks Rest Area,149.38,-33.43222,Hardcore Bushcamp
The Shanty Reserve,147.52083,-35.1125,Hardcore Bushcamp
Stringers,116.1089684,-32.8043859,Hardcore Bushcamp
Theldarpa Station,141.48306,-29.65472,Hardcore Bushcamp
Thirsty Point Reserve,115.0587727,-30.5091258,Hardcore Bushcamp
Thornton Centenary Park,152.374229,-27.798065,Hardcore Bushcamp
Three Mile Dam Campground,148.44889,-35.88833,Hardcore Bushcamp
Three Mile Pool,114.95139,-21.76222,Hardcore Bushcamp
Three Waters High Country Holidays,151.72944,-29.62,Hardcore Bushcamp
Thungutti Camping Area,152.3875,-30.50056,Hardcore Bushcamp
Thureau Hills Camping Area,145.65083,-42.14361,Hardcore Bushcamp
Tiaro Memorial Park,152.5843753,-25.7286426,Hardcore Bushcamp
Tickera North,137.7306062,-33.7577075,Hardcore Bushcamp
Tilmouth Well Roadhouse,132.5982057,-22.8091248,Hardcore Bushcamp
Tilpa Weir,144.45806,-30.91944,Hardcore Bushcamp
Timber Creek Caravan Park,130.4806833,-15.6610021,Hardcore Bushcamp
Tintinara South Rest Area,140.12417,-35.93806,Hardcore Bushcamp
Tiparra Rocks,137.49889,-34.28611,Hardcore Bushcamp
Tipperary Flat Park,151.9953755,-26.6804301,Hardcore Bushcamp
Tippipila Creek Bush Camp,139.01694,-26.995,Hardcore Bushcamp
Tjukayirla Roadhouse,124.573881,-27.1546628,Hardcore Bushcamp
Toalki Rest Area,149.08278,-27.03444,Hardcore Bushcamp
Tolderodden Campground,151.0874088,-25.3765742,Hardcore Bushcamp
Tolderol Game Reserve,139.14861,-35.37528,Hardcore Bushcamp
North of Tomingly Creek Rest Area,148.278494,-32.5218927,Hardcore Bushcamp
Tomingley South Rest Area,148.2203395,-32.5942422,Hardcore Bushcamp
Tongaboo Rest Area - Southbound,145.6157543,-35.5732848,Hardcore Bushcamp
Tongaboo Rest Area - Northbound,145.6100119,-35.5768158,Hardcore Bushcamp
Tonganmain Reserve,145.63861,-34.47139,Hardcore Bushcamp
Toobeah Park Rest Area - SC Only 20Hrs,149.8714418,-28.4167765,Hardcore Bushcamp
Toogoolawah Lions Park,152.37972,-27.09306,Hardcore Bushcamp
Tookey Creek Rest Area,149.78861,-29.87444,Hardcore Bushcamp
Tooloom Falls Campground,152.5266861,-28.5124595,Hardcore Bushcamp
Toorumbee Rest Area,148.9383371,-27.9685299,Hardcore Bushcamp
Top Camp Campground,148.20333,-40.84278,Hardcore Bushcamp
Top Springs Roadhouse Caravan Park,131.79694,-16.54333,Hardcore Bushcamp
Torrington Caravan Park,151.69667,-29.31083,Hardcore Bushcamp
Tower Layby,140.09667,-18.1525,Hardcore Bushcamp
Tocumwal Town Beach Primitive Camping Area,145.5595456,-35.8181874,Hardcore Bushcamp
Towns River,135.21944,-15.03611,Hardcore Bushcamp
Towong Reserve,147.9975808,-36.1235753,Hardcore Bushcamp
Tractor Beach,134.11306,-32.87028,Hardcore Bushcamp
Trayning Caravan Park,117.7936128,-31.1113572,Commercial / Resort
Trezona Campground,138.6237288,-31.3324192,Hardcore Bushcamp
Trial Bay Campground,153.07111,-30.87806,Hardcore Bushcamp
Trig Campground,138.215,-35.64972,Hardcore Bushcamp
Trigwell Bridge,116.59833,-33.67417,Hardcore Bushcamp
Trilby Station,144.94278,-30.63889,Hardcore Bushcamp
Tropic of Capricorn Rest Area,133.8326267,-23.4418046,Hardcore Bushcamp
Troubridge Hill Camping Reserve,137.6446162,-35.1660802,Hardcore Bushcamp
Trundle Showgrounds,147.7003753,-32.9248428,Commercial / Resort
Trunkey Creek Showground,149.3250919,-33.8173723,Commercial / Resort
Truro Rest Area,139.13583,-34.40833,Hardcore Bushcamp
Tuena Recreation Camping Reserve,149.3269166,-34.0148893,Commercial / Resort
Tullah Lakeside Park,145.61694,-41.73722,Hardcore Bushcamp
Tullamore Showgrounds,147.5697949,-32.6274807,Commercial / Resort
Tullibigeal Pioneer Park,146.7268007,-33.4208329,Commercial / Resort
Turlee Station Stay,143.05278,-33.94556,Hardcore Bushcamp
Tycannah Rest Area,149.81028,-29.59972,Hardcore Bushcamp
Uarbry Hall,149.76472,-32.04528,Hardcore Bushcamp
Upper Limestone Creek,139.71806,-22.59833,Hardcore Bushcamp
Urbenville Forest Park,152.54889,-28.46833,Hardcore Bushcamp
Valley Campground,116.2420584,-31.5874716,Hardcore Bushcamp
Venus Bay Wharf,134.67278,-33.23194,Hardcore Bushcamp
Victoria River Roadhouse,131.1280939,-15.6168934,Hardcore Bushcamp
Violet Hill Campground,152.32694,-32.47111,Hardcore Bushcamp
Virgin Rock / Lions Park Rest Area,148.0964854,-24.0936632,Hardcore Bushcamp
Waddi Farm Resort,115.50194,-30.49944,Hardcore Bushcamp
Wagin Caravan Park,117.33472,-33.31083,Commercial / Resort
Waitpinga Campground,138.5007424,-35.6281342,Hardcore Bushcamp
Wakool River,143.47806,-34.94639,Hardcore Bushcamp
Wal's Camp,140.49639,-20.71611,Hardcore Bushcamp
Walardi Campground - Sites 1-26,128.3006135,-17.5223179,Hardcore Bushcamp
Walkabout Hotel,141.289767,-21.2726102,Hardcore Bushcamp
Walker Flat Boat Ramp Reserve,139.5618627,-34.7521486,Hardcore Bushcamp
Walkers Rocks Campground,134.85649,-33.5607041,Hardcore Bushcamp
Wallabadah Freedom Camp,150.8320026,-31.5362631,Hardcore Bushcamp
Wallacetown Rest Area,147.448676,-34.9594092,Hardcore Bushcamp
Wallaroi Creek Rest Area,147.1031716,-33.209054,Hardcore Bushcamp
Wallaroo Truck Marshalling Area,137.62167,-33.93444,Hardcore Bushcamp
Wallum Reserve,151.19583,-24.13806,Hardcore Bushcamp
Wallum Reserve,152.2304795,-25.0589483,Hardcore Bushcamp
Wallumbilla Creek,149.22389,-26.92083,Hardcore Bushcamp
Wallumbilla Showgrounds,149.1797901,-26.5871228,Hardcore Bushcamp
Walpole Park,151.27417,-27.87222,Hardcore Bushcamp
Wandering Caravan Park,116.67472,-32.68417,Hardcore Bushcamp
Wandina Station Stay,115.63139,-27.98611,Hardcore Bushcamp
Wanganella Weir,144.80722,-35.2175,Hardcore Bushcamp
Wangary Rest Area,135.4709405,-34.511559,Hardcore Bushcamp
Wangi Falls Campground,130.6802167,-13.1632438,Hardcore Bushcamp
Robert Hindmarsh (Wannamal) Rest Area,116.0580438,-31.1644556,Hardcore Bushcamp
Warakurna Roadhouse,128.3024669,-25.0435741,Hardcore Bushcamp
Waratah Camping Ground,145.531251,-41.4449892,Hardcore Bushcamp
Warburton Rest Area,126.56806,-26.1319578,Hardcore Bushcamp
Ward River,146.0994238,-26.4920715,Hardcore Bushcamp
Warloch Rest Area,133.1147839,-15.2363244,Hardcore Bushcamp
Warooka Caravan & Camping Ground,137.3981308,-34.9923343,Hardcore Bushcamp
Warooka Rest Area,137.4013178,-34.9913919,Hardcore Bushcamp
Warrabah Camping Area,150.9158518,-30.5685648,Hardcore Bushcamp
Warraweena Conservation Park,138.63667,-30.76778,Hardcore Bushcamp
Warrego Wines,152.6127221,-27.5658843,Hardcore Bushcamp
Warren Gorge,138.0074675,-32.182621,Hardcore Bushcamp
Warren North Rest Area,147.8578339,-31.6671207,Hardcore Bushcamp
Warrina Siding,135.82833,-28.19389,Hardcore Bushcamp
Warroo Bridge,148.7411136,-27.6427768,Hardcore Bushcamp
Warrow North Rest Area,135.4224046,-34.2659463,Hardcore Bushcamp
The Warrumbungles Bushland Retreat,149.16667,-31.26889,Hardcore Bushcamp
200 Mile Tank Rest Area,114.6670669,-27.4142471,Hardcore Bushcamp
Waterpark Creek Campground,150.67222,-22.83556,Hardcore Bushcamp
Watraba Parking Area,133.274913,-31.9407871,Hardcore Bushcamp
Wattle Flat Racecourse,149.7088377,-33.1765925,Hardcore Bushcamp
Wauraltee Beach,137.50778,-34.58778,Hardcore Bushcamp
Waverley Creek Rest Area,149.4756432,-22.4392513,Hardcore Bushcamp
Wawirra Creek,140.0926318,-32.3990054,Hardcore Bushcamp
Wedina Well Campground,134.32833,-33.08778,Hardcore Bushcamp
Wee Waa Showground,149.4492275,-30.2172233,Commercial / Resort
Weengallon Rest Area,149.0553643,-28.3584298,Hardcore Bushcamp
Weetootla Gorge Campground,139.25917,-30.49694,Hardcore Bushcamp
Weipa Camping Ground & Fishing Lodge -,141.8607228,-12.6384773,Hardcore Bushcamp
Wellington Dam Road Rest Area,115.98111,-33.31944,Hardcore Bushcamp
Wells Crossing,151.14333,-29.36222,Hardcore Bushcamp
West Kunderang Wilderness Retreat,152.07667,-30.84389,Hardcore Bushcamp
Sandilands Rest Area,152.65417,-28.90056,Hardcore Bushcamp
West Wyalong Showgrounds,147.21389,-33.93833,Hardcore Bushcamp
Westwood Rest Area,150.1562927,-23.6218925,Hardcore Bushcamp
Whalebone Bay,113.640604,-26.129395,Hardcore Bushcamp
Whaling Station,135.6890168,-34.9109486,Hardcore Bushcamp
Wharf Reserve,151.77778,-32.59083,Hardcore Bushcamp
Wharminda Soaks Picnic Area,136.16306,-33.93083,Hardcore Bushcamp
Whiporie General Store,152.9889638,-29.2828599,Hardcore Bushcamp
Whistleduck Creek,134.77944,-20.63639,Hardcore Bushcamp
White Cliffs Opal Pioneer Tourist Park,143.08972,-30.84944,Commercial / Resort
White Wells,116.9456283,-29.8360954,Hardcore Bushcamp
Whitton Beach Camp,146.2109898,-34.6229652,Hardcore Bushcamp
Wilbinga Grove,115.6206751,-31.3724724,Hardcore Bushcamp
Wild River Caravan Park,145.38889,-17.3675,Commercial / Resort
Wilga Bush Campground,151.0976399,-27.3336256,Hardcore Bushcamp
Will's Grave,140.60306,-27.75667,Hardcore Bushcamp
Willalooka Roadhouse Rest Area,140.350428,-36.3915741,Hardcore Bushcamp
Willandra Campground,145.11806,-33.19333,Hardcore Bushcamp
Willangi Bush Escapes,138.83139,-32.98444,Hardcore Bushcamp
Willare Bridge Roadhouse Caravan Park,123.65417,-17.72639,Hardcore Bushcamp
William Creek Road,134.82222,-29.03417,Hardcore Bushcamp
Williams River Caravan Park,151.7829035,-32.5827869,Commercial / Resort
Willie Creek,122.21111,-17.75917,Hardcore Bushcamp
Willie Retreat Macquarie Marshes,147.4844657,-30.9044503,Hardcore Bushcamp
Willow Park,146.03194,-34.28778,Hardcore Bushcamp
Willow Springs Station,138.75889,-31.44889,Hardcore Bushcamp
Willow Waters Bush Camping,138.6104902,-31.9005203,Hardcore Bushcamp
Wilroy Nature Reserve,115.64889,-28.63972,Hardcore Bushcamp
Wilson Creek Rest Area,147.5942907,-19.8346948,Hardcore Bushcamp
Wilson River Reserve Camp,142.59056,-27.82111,Hardcore Bushcamp
Winbin East Rest Area,144.7963911,-26.6376726,Hardcore Bushcamp
Wind Farm Lookout Parking Area,114.8925912,-28.9025845,Hardcore Bushcamp
Windsor Rest Area,118.5247415,-28.0276373,Hardcore Bushcamp
Wingadee Rest Area,148.19444,-30.46806,Hardcore Bushcamp
Wings Wildlife Park Accommodation,146.0458322,-41.2630439,Commercial / Resort
Winnininnie Creek,139.6551933,-32.5442165,Hardcore Bushcamp
Wintermoon Way Camping Oasis,148.69639,-20.96306,Hardcore Bushcamp
Wirreandi Campground Naracoorte,140.80139,-37.04278,Commercial / Resort
Wirrulla West Rest Area,134.44222,-32.41139,Hardcore Bushcamp
Witera Rest Area,134.5909381,-33.0933284,Hardcore Bushcamp
Wittelbee Conservation Park,133.7445349,-32.2010988,Hardcore Bushcamp
Wogarno Station,117.68222,-28.38361,Hardcore Bushcamp
Wollomombi Rest Area,152.0442952,-30.5118166,Hardcore Bushcamp
Wollondilly River Station,150.0670241,-34.3061538,Hardcore Bushcamp
Womallilla Creek,148.0308246,-26.7722224,Hardcore Bushcamp
Wonarah Bore,136.15639,-19.8425,Hardcore Bushcamp
Wondai North Rest Area,151.8660624,-26.287983,Hardcore Bushcamp
Wonga Beach Caravan and Camping Park,145.4149184,-16.3466548,Hardcore Bushcamp
Wongi Waterholes Camping Area,152.54361,-25.4375,Hardcore Bushcamp
Woodlands Rest Area,148.0543096,-27.2664001,Hardcore Bushcamp
Woogenilup North Rest Area,118.0293206,-34.5255085,Hardcore Bushcamp
Woolbrook Rest Area,151.34722,-30.96528,Hardcore Bushcamp
Wooleen Station,116.16,-27.08722,Hardcore Bushcamp
Woolshed Flat Rest Area,137.96861,-32.4625,Hardcore Bushcamp
Woorlba Homestead Rest Area,124.1046127,-32.4375695,Hardcore Bushcamp
Dalton Park / Wooroolin Rest Area,151.8157287,-26.4113281,Hardcore Bushcamp
Wubin Rest Area,116.6310296,-30.1069234,Hardcore Bushcamp
Wubin Rocks,116.675648,-30.0645329,Hardcore Bushcamp
Wudinna East Rest Area,135.5009437,-33.0848459,Hardcore Bushcamp
Wuggubun Aboriginal Community Campground,128.37917,-15.95361,Hardcore Bushcamp
Wunara Store Rest Area,136.61861,-19.98222,Hardcore Bushcamp
World War 2 Rest Area,139.2646249,-20.3730298,Hardcore Bushcamp
Wyalkatchem Caravan Park,117.38111,-31.18361,Hardcore Bushcamp
Reflections Wyangala Waters - Holiday Park,148.9549934,-33.9630715,Hardcore Bushcamp
Yachting Point,148.2675,-35.51083,Hardcore Bushcamp
Bulga Creek Rest Area,148.7544556,-31.6074375,Hardcore Bushcamp
Yalgogrin Rest Area,146.8289783,-33.8449469,Hardcore Bushcamp
Yallakool Tourist Park,151.99444,-26.305,Hardcore Bushcamp
Yallunda Flat Showgrounds,135.8808385,-34.3490698,Hardcore Bushcamp
Yandilla Station Camping & Farmstay,152.5664013,-26.7847321,Hardcore Bushcamp
Yang Yang (Maude) Campspot,144.29694,-34.47778,Hardcore Bushcamp
Yaninee Rest Area,135.2400291,-32.9319439,Hardcore Bushcamp
Yanko Creek Rest Area,145.7721913,-35.1465119,Hardcore Bushcamp
Yantanabie South Rest Area,134.6725536,-32.5533074,Hardcore Bushcamp
Yarla Kutjarra Rest Area,127.2243397,-25.6101587,Hardcore Bushcamp
Yarragil Campground,116.1246871,-32.8049627,Hardcore Bushcamp
Yarrie Lake,149.51806,-30.36861,Hardcore Bushcamp
Ye Olde Buckland Inn,147.7200443,-42.6066098,Hardcore Bushcamp
Yelarbon Recreation Ground,150.7568121,-28.5759623,Hardcore Bushcamp
Yeldnuckie Weir,136.5435805,-33.6930334,Hardcore Bushcamp
Yellow Bus Camp,140.50583,-28.99667,Hardcore Bushcamp
Yellow Pinch Dam,149.81222,-36.85111,Hardcore Bushcamp
Yeoval Caravan Rest,148.6449339,-32.7424206,Commercial / Resort
Yerdani Well,120.6271472,-31.138688,Hardcore Bushcamp
Yetman Caravan Park,150.778221,-28.9013362,Commercial / Resort
Yolde Campground,148.29528,-35.53833,Hardcore Bushcamp
Yorketown Community Caravan Park,137.6103894,-35.0203108,Hardcore Bushcamp
Youngoona Campground,138.65583,-31.33083,Hardcore Bushcamp
Yuelamu Roadside Stop,132.1025,-22.46667,Hardcore Bushcamp
Yuna Hall,115.00444,-28.32667,Hardcore Bushcamp
Yunta Recreation Ground,139.5687603,-32.5784052,Hardcore Bushcamp
41 Mile Bore,134.8496561,-19.3217302,Hardcore Bushcamp
40 Mile,116.3473087,-20.8404512,Hardcore Bushcamp
12 Mile Dam Rest Area,144.5086907,-23.6560579,Hardcore Bushcamp
Unnamed Campsite,152.99833,-25.96667,Hardcore Bushcamp
3 O'Clock Creek Campsite,135.4108483,-26.4606608,Hardcore Bushcamp
Unnamed Campsite,151.85611,-29.45444,Hardcore Bushcamp
7 Oaks,151.2822638,-29.6846559,Hardcore Bushcamp
150 Meridian Rest Area,149.99861,-31.06278,Hardcore Bushcamp
Unnamed Campsite,139.60028,-34.56194,Hardcore Bushcamp
Kempton Roadside Rest Area,147.2021476,-42.5317246,Commercial / Resort
Karte,140.7367514,-35.0905315,Hardcore Bushcamp
Moonlight Dam Camping Area,148.5037628,-21.4095391,Hardcore Bushcamp
Via Ampol Nebo,148.6918046,-21.6837914,Commercial / Resort
Gracetown Caravan Park,115.0170327,-33.8578544,Commercial / Resort
Junction Camping Grounds,152.7577252,-30.0699321,Hardcore Bushcamp
Mary Kathleen Caravan Park,139.9788757,-20.7836311,Commercial / Resort
Unnamed Campsite,118.4055912,-34.8840188,Commercial / Resort
Buff Creek,152.9769024,-25.5206235,Hardcore Bushcamp
Cooloolio Creek,153.0300268,-25.7860651,Hardcore Bushcamp
Deep Creek,152.9873908,-25.5132398,Hardcore Bushcamp
Dundubara Camping Area,153.2827779,-25.165262,Hardcore Bushcamp
Garry's Anchorage,152.9749688,-25.6311484,Hardcore Bushcamp
Garulim Camping Area,153.0847535,-25.7488374,Hardcore Bushcamp
Hiker's Camp,153.0646827,-25.6801393,Hardcore Bushcamp
Snout Point,152.9900929,-25.7142474,Hardcore Bushcamp
Cathedral Beach,153.2564967,-25.2186363,Hardcore Bushcamp
Unnamed Campsite,153.2456824,-25.2457797,Hardcore Bushcamp
Unnamed Campsite,152.9785482,-25.6579514,Hardcore Bushcamp
Unnamed Campsite,146.9318951,-37.3388583,Hardcore Bushcamp
Grant Township Camping Area,147.1558374,-37.3438914,Hardcore Bushcamp
Unnamed Campsite,146.4258802,-37.3050578,Hardcore Bushcamp
Unnamed Campsite,146.9537456,-37.5017162,Hardcore Bushcamp
Unnamed Campsite,147.0440875,-37.6126396,Hardcore Bushcamp
Unnamed Campsite,147.0303083,-37.6166013,Hardcore Bushcamp
Unnamed Campsite,147.1682987,-37.4061902,Hardcore Bushcamp
Mt Murray Campsite,146.9915466,-37.0654887,Hardcore Bushcamp
Unnamed Campsite,146.6033759,-36.8922178,Hardcore Bushcamp
Unnamed Campsite,146.7980619,-36.986261,Hardcore Bushcamp
Unnamed Campsite,146.982962,-37.189074,Hardcore Bushcamp
Fourways,145.8595149,-41.5783865,Hardcore Bushcamp
Pandani Grove,145.8699638,-41.591458,Hardcore Bushcamp
Unnamed Campsite,146.6736744,-37.206867,Hardcore Bushcamp
Kia Ora Hut Group Camping Platform,146.0813293,-41.8917873,Hardcore Bushcamp
Auski Tourist Village,118.69044,-22.3768043,Commercial / Resort
Ridge Top Campground,151.1351963,-33.5938828,Hardcore Bushcamp
Mt Wondabyne Campsite,151.2745428,-33.4961176,Hardcore Bushcamp
Unnamed Campsite,146.4716683,-37.9990344,Hardcore Bushcamp
Unnamed Campsite,146.4729182,-37.9995163,Hardcore Bushcamp
Unnamed Campsite,146.7574423,-36.3720954,Hardcore Bushcamp
Upper Jamieson Hut Campsite,146.44825,-37.2573264,Hardcore Bushcamp
Knowsley Rest Area,144.529545,-36.8935076,Hardcore Bushcamp
Knowsley Rest Area,144.4984511,-36.9499636,Hardcore Bushcamp
Explorers Caravan Park,143.8193692,-27.9973013,Commercial / Resort
McFarlane Saddle,146.8494626,-37.4746888,Hardcore Bushcamp
Riverbend Caravan Park and Chalets,117.3616906,-34.9448585,Commercial / Resort
Apex Camp Greenup,151.2554079,-28.465871,Hardcore Bushcamp
Rainbow Valley Bush Campground,133.6296256,-24.3298992,Hardcore Bushcamp
Unnamed Campsite,150.8903777,-33.5673027,Commercial / Resort
Carnarvon National Park Camp Ground,148.2386304,-25.0599278,Hardcore Bushcamp
Unnamed Campsite,152.4295461,-29.2686273,Hardcore Bushcamp
Unnamed Campsite,141.0006168,-28.9958921,Hardcore Bushcamp
Horse Swamp Campground,151.3873061,-31.9266832,Hardcore Bushcamp
Little Murray Campground,151.458882,-31.9815313,Hardcore Bushcamp
Bottle Bay,113.4904356,-25.546,Hardcore Bushcamp
Casuarina Camping Area,151.3347333,-33.0582667,Hardcore Bushcamp
Licola Caravan Park,146.624041,-37.6274685,Commercial / Resort
Licola Wilderness Village,146.6216512,-37.6284924,Commercial / Resort
Armstrong Creek Camping Area,130.2178359,-25.1202897,Hardcore Bushcamp
Mulga Bush Camp Site,130.3672671,-25.160729,Hardcore Bushcamp
Unnamed Campsite,119.7442979,-23.3406699,Hardcore Bushcamp
Forrest's Camp 59,124.18446,-25.74108,Hardcore Bushcamp
Neale Junction Camping Area,125.8148774,-28.303434,Hardcore Bushcamp
Camping Area,127.0487,-28.3259667,Hardcore Bushcamp
Camping Area,128.0260333,-28.4081833,Hardcore Bushcamp
Ilkurlka Camping Facility,127.517366,-28.3490958,Hardcore Bushcamp
Unnamed Campsite,130.6863178,-28.5642715,Hardcore Bushcamp
Tallaringa Native Well Camping Area,133.2863889,-29.0277778,Hardcore Bushcamp
Unnamed Campsite,125.3532446,-28.3698131,Hardcore Bushcamp
Longreach Caravan Park,144.2422103,-23.4458066,Commercial / Resort
Point Sunday Camping Area,124.082393,-28.1238252,Hardcore Bushcamp
Yeo Camping Area,124.3180556,-28.0766667,Hardcore Bushcamp
Kalkaringi Caravan Park,130.8341819,-17.4470364,Commercial / Resort
Balladonia Roadhouse Caravan Park,123.6184826,-32.3525846,Commercial / Resort
Miami Holiday Park,115.666335,-32.5816123,Hardcore Bushcamp
Border Village Caravan Park,129.0042246,-31.6395966,Commercial / Resort
Nundroo Hotel Motel Caravan Park,132.2259038,-31.7927854,Commercial / Resort
Moonta Bay Cabins,137.562529,-34.063607,Commercial / Resort
Unnamed Campsite,137.3598815,-34.9846078,Commercial / Resort
Apollo Bay Recreational Reserve,143.6672595,-38.7639512,Hardcore Bushcamp
Ocean Grove,144.5005905,-38.2783736,Hardcore Bushcamp
Unnamed Campsite,146.564706,-41.153658,Hardcore Bushcamp
Unnamed Campsite,148.3127316,-41.3119458,Hardcore Bushcamp
Balnarring Beach Camping Reserve,145.1217388,-38.3924557,Hardcore Bushcamp
Beach Haven Caravan Park,145.364509,-38.5220704,Commercial / Resort
Foreshore Reserve,144.7645178,-38.3552941,Hardcore Bushcamp
WhiteCliffs Foreshore Campingground Reserve,144.8073969,-38.3668854,Hardcore Bushcamp
Foreshore Reserve,144.8576771,-38.367733,Hardcore Bushcamp
Rye West Foreshore Camping,144.8146466,-38.3687704,Hardcore Bushcamp
Lakes Entrance Tourist Park,148.0188452,-37.8675581,Commercial / Resort
Merricks Camp and Conference Centre,145.0715521,-38.4034786,Hardcore Bushcamp
Merimbula Rv Motor Home Park,149.8713469,-36.8868621,Commercial / Resort
Myall River Camp,152.1793984,-32.6399479,Commercial / Resort
Paradise Park,151.4828755,-33.3583529,Commercial / Resort
White Tree Bay Camping Area,152.3224226,-32.527808,Hardcore Bushcamp
Boambee Waters Caravan Park,153.1013362,-30.3538332,Commercial / Resort
Four Star Caravan Village,153.0141915,-27.1872173,Commercial / Resort
Glasshouse Moutains Tourist Park,152.9576971,-26.9410159,Commercial / Resort
Little Mountain Home Park,153.1024351,-26.7908721,Commercial / Resort
Military Jetty Caravan Park,153.1184543,-26.8334335,Commercial / Resort
Pine Ridge Caravan Village,153.3750691,-27.9253957,Commercial / Resort
Tanawha Van Village,153.0364442,-26.7123158,Commercial / Resort
Oasis Caravan Park,134.7551336,-29.0049649,Commercial / Resort
Opal Inn Caravan Park,134.7534441,-29.0151175,Commercial / Resort
Innamincka Town Common - West,140.7307615,-27.7503264,Hardcore Bushcamp
Innamincka Town Common,140.7271704,-27.7528191,Hardcore Bushcamp
Cassillis Bowling Club Camping Area,149.9788674,-32.0095729,Commercial / Resort
Eastern Tyers Camping Area,146.3846357,-37.9248045,Hardcore Bushcamp
Thompson Bridge Campground,146.4200114,-37.9572688,Hardcore Bushcamp
K'Gari Camping Area,153.2458629,-25.2459879,Hardcore Bushcamp
Caree Camping Ground,153.2534969,-24.6986693,Hardcore Bushcamp
Diray Camping Ground,153.2605771,-24.7852866,Hardcore Bushcamp
Duling Camping Ground,153.2780545,-24.9124411,Hardcore Bushcamp
Marloo Campground,153.299641,-24.9466371,Hardcore Bushcamp
Ocean Lake Campground,153.2839023,-24.9245025,Hardcore Bushcamp
Ungowa,152.9895946,-25.4990479,Hardcore Bushcamp
Cornwells Campground,153.150037,-25.456565,Hardcore Bushcamp
Eli Campground,153.2200805,-25.3019109,Hardcore Bushcamp
Gabala Campground,153.1603379,-25.4335866,Hardcore Bushcamp
Guluri Campground,153.208121,-25.3270836,Hardcore Bushcamp
Maheno Campground,153.2276822,-25.2861156,Hardcore Bushcamp
One Tree Rocks Campground,153.1358353,-25.4899424,Hardcore Bushcamp
Poyungan Campground,153.1700167,-25.4111754,Hardcore Bushcamp
Winnam Campground,153.1806108,-25.3870126,Hardcore Bushcamp
Burad Campground,153.3190298,-25.0923008,Hardcore Bushcamp
Guruman Campground,153.2764756,-25.1841384,Hardcore Bushcamp
Wahba Campground,153.2410587,-25.2591367,Hardcore Bushcamp
Wyuna Campground,153.3061952,-25.1200717,Hardcore Bushcamp
Yurru Campground,153.2634557,-25.212719,Hardcore Bushcamp
Long Gully 1,150.1916664,-35.32126,Hardcore Bushcamp
Quart Pot Flat Camping Area,147.616221,-36.7318254,Hardcore Bushcamp
Banana Well Getaway,122.5883777,-16.9768266,Hardcore Bushcamp
Dilgry River Camping Area,151.5254947,-31.8940194,Hardcore Bushcamp
Gologolies Camping Area,151.3464324,-31.9299753,Hardcore Bushcamp
.,144.45724,-36.70449,Hardcore Bushcamp
Oberon Beach Campsite,146.3442606,-39.0720241,Hardcore Bushcamp
Halfway Hut Campsite,146.3840617,-39.0852871,Hardcore Bushcamp
Dows Camp,148.9824014,-31.3312191,Hardcore Bushcamp
Ogma Camp,148.9752679,-31.3194915,Hardcore Bushcamp
Dogmans Hut camping area,148.1329654,-36.53781,Hardcore Bushcamp
Unnamed Campsite,148.1296663,-36.5718438,Hardcore Bushcamp
Beachcomber Holiday Park,150.1307072,-36.0822155,Commercial / Resort
Unnamed Campsite,148.1257545,-36.6511152,Hardcore Bushcamp
Buenba Flat #2,147.9223678,-36.6975653,Hardcore Bushcamp
Buenba Flat #3,147.924578,-36.6933586,Hardcore Bushcamp
Julatten Tableland Van Park,145.3830854,-16.5458066,Commercial / Resort
Freshwater,152.30443,-32.4846489,Hardcore Bushcamp
Stewart & Lloyds Camping Area,152.2321735,-32.6081202,Hardcore Bushcamp
Rest Area,141.5907743,-35.1987619,Hardcore Bushcamp
Alternate Sink Camping Area,149.6586144,-34.095602,Hardcore Bushcamp
Rainforest Village,145.415296,-16.1911675,Commercial / Resort
Ocean Lake Caravan Park,150.0688585,-36.3741359,Commercial / Resort
Unnamed Campsite,143.3355232,-36.9914802,Hardcore Bushcamp
Darwin Boomerand Motel and Caravan Park,131.0288334,-12.5175318,Commercial / Resort
Burra Korain Camping Area,150.3055378,-33.5640528,Hardcore Bushcamp
Wares Yards campsite,148.6202732,-35.8767398,Hardcore Bushcamp
Unnamed Campsite,146.4716754,-37.9990028,Hardcore Bushcamp
Western Tyers,146.307667,-37.9436638,Hardcore Bushcamp
Desmond Rest Area,120.1694072,-33.662768,Hardcore Bushcamp
Ravensthorpe East Rest Area,120.1065537,-33.5705753,Hardcore Bushcamp
Navarino Lakeside Camping,115.9778605,-32.8448742,Hardcore Bushcamp
GOW Cape Otway Hikers Camp,143.5144739,-38.8496898,Hardcore Bushcamp
White Cliffs Reserve,138.3938938,-33.5913606,Hardcore Bushcamp
Gum Hole Camping Area,150.9319601,-30.5638367,Hardcore Bushcamp
Unnamed Campsite,150.9695148,-29.9150225,Hardcore Bushcamp
Unnamed Campsite,150.9600212,-29.9248424,Commercial / Resort
Valley Camp,151.9290222,-28.3748816,Hardcore Bushcamp
The Springs Main Campsite,151.9369244,-28.3751115,Hardcore Bushcamp
Bentley Plain Camping Area,147.9236691,-37.2276634,Hardcore Bushcamp
Vrilya Point North Campground,142.1506454,-11.1344589,Hardcore Bushcamp
Mutee Head Campground,142.2523758,-10.9122479,Hardcore Bushcamp
Mutee Head South Campground,142.2221278,-10.9240128,Hardcore Bushcamp
Vrilya Point North Campground,142.1349307,-11.2154866,Hardcore Bushcamp
Vrilya Point South Campground,142.1259834,-11.2404971,Hardcore Bushcamp
Unnamed Campsite,142.3504288,-10.8908974,Commercial / Resort
Nanthau Beach Campground,142.585203,-10.7807267,Hardcore Bushcamp
Unnamed Campsite,142.5300134,-10.6973192,Hardcore Bushcamp
Unnamed Campsite,142.6006079,-10.7540231,Hardcore Bushcamp
Captain Billy Landing Campground,142.855867,-11.6316481,Hardcore Bushcamp
Ussher Point North Campground,142.7970535,-11.1569347,Hardcore Bushcamp
Ussher Point South Campground,142.794993,-11.1721633,Hardcore Bushcamp
Tree Top Eco Caravan Park,116.8463899,-34.9953661,Commercial / Resort
Lizard Point Campsite,152.4710334,-28.1957404,Hardcore Bushcamp
Wave Rock Caravan Park,118.8974783,-32.4414134,Commercial / Resort
Mud Creek bush campsite,142.4545826,-36.9873136,Hardcore Bushcamp
Elliston Bush Camping,135.0019795,-33.7011912,Hardcore Bushcamp
Quamby Corner,146.710876,-41.6265587,Commercial / Resort
Yandinga Campground,135.3253778,-32.5623505,Hardcore Bushcamp
Spear Creek Caravan Park,137.9893757,-32.570181,Commercial / Resort
Waganny Campground,135.5178448,-32.679817,Hardcore Bushcamp
Tom Groggin Campsite,148.12899,-36.5424842,Hardcore Bushcamp
Unnamed Campsite,148.1337538,-36.535115,Hardcore Bushcamp
Dogmans Hut camping area,148.1329813,-36.5389511,Hardcore Bushcamp
Unnamed Campsite,148.1338611,-36.5348219,Hardcore Bushcamp
Unnamed Campsite,148.1676166,-36.3647023,Hardcore Bushcamp
Murray Gates campsite,148.1255582,-36.4633485,Hardcore Bushcamp
Junction Pools Campground,151.4432634,-32.0307775,Hardcore Bushcamp
Lostock Dam Caravan Park,151.453042,-32.3260589,Commercial / Resort
Younghusband Caravan Park,139.4702803,-34.8688651,Commercial / Resort
Gummi Falls Camping Area,151.4687167,-31.9029333,Hardcore Bushcamp
Unnamed Campsite,150.5765602,-33.7376792,Hardcore Bushcamp
Bass Valley Camping Ground,145.7668842,-38.3666434,Hardcore Bushcamp
Mossvale Park,146.053941,-38.4014364,Hardcore Bushcamp
Lake Lascelles,142.3695111,-35.7255279,Hardcore Bushcamp
Coomandook Rest Area,139.6979893,-35.471659,Hardcore Bushcamp
Moomba Lookout,140.2114783,-28.1325195,Hardcore Bushcamp
Colona Rest Area,132.0454721,-31.6138008,Hardcore Bushcamp
Camfield,116.4629939,-34.9149721,Hardcore Bushcamp
Crossing River Campground (West side),146.170992,-43.1079181,Hardcore Bushcamp
Unnamed Campsite,116.6223706,-34.9100337,Hardcore Bushcamp
Unnamed Campsite,150.5656195,-33.6913688,Hardcore Bushcamp
Cowan Falls Camping,152.3082082,-26.5472545,Hardcore Bushcamp
Trakka Terrace,152.3027207,-26.5411841,Hardcore Bushcamp
Fig Tree Camp Site,152.3315967,-26.5777615,Hardcore Bushcamp
Abbeyard Camping Area,146.7010339,-36.9089058,Hardcore Bushcamp
Osbert Campsite - State Forest,146.2001043,-41.3154485,Hardcore Bushcamp
Gawleer Ranges Nat park- campsite,135.5363855,-32.7037771,Hardcore Bushcamp
Googs Lake Campsites,133.9700586,-31.5676992,Hardcore Bushcamp
Nymboida River Campsite,152.5585882,-29.7111185,Hardcore Bushcamp
Captains Crossing,148.6858861,-21.2277618,Hardcore Bushcamp
Denham Range,148.5231219,-21.3293583,Hardcore Bushcamp
The Diggings,148.4796001,-21.1737431,Hardcore Bushcamp
Blaxland Crossing Recreation and Rest Grounds,150.6400126,-33.8632239,Commercial / Resort
The Old School Caravan and Camping Area,145.6266619,-33.8137119,Commercial / Resort
NRMA South West Rocks Holiday Park,153.0641259,-30.8910059,Commercial / Resort
Unnamed Campsite,147.7472329,-36.7066768,Hardcore Bushcamp
Unnamed Campsite,142.6294821,-36.6265279,Commercial / Resort
Unnamed Campsite,144.72723,-36.0878181,Hardcore Bushcamp
Unnamed Campsite,150.2322184,-34.5461375,Hardcore Bushcamp
Nundubbermere Falls Camping Area,151.692435,-28.7794152,Hardcore Bushcamp
Reedy Waterhole Campground,151.6593782,-28.8447755,Hardcore Bushcamp
Scout Camp,116.1888839,-31.6515023,Hardcore Bushcamp
Unnamed Campsite,150.2461547,-33.1753557,Hardcore Bushcamp
Unnamed Campsite,150.23627,-33.4445525,Hardcore Bushcamp
Scaddings Bridge Campground,141.4227677,-34.1056345,Hardcore Bushcamp
Big Bend Camping Ground,141.0886234,-34.0518232,Hardcore Bushcamp
Forest Road Trail Bike Unloading Area,145.806889,-38.0087276,Hardcore Bushcamp
Kia Ora Hut Public Camping Platform,146.0817604,-41.8917858,Hardcore Bushcamp
Kia Ora Hut Public Camping Platform,146.0816851,-41.8918453,Hardcore Bushcamp
Kia Ora Hut Public Camping Platform,146.0818448,-41.8918605,Hardcore Bushcamp
Kia Ora Hut Public Camping Platform,146.0817695,-41.891957,Hardcore Bushcamp
Kia Ora Hut Public Camping Platform,146.0818973,-41.8920049,Hardcore Bushcamp
Kia Ora Hut Public Camping Platform,146.0817707,-41.8920253,Hardcore Bushcamp
Kia Ora Hut Public Camping Platform,146.0815607,-41.8920304,Hardcore Bushcamp
Kia Ora Hut Public Camping Platform,146.0819076,-41.8920406,Hardcore Bushcamp
Kia Ora Hut Public Camping Platform,146.0819333,-41.892205,Hardcore Bushcamp
Kia Ora Hut Public Camping Platform,146.0816794,-41.8922402,Hardcore Bushcamp
New Pelion Hut Group Campsite,146.0467766,-41.8302939,Hardcore Bushcamp
Unnamed Campsite,146.0887443,-41.9318847,Hardcore Bushcamp
Windy Ridge Group Campsite,146.0894197,-41.9309519,Hardcore Bushcamp
Windy Ridge Group Campsite,146.0894459,-41.9309785,Hardcore Bushcamp
Windy Ridge Group Campsite,146.0889325,-41.9313738,Hardcore Bushcamp
Red Bluff campsite,147.5258305,-38.0551742,Hardcore Bushcamp
Unnamed Campsite,145.9580243,-41.7716577,Hardcore Bushcamp
Unnamed Campsite,145.9581737,-41.7717519,Hardcore Bushcamp
Unnamed Campsite,145.9577951,-41.771707,Hardcore Bushcamp
Unnamed Campsite,145.9577048,-41.7717228,Hardcore Bushcamp
Unnamed Campsite,145.9573351,-41.7717907,Hardcore Bushcamp
Unnamed Campsite,145.9574301,-41.7718673,Hardcore Bushcamp
Unnamed Campsite,145.9565295,-41.7714072,Hardcore Bushcamp
Unnamed Campsite,145.9566803,-41.77142,Hardcore Bushcamp
Unnamed Campsite,145.9566366,-41.7714407,Hardcore Bushcamp
Unnamed Campsite,145.9566489,-41.7715099,Hardcore Bushcamp
Unnamed Campsite,145.9566088,-41.7715118,Hardcore Bushcamp
Unnamed Campsite,139.0647296,-33.0660829,Hardcore Bushcamp
Bush Campground,133.82131,-24.8651685,Hardcore Bushcamp
Oak Valley Campgrounds,133.9345382,-24.3842499,Hardcore Bushcamp
Chokem Flats - Castlemaine Diggings National Heritage Park,144.2253049,-37.1418694,Hardcore Bushcamp
Unnamed Campsite,143.2283128,-37.2654751,Hardcore Bushcamp
Coach Camping,132.7252906,-23.6327612,Hardcore Bushcamp
Millers Flat,133.4931395,-23.6937093,Hardcore Bushcamp
Unnamed Campsite,149.4177878,-33.0543144,Hardcore Bushcamp
Finch Hatton Showgrounds,148.6315626,-21.1389871,Hardcore Bushcamp
Finke River Two Mile,132.6705818,-23.666887,Hardcore Bushcamp
Standley Chasm,133.470195,-23.7219433,Hardcore Bushcamp
North Era Beach Campground,151.0564532,-34.1769725,Hardcore Bushcamp
Wyandra Store Caravan Park,145.9803868,-27.2462937,Commercial / Resort
Miners Flat,146.0103195,-37.5221754,Hardcore Bushcamp
Fishbone Flat,145.9966403,-37.5267641,Hardcore Bushcamp
Dairy Flat,146.011666,-37.5181461,Hardcore Bushcamp
Dairy Flat Upper,146.011607,-37.5199672,Hardcore Bushcamp
McClelland Lower,146.022588,-37.5153762,Hardcore Bushcamp
McClelland Lower,146.0230386,-37.5159336,Hardcore Bushcamp
McClelland Upper,146.0220783,-37.5173505,Hardcore Bushcamp
Specimen Creek: Upper,146.0464543,-37.5197374,Hardcore Bushcamp
Specimen Creek: Lower,146.0478383,-37.5178185,Hardcore Bushcamp
Gang Gang Gully,146.0323458,-37.516708,Hardcore Bushcamp
Bobuck Ridge: Small,146.0371426,-37.5126023,Hardcore Bushcamp
Bobuck Ridge: Medium,146.0375306,-37.5124976,Hardcore Bushcamp
Peppermint Ridge,146.060552,-37.5165208,Hardcore Bushcamp
Vennels: Upper,146.0769949,-37.5204698,Hardcore Bushcamp
Big Bend,146.0942727,-37.5138997,Hardcore Bushcamp
Unnamed Campsite,146.0907107,-37.4994608,Hardcore Bushcamp
25 Mile: Upper,146.0940957,-37.485747,Hardcore Bushcamp
25 Mile: Lower,146.0946375,-37.4838953,Hardcore Bushcamp
Unnamed Campsite,146.2395572,-37.3819181,Hardcore Bushcamp
Burke & Wills Memorial Rest Area (Corella River),140.1125243,-20.7822169,Hardcore Bushcamp
10 Breakfast Creek Camp,146.6180136,-37.5172242,Hardcore Bushcamp
Melbourne Grammar School Camp,146.6153795,-37.5169944,Hardcore Bushcamp
Banyan Caravan Park,130.9746923,-13.0271099,Commercial / Resort
Uloola Falls Bush Campground,151.0381542,-34.1084881,Hardcore Bushcamp
Jamieson Caravan Park,146.1358465,-37.3039469,Commercial / Resort
Acacia Flat Campground,150.3557738,-33.6141536,Hardcore Bushcamp
YMCA Anglesea Recreation Camp,144.1959153,-38.4023352,Hardcore Bushcamp
Campsite 4 - Shady Bend,130.6996485,-13.0871048,Hardcore Bushcamp
Campsite 6 - Shared Rock Pool,130.7020238,-13.0900788,Hardcore Bushcamp
Campsite 2 - Sandy Banks,130.6986748,-13.0843467,Hardcore Bushcamp
Campsite 8,130.7033693,-13.0904251,Hardcore Bushcamp
Campsite 7 - Plunge Pool,130.7031973,-13.0903393,Hardcore Bushcamp
Unnamed Campsite,141.2893914,-21.2724024,Commercial / Resort
Unnamed Campsite,146.1334277,-37.7979758,Hardcore Bushcamp
Unnamed Campsite,146.1412061,-37.8926849,Hardcore Bushcamp
Bush Camp,143.2184422,-37.279566,Hardcore Bushcamp
Lismore Tourist Caravan Park,153.2824641,-28.8082397,Commercial / Resort
Midland Holiday Park,146.0088105,-36.7996761,Commercial / Resort
Unnamed Campsite,146.7892401,-43.464385,Hardcore Bushcamp
Wineglass Bay Overnight Walker Campsite,148.310489,-42.1761043,Hardcore Bushcamp
Unnamed Campsite,145.6873029,-28.1029751,Hardcore Bushcamp
Warrego Riverside Tourist Park,145.6872404,-28.1031402,Commercial / Resort
Railway Creek,146.0946236,-37.4124068,Hardcore Bushcamp
Unnamed Campsite,144.252933,-37.450995,Hardcore Bushcamp
Unnamed Campsite,144.2630883,-37.4530386,Hardcore Bushcamp
Eco Park and Observatory,144.5276199,-17.1487873,Commercial / Resort
Chillagoe Tourist Village,144.5246373,-17.1558609,Commercial / Resort
Barkly Bridge,146.5696577,-37.5599143,Hardcore Bushcamp
Adit Creek Campsite,146.0515582,-41.2348427,Hardcore Bushcamp
Hardstaff Creek Campsite,146.0509457,-41.2039021,Hardcore Bushcamp
White Sands,141.0794603,-38.0933608,Hardcore Bushcamp
Liverpool Creek Rest Area,146.0429932,-17.7134017,Hardcore Bushcamp
Griffins Farm,150.4073924,-34.7024234,Hardcore Bushcamp
Unnamed Campsite,146.7498115,-37.9161369,Commercial / Resort
Unnamed Campsite,146.7556184,-37.9200363,Commercial / Resort
Jay Creek,133.5378082,-23.6634442,Hardcore Bushcamp
Unnamed Campsite,146.6271749,-37.736599,Hardcore Bushcamp
Old Mill Camp Ground (hike-in),144.1953994,-37.8529913,Hardcore Bushcamp
Bartagunyah Estate Camping,138.1717812,-32.863517,Hardcore Bushcamp
Red Lizard Campground,146.2318095,-26.4663306,Commercial / Resort
Brooklyn Dam campsite,151.2073532,-33.5545065,Hardcore Bushcamp
Kauri Walkers' camp,153.1231255,-26.004058,Hardcore Bushcamp
Campsite 5 - Cycad Hill,130.7004936,-13.0877771,Hardcore Bushcamp
Campsite 3 - Big Hole,130.6992955,-13.0863583,Hardcore Bushcamp
Dragonelly Rock Hole Camping area,147.8993866,-25.0252402,Hardcore Bushcamp
Top Moffatt Camping Area,148.0526647,-25.0669416,Hardcore Bushcamp
West Branch Camping Area,148.0117371,-24.9734127,Hardcore Bushcamp
Helena Campsite,116.2485294,-31.9818215,Hardcore Bushcamp
Unnamed Campsite,150.3235675,-33.4811797,Hardcore Bushcamp
Unnamed Campsite,150.3212374,-33.4821434,Hardcore Bushcamp
Bally Hooley Campsite,148.2633656,-37.5177784,Hardcore Bushcamp
Portland Holiday Village,141.602254,-38.349376,Commercial / Resort
Main Camp Site,151.4409096,-26.0266127,Hardcore Bushcamp
Middle Camp Site,151.4172443,-26.0180232,Hardcore Bushcamp
Creswick Caravan Park and Camping Ground,143.8914292,-37.4186935,Hardcore Bushcamp
Bunbuncundoo Springs camp ground,147.4418247,-24.8622457,Hardcore Bushcamp
Ocean Beach Camping Area (Site M),153.133964,-26.8918372,Hardcore Bushcamp
Ocean Beach Camping Area (Site L),153.1342861,-26.8931483,Hardcore Bushcamp
Ocean Beach Camping Area (Site B),153.137494,-26.9061129,Hardcore Bushcamp
Ocean Beach Camping Area (Site E),153.1367537,-26.9032759,Hardcore Bushcamp
Ocean Beach Camping Area (Site A),153.1377676,-26.9071653,Hardcore Bushcamp
Ocean Beach Camping Area (Site O),153.1333739,-26.8895125,Hardcore Bushcamp
Ocean Beach Camping Area (Site H),153.1358257,-26.8994825,Hardcore Bushcamp
Ocean Beach Camping Area (Site J),153.1351766,-26.897272,Hardcore Bushcamp
Ocean Beach Camping Area (Site D),153.1370595,-26.9045008,Hardcore Bushcamp
Ocean Beach Camping Area (Site G),153.1361529,-26.9007168,Hardcore Bushcamp
Ocean Beach Camping Area (Site F),153.1364372,-26.9016207,Hardcore Bushcamp
Ocean Beach Camping Area (Site C),153.1372365,-26.9051562,Hardcore Bushcamp
Ocean Beach Camping Area (Site I),153.1355307,-26.8984109,Hardcore Bushcamp
Ocean Beach Camping Area (Site K),153.1346402,-26.8946075,Hardcore Bushcamp
Ocean Beach Camping Area (Site N),153.1337279,-26.8910334,Hardcore Bushcamp
Ocean Beach Camping Area (Site U),153.1316358,-26.8822586,Hardcore Bushcamp
Ocean Beach Camping Area (Site Q),153.132537,-26.8863164,Hardcore Bushcamp
Ocean Beach Camping Area (Site S),153.1316787,-26.8837992,Hardcore Bushcamp
Ocean Beach Camping Area (Site T),153.1318397,-26.8831203,Hardcore Bushcamp
Ocean Beach Camping Area (Site R),153.1322581,-26.8851107,Hardcore Bushcamp
Ocean Beach Camping Area (Site V),153.1312174,-26.881015,Hardcore Bushcamp
Unnamed Campsite,147.3507194,-43.240422,Hardcore Bushcamp
Unnamed Campsite,146.5638837,-37.2571807,Hardcore Bushcamp
Unnamed Campsite,146.6060375,-37.2157268,Hardcore Bushcamp
Perth Hills Centre,116.1765558,-31.9542348,Hardcore Bushcamp
Unnamed Campsite,146.6058597,-37.0654515,Hardcore Bushcamp
Kum Ba Yah Girl Guides Camp,150.8450387,-34.4058961,Hardcore Bushcamp
Samaria Wells Camp Site,146.0632962,-36.8246925,Hardcore Bushcamp
Unnamed Campsite,148.1077244,-36.7766619,Hardcore Bushcamp
Frank Lupino Memorial Park,116.0124177,-32.2869233,Hardcore Bushcamp
Barossa Valley Tourist Park,139.002051,-34.4688424,Hardcore Bushcamp
Windy Point,148.2414935,-35.4948813,Hardcore Bushcamp
Breton Bay,115.3978041,-31.1730234,Hardcore Bushcamp
Unnamed Campsite,148.1712332,-36.7949376,Hardcore Bushcamp
Healesville Tourist Park,145.5405129,-37.6752952,Commercial / Resort
Loddon River West Bank,145.9404129,-42.2415328,Hardcore Bushcamp
Loddon River East Bank,145.9410108,-42.2417334,Hardcore Bushcamp
Unnamed Campsite,145.9794229,-42.2107471,Hardcore Bushcamp
Unnamed Campsite,145.8174671,-42.2316,Hardcore Bushcamp
Billy Goat Bend Camp Site,147.3687018,-37.6672372,Hardcore Bushcamp
Yackandandah Holiday Park,146.8412375,-36.3147968,Commercial / Resort
Lakeside Campsite,145.8838299,-42.2707096,Hardcore Bushcamp
Stumpys Bay Campground 3,148.2300739,-40.8785363,Hardcore Bushcamp
Stumpys Bay Campground 4,148.237904,-40.8879859,Hardcore Bushcamp
Unnamed Campsite,145.8846091,-38.7865061,Hardcore Bushcamp
Black Swamp Camping Area,151.466833,-32.0429417,Hardcore Bushcamp
Unnamed Campsite,147.2525853,-36.7621664,Hardcore Bushcamp
Limestone Creek Campsite,148.0553893,-36.8548863,Hardcore Bushcamp
Mount Thackeray Hiker Camp,142.3368671,-37.2958311,Hardcore Bushcamp
Warrawong on the Darling,143.3971113,-31.5692631,Commercial / Resort
Shelf Camp,146.428392,-42.950657,Hardcore Bushcamp
Koybaa Campground - Narawntapu NP,146.5644324,-41.1606102,Hardcore Bushcamp
Pallinup River Rest Area,118.7278556,-34.4065039,Hardcore Bushcamp
Casuarina Hill - Waterhouse Cons Area,147.6838331,-40.8366669,Hardcore Bushcamp
Herbies Landing,147.6506994,-40.8349543,Hardcore Bushcamp
Waterhouse Point Campground - Waterhouse Cons Area,147.67257,-40.8312302,Hardcore Bushcamp
Stumpys Bay Campground 2,148.2267597,-40.8769431,Hardcore Bushcamp
Blakesleys Anchorage,153.4104096,-27.5740507,Hardcore Bushcamp
Ambleside on the Lake,144.1374976,-37.3515862,Hardcore Bushcamp
Metcalf Pool Holiday Park,144.5461976,-36.9363094,Commercial / Resort
Campsite 1,153.0316806,-26.1672446,Hardcore Bushcamp
Campsite 3 Upper Noosa River,153.0503849,-26.1548494,Hardcore Bushcamp
Five Mile Beach Camping Area,146.4732487,-38.9160831,Hardcore Bushcamp
Johnny Souey Cove Camping Area,146.4816374,-38.8918317,Hardcore Bushcamp
Tin Mine Cove Camping Area,146.424327,-38.8079141,Hardcore Bushcamp
Port Fairy Gardens Caravan Park,142.2415349,-38.3789283,Commercial / Resort
Windmill Bay,149.4847951,-21.5591156,Hardcore Bushcamp
Clarke Bay,149.4762721,-21.5372656,Hardcore Bushcamp
Cape Creak,149.4635777,-21.5513164,Hardcore Bushcamp
Lockyers Track Head,150.2330456,-33.5356343,Hardcore Bushcamp
Unnamed Campsite,150.3026231,-33.7689481,Hardcore Bushcamp
Unnamed Campsite,150.3029686,-33.7713324,Hardcore Bushcamp
Unnamed Campsite,150.3067087,-33.7788974,Hardcore Bushcamp
Unnamed Campsite,150.3073271,-33.7794274,Hardcore Bushcamp
Unnamed Campsite,150.3077683,-33.7798187,Hardcore Bushcamp
Scotts Shelter Campsite,138.9066315,-34.7599778,Hardcore Bushcamp
Woorooma Confest Site,144.1558175,-35.1349004,Hardcore Bushcamp
Mt Warrawolong Campsite,151.273438,-33.029129,Hardcore Bushcamp
Walkers Rest Campsite,151.2554317,-33.1277961,Hardcore Bushcamp
Palm Grove camping area,151.2992586,-33.3229946,Hardcore Bushcamp
Mooney Mooney (Upper),151.2438714,-33.4137279,Hardcore Bushcamp
Unnamed Campsite,151.2497868,-33.4282441,Hardcore Bushcamp
Crosslands Reserve,151.1081068,-33.6359932,Hardcore Bushcamp
Berowra Creek camp,151.1033291,-33.6390287,Hardcore Bushcamp
Barraba Campsite,151.3084539,-32.9660082,Hardcore Bushcamp
Terarra Creek Camping and Picnic Area,148.4984611,-33.4201676,Hardcore Bushcamp
Unnamed Campsite,148.7641263,-36.1803964,Commercial / Resort
Unnamed Campsite,148.7640648,-36.1804393,Commercial / Resort
Mount Bithongabel Bush Campsite,153.1730109,-28.2646555,Hardcore Bushcamp
Unnamed Campsite,146.0856446,-41.2502341,Hardcore Bushcamp
Legume Community Hall Campsite,152.3064206,-28.4066024,Hardcore Bushcamp
Hyatts Flat,152.3314398,-30.5191361,Hardcore Bushcamp
Goat Track Camping,143.7710118,-38.5095824,Hardcore Bushcamp
Unnamed Campsite,148.2396683,-36.8400607,Hardcore Bushcamp
Jowalbinna Rock Art Safari Camp,144.2455617,-15.7738906,Hardcore Bushcamp
Log Crossing Camping Area,147.9419286,-37.8265211,Hardcore Bushcamp
Beveridge Station Camping Area,146.9567479,-36.986464,Hardcore Bushcamp
Jeffries Beach,152.9888887,-25.3143203,Hardcore Bushcamp
Emmetts Flat,150.3770355,-34.2952824,Hardcore Bushcamp
Cathedral Forest Campsite,150.3480356,-34.2891545,Hardcore Bushcamp
McArthurs Flat,150.3763664,-34.2970856,Hardcore Bushcamp
Trident Arm Camp,148.1354309,-37.823853,Hardcore Bushcamp
Reedy Arm No.2 Camp,148.1371521,-37.7964763,Hardcore Bushcamp
Camerons Arm No.1 Camp,148.1359823,-37.7804259,Hardcore Bushcamp
Ovens River Reserve,146.4566167,-36.4142103,Hardcore Bushcamp
Unnamed Campsite,150.0393018,-34.7949756,Hardcore Bushcamp
North Head Camping Area,150.2748346,-35.7187648,Hardcore Bushcamp
Grandpa's Camp,138.82248,-34.8667474,Hardcore Bushcamp
Unnamed Campsite,144.232086,-37.4853859,Hardcore Bushcamp
Fromms Farm Campsite,138.9659464,-34.724655,Hardcore Bushcamp
Eumeralla Scout Camp,144.2106272,-38.3963974,Hardcore Bushcamp
Centennial Drive Campsite,138.9611861,-34.7000393,Hardcore Bushcamp
Mallee Camp,141.923369,-36.4796972,Hardcore Bushcamp
Yellow Gum Camp,141.8729907,-36.5545526,Hardcore Bushcamp
Granite Camping Area,144.4897413,-14.1757976,Hardcore Bushcamp
Bogong Creek Saddle Helipad,147.2780374,-36.771031,Hardcore Bushcamp
Ninian Bay Camping Area,144.6171359,-14.3621961,Hardcore Bushcamp
Crocodile Camping Area,144.4332356,-14.2607347,Hardcore Bushcamp
Werribee River Camping Ground,144.1660809,-37.4986671,Hardcore Bushcamp
Battle Camp,144.7032218,-15.2515538,Hardcore Bushcamp
Brodies Camp,143.9502981,-17.6898867,Hardcore Bushcamp
Camp Ridgeway,138.1111068,-17.4991805,Hardcore Bushcamp
Four Mile Camp,144.4392052,-17.8079734,Hardcore Bushcamp
Eagles Camp,145.1599575,-17.4344522,Hardcore Bushcamp
China Camp,145.3036484,-16.0389886,Hardcore Bushcamp
Knob Camp,143.8940272,-17.6802583,Hardcore Bushcamp
Scardons Top Camp Mine,144.6963055,-17.2736847,Hardcore Bushcamp
Wondoo Outcamp,143.6372969,-17.4588223,Hardcore Bushcamp
Unnamed Campsite,144.9686784,-17.0739749,Hardcore Bushcamp
Ten Mile Hollow,151.0896586,-33.3276067,Hardcore Bushcamp
Aldville Station,145.1289217,-27.3066357,Hardcore Bushcamp
Lara Station Wetlands,145.1947293,-23.8062697,Hardcore Bushcamp
Unnamed Campsite,144.2158493,-37.0685572,Commercial / Resort
Clarks Camp Ground,147.2162138,-37.3199627,Hardcore Bushcamp
Unnamed Campsite,146.1919865,-37.9783651,Hardcore Bushcamp
Unnamed Campsite,146.2004109,-38.0048367,Hardcore Bushcamp
Broadwater Waterhole Camping Area,143.3543742,-24.1015733,Hardcore Bushcamp
Middlesight Water Hut,138.6375494,-31.3454673,Hardcore Bushcamp
Yanyanna Hut Campsite,138.5947993,-31.4034335,Hardcore Bushcamp
Buckaringa North Campsite,138.0956567,-32.0603937,Hardcore Bushcamp
Red Range Camp,138.5047819,-31.6809651,Hardcore Bushcamp
Black Jack's Shelter,139.0410833,-33.5221515,Hardcore Bushcamp
Unnamed Campsite,151.2656623,-33.4427556,Hardcore Bushcamp
Old Mt Bryan East School,139.0185557,-33.408463,Hardcore Bushcamp
Summer Falls Walkers Camp,152.6122095,-26.6323849,Hardcore Bushcamp
Unnamed Campsite,150.2106505,-34.9862609,Hardcore Bushcamp
Unnamed Campsite,150.2436643,-34.9346419,Hardcore Bushcamp
Unnamed Campsite,150.1915619,-34.9894169,Hardcore Bushcamp
Mt Elm,138.3330359,-31.9070805,Hardcore Bushcamp
Callabrinda Creek Campsite,138.256926,-32.0129542,Hardcore Bushcamp
Mt Arden South Campsite,137.9746515,-32.166745,Hardcore Bushcamp
Eyre Depot,137.9324794,-32.2347196,Hardcore Bushcamp
Dutchman's Hut,137.9827528,-32.2963767,Hardcore Bushcamp
Mt Little Station,138.3985051,-31.7338569,Hardcore Bushcamp
Mayo Hut,138.4078395,-31.7547807,Hardcore Bushcamp
Waukarie Creek/Mt Brown North Campsite,138.0072565,-32.4623999,Hardcore Bushcamp
Stony Creek Campsite,138.0920237,-32.704687,Hardcore Bushcamp
Sugargum Dam Camp,138.107319,-32.7903088,Hardcore Bushcamp
Goat Rock Campsite,138.1354768,-32.7777565,Hardcore Bushcamp
Grays Hut,138.1377059,-32.8005934,Hardcore Bushcamp
Racecourse Camp,138.14047,-32.801218,Hardcore Bushcamp
Go-Cart Track Shelter,138.1467654,-33.0510267,Hardcore Bushcamp
Beetaloo Tank Campsite,138.187424,-33.1974564,Hardcore Bushcamp
Bowman Hut Campsite,138.2383577,-33.3313979,Hardcore Bushcamp
Hiskeys Hut Campground,138.3614293,-33.3543499,Hardcore Bushcamp
Curnows Hut Campsite,138.5482307,-33.3247046,Hardcore Bushcamp
Bundaleer Tank Campsite,138.5356737,-33.4189758,Hardcore Bushcamp
Whistling Trig Tank Camp,138.7190516,-33.4544808,Hardcore Bushcamp
Hallett Railway Station Campsite,138.8921525,-33.4209075,Hardcore Bushcamp
Caroona Creek Shelter,139.1197119,-33.4497317,Hardcore Bushcamp
Unnamed Campsite,138.993774,-33.6115898,Hardcore Bushcamp
Worlds End Campsite,139.0463839,-33.8189546,Hardcore Bushcamp
Webb Gap Campsite,138.9607317,-33.977736,Hardcore Bushcamp
Smith Hill Campsite,138.9606162,-34.067337,Hardcore Bushcamp
Unnamed Campsite,138.831692,-34.1689097,Hardcore Bushcamp
Rossiters Hut Campsite,138.9958032,-34.5911387,Hardcore Bushcamp
Freeman Hut Campsite,138.939443,-34.6593813,Hardcore Bushcamp
Old School House Campsite,138.9667519,-34.6836982,Hardcore Bushcamp
Camp Gunneemooroo,148.9586902,-31.3662268,Hardcore Bushcamp
Biddlecombe Camp,132.4333739,-14.2536121,Hardcore Bushcamp
Crystal Falls Camp,132.4314709,-14.168043,Hardcore Bushcamp
Sandy Camp,132.2825833,-14.1466562,Hardcore Bushcamp
Sweetwater Camp,132.2156237,-14.1862662,Hardcore Bushcamp
17 Mile Falls Camp,132.3738261,-14.1165028,Hardcore Bushcamp
Danu Camp,148.9619073,-31.3155384,Hardcore Bushcamp
Camp Pincham,148.9960888,-31.2977449,Hardcore Bushcamp
Speewah Campground,145.6307158,-16.8819988,Hardcore Bushcamp
Getaway Tourist Park,149.2894577,-31.2908836,Commercial / Resort
Unnamed Campsite,144.3286216,-37.4391373,Hardcore Bushcamp
Ghost Gum Flat,133.2196351,-23.7293136,Hardcore Bushcamp
Rocky Gully Camp Site,133.1680932,-23.7588962,Hardcore Bushcamp
Rocky Gully Group Camp Site,133.1693035,-23.7616343,Hardcore Bushcamp
Mulga Camp,133.612895,-23.664739,Hardcore Bushcamp
Lake Garawongera Great Walk Campground,153.1513978,-25.3268217,Hardcore Bushcamp
Unnamed Campsite,132.9802827,-23.7544009,Hardcore Bushcamp
Waterfall Gorge Camp Site,132.8252209,-23.687168,Hardcore Bushcamp
Finke River Campground,132.6788395,-23.6581917,Hardcore Bushcamp
Unnamed Campsite,151.8499873,-24.1732542,Hardcore Bushcamp
Camp Palmer,150.1111866,-30.2333038,Hardcore Bushcamp
Narrabri Motel and Caravan Park,149.7688481,-30.3376963,Commercial / Resort
Rocky Bar Gap,132.6027532,-23.6086526,Hardcore Bushcamp
Unnamed Campsite,150.3631483,-33.7323676,Hardcore Bushcamp
Island Bend Township Campground,148.4777022,-36.320668,Hardcore Bushcamp
Roy Hill Rail Camp 4,119.2641324,-22.1399209,Hardcore Bushcamp
The Channon Village Campground,153.2793417,-28.6784076,Hardcore Bushcamp
Unnamed Campsite,144.2352921,-37.4568277,Hardcore Bushcamp
Pilwarren (Nudist),139.6407442,-34.6680805,Commercial / Resort
Lake Saint Clair Nature Retreat (Nudist),139.8839712,-37.3372427,Commercial / Resort
Sunland Holiday Village (Nudist),139.8774083,-37.3424242,Commercial / Resort
Jackaroos,127.0638842,-15.9633777,Hardcore Bushcamp
Hanging Lake Campsite,146.4665811,-43.276135,Hardcore Bushcamp
Cutting Camp,146.5049515,-43.2685854,Hardcore Bushcamp
Birdwood Downs,123.7713479,-17.350128,Hardcore Bushcamp
Big Hill Campground,143.9411022,-38.4650403,Hardcore Bushcamp
Binn Beach Campground,148.8854951,-37.7879611,Hardcore Bushcamp
Connors Plain Camping Ground,146.4944118,-37.5561282,Hardcore Bushcamp
Macalister River Campingground,146.6686708,-37.7624095,Hardcore Bushcamp
Pearl Point Campground,148.8804091,-37.7879418,Hardcore Bushcamp
Wood Point Campground,148.3206997,-37.6418385,Hardcore Bushcamp
Katarapko Campsite 27,140.5427606,-34.3614764,Hardcore Bushcamp
Katarapko Campsite 46,140.532391,-34.4155741,Hardcore Bushcamp
North Maintongoon 2,145.9127706,-37.1502641,Hardcore Bushcamp
Forestry Camp,152.4640215,-29.1164392,Hardcore Bushcamp
Hidden Creek Camping Site,150.6457128,-35.0072967,Hardcore Bushcamp
The Orchard,146.0096633,-37.1813195,Hardcore Bushcamp
Canoona Rest Area,150.263544,-23.0339878,Hardcore Bushcamp
Unnamed Campsite,140.3752024,-34.2185376,Hardcore Bushcamp
Elouera Girl Guide Campsite,152.4418244,-24.8031248,Hardcore Bushcamp
Unnamed Campsite,144.4279274,-37.4601207,Hardcore Bushcamp
Camp Rock,150.2231922,-35.2051342,Hardcore Bushcamp
Douglas River Camping,148.2692784,-41.7812405,Hardcore Bushcamp
Unnamed Campsite,151.9137148,-27.9255492,Commercial / Resort
Redbanks,136.6144096,-33.8934329,Hardcore Bushcamp
Duck Lagoon,137.4932633,-35.706257,Hardcore Bushcamp
Coburns Pines,141.0715353,-35.3974344,Hardcore Bushcamp
Red Gums,141.1023163,-35.4158245,Hardcore Bushcamp
Cactus Bore,141.161738,-35.4538285,Hardcore Bushcamp
White Springs,141.4890861,-35.3952634,Hardcore Bushcamp
Brushcutters Flat,141.4521944,-35.4928061,Hardcore Bushcamp
Big Billy,141.3204336,-35.5156369,Hardcore Bushcamp
Unnamed Campsite,141.32303,-35.512004,Hardcore Bushcamp
Brambles Green,152.2819335,-32.565578,Hardcore Bushcamp
Tattersall's Camping Area,151.9461701,-32.6060745,Hardcore Bushcamp
Unnamed Campsite,148.4142552,-36.3264089,Hardcore Bushcamp
Unnamed Campsite,148.4143171,-36.3510719,Hardcore Bushcamp
Stockyard Camp Ground,142.2930563,-34.2914858,Hardcore Bushcamp
Tjingkulatjatjarra Pool,122.0765452,-22.5038745,Hardcore Bushcamp
Desert Queen Bath,122.2611035,-22.4635805,Hardcore Bushcamp
Fig Tree Yard,130.4230933,-16.239377,Hardcore Bushcamp
Unnamed Campsite,152.56721,-25.11034,Commercial / Resort
Unnamed Campsite,151.9166434,-25.3570811,Hardcore Bushcamp
Burrum Point camping area,152.6305878,-25.1550433,Hardcore Bushcamp
Bryce Gorge Camping Area,146.7600068,-37.2955915,Hardcore Bushcamp
Tobermorey Caravan Park,137.9739114,-22.2737329,Commercial / Resort
Brittania Ridge Caravan Park,145.6482188,-37.7938697,Commercial / Resort
Katarapko Campsite 28,140.543774,-34.3620392,Hardcore Bushcamp
Unnamed Campsite,150.0796828,-33.4678483,Hardcore Bushcamp
Camp Kurrajong Scout Camp,147.4606345,-35.0872227,Hardcore Bushcamp
Limestone Coast Tourist Park,140.8237514,-37.8412384,Commercial / Resort
Fig Tree Point Campsite,153.0350545,-26.2251484,Hardcore Bushcamp
Unnamed Campsite,148.16818,-36.3487867,Hardcore Bushcamp
Black Flat Camping Area,147.2942437,-37.36456,Hardcore Bushcamp
Unnamed Campsite,147.2529637,-37.0009418,Hardcore Bushcamp
Wandiligong Caravan and Camping Reserve,146.9888828,-36.7800567,Commercial / Resort
MacNamara's Camp,152.2109945,-26.8655967,Hardcore Bushcamp
Couzen's Lookout Camping Area,131.6696934,-12.7367366,Hardcore Bushcamp
Rocky River 1,152.3583602,-29.127038,Hardcore Bushcamp
Pigeon Springs Campground,141.4290996,-35.5951708,Hardcore Bushcamp
Milmed Swamp Campsite,141.6081156,-35.6489284,Hardcore Bushcamp
Round Swamp Campground,141.7190468,-35.7106285,Hardcore Bushcamp
Arnold Springs Campground,141.7130183,-35.6453582,Hardcore Bushcamp
Mouth of the Mullaroo Campsite,141.2413558,-34.0842675,Hardcore Bushcamp
Camping and Picnic area,141.5140797,-34.207804,Hardcore Bushcamp
Shearers Quarters camp ground,141.0712075,-34.5633205,Hardcore Bushcamp
Mirang Pool Campsite,150.9889509,-34.0899587,Hardcore Bushcamp
Unnamed Campsite,150.9800079,-34.101428,Hardcore Bushcamp
Corringle,148.5199562,-37.7992051,Hardcore Bushcamp
Unnamed Campsite,148.514345,-37.7457222,Hardcore Bushcamp
Unnamed Campsite,148.5163621,-37.7492556,Hardcore Bushcamp
Unnamed Campsite,148.5025165,-37.7289142,Hardcore Bushcamp
Unnamed Campsite,148.5030744,-37.7303482,Hardcore Bushcamp
Unnamed Campsite,148.5070655,-37.7410391,Hardcore Bushcamp
Unnamed Campsite,148.497828,-37.7252738,Hardcore Bushcamp
Unnamed Campsite,148.5280726,-37.7572209,Hardcore Bushcamp
Unnamed Campsite,148.4665427,-37.7205723,Hardcore Bushcamp
Unnamed Campsite,148.4761072,-37.722049,Hardcore Bushcamp
Unnamed Campsite,148.492426,-37.7227958,Hardcore Bushcamp
Noonameena Scout Camp,144.3687932,-37.2456836,Hardcore Bushcamp
Remote Camp,141.9981959,-35.4799471,Hardcore Bushcamp
Snow Drift Picnic and Camping Area,141.9116433,-35.4317405,Hardcore Bushcamp
Unnamed Campsite,144.2837838,-37.4931593,Hardcore Bushcamp
Unnamed Campsite,144.2806511,-37.491794,Hardcore Bushcamp
Unnamed Campsite,146.80361,-37.1883242,Hardcore Bushcamp
Bachsten Camp,125.3296426,-15.9897621,Hardcore Bushcamp
Best Friend Holiday Retreat,146.5789028,-38.4748716,Commercial / Resort
Two Trees,137.1194003,-35.2362593,Hardcore Bushcamp
Breeze Way,137.1111612,-35.2355009,Hardcore Bushcamp
Fallen Giant,137.1114178,-35.2354258,Hardcore Bushcamp
Next Door,137.1116815,-35.2353925,Hardcore Bushcamp
17 Pa-no-ma,137.1120425,-35.2353333,Hardcore Bushcamp
Retreat,137.1123893,-35.2352726,Hardcore Bushcamp
Sandy Hollow,137.1128671,-35.2352003,Hardcore Bushcamp
Golden Orb,137.1138236,-35.2350136,Hardcore Bushcamp
The Arch,137.1146031,-35.2350138,Hardcore Bushcamp
Unnamed Campsite,137.1148562,-35.2350225,Hardcore Bushcamp
Unnamed Campsite,151.2544341,-33.5252168,Hardcore Bushcamp
Pool Side,137.1215972,-35.2370798,Hardcore Bushcamp
Unnamed Campsite,137.1224554,-35.2372561,Hardcore Bushcamp
The Nook,137.1206438,-35.2365866,Hardcore Bushcamp
The Rest,137.1182021,-35.2364281,Hardcore Bushcamp
Butlers Camp,137.1171204,-35.2364505,Hardcore Bushcamp
Salmon Sleepout,137.1163927,-35.2366313,Hardcore Bushcamp
Butlers North,137.1172716,-35.2359094,Hardcore Bushcamp
Salmon Corner,137.1150862,-35.235008,Hardcore Bushcamp
Owls Perch,137.1153233,-35.235008,Hardcore Bushcamp
Ocean Point,137.1155552,-35.2350688,Hardcore Bushcamp
Flat Rock,137.1275145,-35.2392184,Hardcore Bushcamp
The Crevice,137.1306296,-35.2407752,Hardcore Bushcamp
Coffin Beach,137.1358653,-35.239964,Hardcore Bushcamp
Saw Tooth Rocks Camp,137.1381888,-35.2390766,Hardcore Bushcamp
W,137.139597,-35.2400003,Hardcore Bushcamp
Annie's Camp,137.1400079,-35.2412704,Hardcore Bushcamp
The Loop,137.141314,-35.2398619,Hardcore Bushcamp
Out Bush,137.1368991,-35.2378815,Hardcore Bushcamp
The Dunes,137.1384656,-35.2402274,Hardcore Bushcamp
E,137.1397826,-35.2399869,Hardcore Bushcamp
Annie's Nursery,137.1403759,-35.2421423,Hardcore Bushcamp
TC's Blowout,137.144385,-35.2406795,Hardcore Bushcamp
TC's,137.145875,-35.2401274,Hardcore Bushcamp
B1,137.1508396,-35.2381654,Hardcore Bushcamp
B2,137.1517159,-35.2381683,Hardcore Bushcamp
B4,137.1564508,-35.2385955,Hardcore Bushcamp
Meteor Bay Camp,137.158667,-35.2362921,Hardcore Bushcamp
Unnamed Campsite,144.1742718,-37.3895529,Hardcore Bushcamp
Black Springs Camping Ground,135.3144581,-34.5659784,Hardcore Bushcamp
Birralee Bush Camp,148.3037539,-36.4999178,Hardcore Bushcamp
Innot Hot Springs,145.2379915,-17.6655677,Hardcore Bushcamp
Mountaineer Creek Campground,145.8577451,-37.1400241,Hardcore Bushcamp
Camping Area for Horses,152.2492247,-29.5372756,Hardcore Bushcamp
Bell Point,122.6924432,-16.7793311,Hardcore Bushcamp
Goombaragin Eco Retreat,122.6634795,-16.7963662,Commercial / Resort
Mercedes Cove Retreat,122.5914773,-16.766057,Hardcore Bushcamp
Middle Lagoon,122.5781178,-16.7746446,Hardcore Bushcamp
Whalesong Campground,122.6221758,-16.799575,Hardcore Bushcamp
Chile Creek Campground,122.8730464,-16.5349849,Hardcore Bushcamp
Taylors Creek,146.0376133,-37.2950684,Hardcore Bushcamp
Lowood Showground,152.5836846,-27.4626907,Commercial / Resort
Jerusalem Creek Campground,145.9692867,-37.2728623,Hardcore Bushcamp
Barwon District Camp Site,144.2175075,-38.3953391,Hardcore Bushcamp
Geelong Rivers Camp Site,144.2167851,-38.394425,Hardcore Bushcamp
Rotunda,144.2133325,-38.3955931,Hardcore Bushcamp
Geelong Peninsula Campsite,144.2135685,-38.3950465,Hardcore Bushcamp
Devils Cove Campground,145.8402856,-37.1730429,Hardcore Bushcamp
Camp Fire Circle,144.2145322,-38.3986017,Hardcore Bushcamp
BBQ,144.2138527,-38.3970025,Hardcore Bushcamp
Unnamed Campsite,133.9389015,-32.1554251,Hardcore Bushcamp
Boomeri Camping Area,152.3193329,-32.5092631,Hardcore Bushcamp
Rocky Point campground,153.2943537,-29.7603269,Hardcore Bushcamp
Unnamed Campsite,152.4100754,-28.0955588,Hardcore Bushcamp
Gentle Annie Camp,145.8160745,-37.949292,Hardcore Bushcamp
River Gardens Caravan Park,153.3803368,-28.0130632,Commercial / Resort
Moleside Canoe Camp,141.2687057,-38.0544209,Hardcore Bushcamp
Wandi Waterhole,153.000068,-26.1215004,Hardcore Bushcamp
Bellinger River Tourist Park,153.0208353,-30.4390029,Commercial / Resort
Dorrigo Mountain Holiday Park,152.7153124,-30.3503156,Commercial / Resort
Unnamed Campsite,146.7429119,-37.4336726,Hardcore Bushcamp
Lake Lea Camping Area,145.9077705,-41.5293725,Hardcore Bushcamp
Litoria Walkers Camp,153.0774478,-26.0730895,Hardcore Bushcamp
Easby Creek Camp,149.5213295,-37.7388159,Hardcore Bushcamp
Red River Camp,149.5644421,-37.7223313,Hardcore Bushcamp
Petrel Point Camp Site,149.4113564,-37.7720767,Hardcore Bushcamp
Seal Creek Camp,149.6819188,-37.66417,Hardcore Bushcamp
Benedore River Camp,149.6208931,-37.6984358,Hardcore Bushcamp
Spring Creek Yard Camp,130.3395505,-16.0860181,Hardcore Bushcamp
Top Humbert Yard,130.4612552,-16.4403593,Hardcore Bushcamp
Depot Creek,130.1992214,-17.1655378,Hardcore Bushcamp
East Baines Camp,130.1004137,-16.4525453,Hardcore Bushcamp
Unnamed Campsite,139.1585855,-30.4800888,Hardcore Bushcamp
Zanettis,145.9404201,-35.9669338,Hardcore Bushcamp
Bourkes Bend No 1,145.8364783,-35.977892,Hardcore Bushcamp
Wail Campsite 2,142.0284798,-36.5330943,Hardcore Bushcamp
Wail Campsite 3,142.0196167,-36.5364298,Hardcore Bushcamp
Rathdowney Memorial Grounds Caravan Park,152.8656702,-28.2115115,Commercial / Resort
Unnamed Campsite,150.2514869,-33.8142358,Hardcore Bushcamp
Midway Waterhole Camping Area,144.2068842,-14.8858962,Hardcore Bushcamp
Horseshoe Lagoon Camping Area,144.6096488,-15.2836976,Hardcore Bushcamp
Six Mile Waterhole Camping Area,144.4474197,-15.2804597,Hardcore Bushcamp
Twelve Mile Lagoon Camping Area,144.433848,-15.2003821,Hardcore Bushcamp
Welcome Waterhole Camping Area,144.5930479,-15.2551626,Hardcore Bushcamp
Sweetwater Lake Camping Area,143.837874,-14.662176,Hardcore Bushcamp
Saltwater Creek Camping Area (2),143.8985133,-14.6223536,Hardcore Bushcamp
Saltwater Creek Camping Area (4),143.9045723,-14.6090552,Hardcore Bushcamp
Unnamed Campsite,145.8629258,-41.2521467,Hardcore Bushcamp
Club,115.629261,-31.5385988,Commercial / Resort
Woonoongoora Walkers Camp,153.2535018,-28.1586978,Hardcore Bushcamp
Unnamed Campsite,152.9077891,-25.2945908,Hardcore Bushcamp
Northbrook Farm Stay,114.629776,-28.2981091,Hardcore Bushcamp
Adelaide River Inn,131.107377,-13.2388317,Commercial / Resort
Corroboree Park Tavern,131.5000359,-12.7629422,Commercial / Resort
Pascoes Possie,117.8365784,-22.8050194,Hardcore Bushcamp
Blue Lagoon camping area,153.4441397,-27.0929317,Hardcore Bushcamp
Cherokee Village,115.8156738,-31.8016235,Commercial / Resort
Mary River Wilderness Retreat,131.6512885,-12.9075621,Hardcore Bushcamp
Windsor Gardens Caravan Park,138.6480821,-34.8787807,Commercial / Resort
Underbool Track Camping Area,141.6269832,-34.8910281,Hardcore Bushcamp
Mopoke Hut Camping Area,141.7595777,-34.8115897,Hardcore Bushcamp
Unnamed Campsite,116.1968527,-34.8372301,Hardcore Bushcamp
Packsaddle Roadhouse,141.9669577,-30.6108071,Hardcore Bushcamp
Jarrangbarnmi Camping Area,132.5759011,-13.4984598,Hardcore Bushcamp
Grampians Retreat,142.3551754,-37.6146712,Hardcore Bushcamp
Wanaaring Store and Caravan Park,144.1491484,-29.7022815,Commercial / Resort
Unnamed Campsite,118.3381533,-34.3511222,Hardcore Bushcamp
Unnamed Campsite,118.3205414,-34.3588078,Hardcore Bushcamp
She-Oak col,118.3043462,-34.3564414,Hardcore Bushcamp
Eucalyptus Col,118.2769059,-34.3609771,Hardcore Bushcamp
Camping cave,118.3126503,-34.3575424,Hardcore Bushcamp
William Bay Campsite,117.2377909,-35.0164999,Hardcore Bushcamp
Giants (Bibbulmun campsite),116.9034419,-34.9738525,Hardcore Bushcamp
Wilkins Memorial Park,149.4459237,-35.5906586,Hardcore Bushcamp
Snakelagoon Campsite,136.6574654,-35.9517386,Hardcore Bushcamp
Snakelagoon Campsite,136.6557005,-35.9524353,Hardcore Bushcamp
Hidden Camp,138.0652389,-32.8005288,Hardcore Bushcamp
Gravel Pit Camp,133.8594914,-18.4513751,Hardcore Bushcamp
Surprise Bay Campsite,146.6585951,-43.584406,Hardcore Bushcamp
New River Lagoon Boat Crossing Campsite,146.5901805,-43.5364248,Hardcore Bushcamp
Turua Beach West Campsite,146.5127135,-43.5233057,Hardcore Bushcamp
Pettmans Beach Camping Area,148.1849205,-37.8291548,Hardcore Bushcamp
New Norcia Roadhouse,116.2121953,-30.9732971,Commercial / Resort
Bulldog Flat campsite,146.0630763,-37.3533755,Hardcore Bushcamp
Burnt Bridge campsite,146.0597461,-37.3460151,Hardcore Bushcamp
Billygoat Bay Carpark,114.9581269,-30.0419361,Hardcore Bushcamp
Central Caravan Park,115.9415512,-31.9289112,Commercial / Resort
Mt York Campground,150.2191904,-33.5542264,Hardcore Bushcamp
Freshwater Point Rest Area,114.9748906,-29.6044712,Hardcore Bushcamp
Kobby Head North Rest Area,114.9660295,-29.6526367,Hardcore Bushcamp
Chromite Mine Campsite,146.7283489,-37.5662987,Hardcore Bushcamp
Barry Creek Campsite,146.3647321,-38.9105812,Hardcore Bushcamp
Lower Barry Creek Campsite,146.3645806,-38.8775991,Hardcore Bushcamp
Logan Hill,153.2301814,-27.6050397,Hardcore Bushcamp
Lake Monduran Holiday Park,151.853457,-24.8759273,Commercial / Resort
Sandy Plateau,150.807939,-34.232567,Hardcore Bushcamp
Unnamed Campsite,150.8073656,-34.2335329,Hardcore Bushcamp
Unnamed Campsite,149.3610228,-37.2775732,Hardcore Bushcamp
Mount Ellery (Barumpa),148.7786503,-37.3938094,Hardcore Bushcamp
Olney HQ Campsite,151.3318644,-33.0623454,Hardcore Bushcamp
Neebs Waterhole Campsite,152.9480489,-26.0632358,Hardcore Bushcamp
Big River Ranch,114.1874918,-27.6894213,Commercial / Resort
Campervan West at Huon Bush Retreats,146.9985163,-42.9813764,Commercial / Resort
Tentsite East at Huon Bush Retreats,146.9996213,-42.9814156,Hardcore Bushcamp
Car Camp South at Huon Bush Retreats,146.9986557,-42.9826872,Hardcore Bushcamp
Campervan East at Huon Bush Retreats,146.9996964,-42.9818159,Commercial / Resort
Camp Kitchen at Huon Bush Retreats,146.999034,-42.9820573,Hardcore Bushcamp
Unnamed Campsite,139.0851663,-30.6022282,Hardcore Bushcamp
Lowells Flat Campground,148.7404659,-35.2806044,Hardcore Bushcamp
McIntyres Campground,148.7383966,-35.2663706,Hardcore Bushcamp
Coree Campground,148.8071608,-35.2973411,Hardcore Bushcamp
Rover Park main Camp Ground,152.2792206,-28.862711,Commercial / Resort
Camp 2 River Flats-No Caravans,152.2741394,-28.8692131,Hardcore Bushcamp
Deepwater Longhorn Bar Grill,151.8476614,-29.4368502,Commercial / Resort
Unnamed Campsite,116.6442874,-35.0114145,Hardcore Bushcamp
Peppermints (second area),116.6529552,-35.0443364,Hardcore Bushcamp
Mount Clare campsite,116.6461751,-34.9983003,Hardcore Bushcamp
Unnamed Campsite,150.0923476,-33.2439089,Hardcore Bushcamp
Promise Bay Overnight Walker Campsite,148.292862,-42.1916884,Hardcore Bushcamp
Unnamed Campsite,148.2658462,-42.2293307,Hardcore Bushcamp
Holiday Haven - Kangaroo Valley,150.521728,-34.7283589,Commercial / Resort
Blackheath Glen Reserve,150.2683104,-33.6757083,Hardcore Bushcamp
O'Tooles Flat,145.9898645,-37.3413114,Hardcore Bushcamp
Unnamed Campsite,151.7101838,-31.6991493,Hardcore Bushcamp
Cascade Falls Campground,151.5708297,-31.8580381,Hardcore Bushcamp
Bennies,146.5374734,-36.9638336,Hardcore Bushcamp
Caves Caravan Park,115.0321813,-33.6463388,Hardcore Bushcamp
Bennies,146.5350804,-36.9664228,Hardcore Bushcamp
Unnamed Campsite,146.5734843,-37.1032792,Hardcore Bushcamp
Mustering Flat,146.6152495,-37.0782008,Hardcore Bushcamp
Camp Creek,146.6489888,-37.1196239,Hardcore Bushcamp
Unnamed Campsite,146.5334759,-37.0094794,Hardcore Bushcamp
Thomastown Campsite,146.7404075,-37.4566595,Hardcore Bushcamp
13 Greenhood Camp,146.6358494,-37.5160715,Hardcore Bushcamp
11 Red Bluff Camp,146.6217031,-37.5194008,Hardcore Bushcamp
9 Cockatoo Camp,146.6140857,-37.5229215,Hardcore Bushcamp
5 Pardalote Camp,146.6121008,-37.5397699,Hardcore Bushcamp
6 Treefrog Camp,146.6126319,-37.5348738,Hardcore Bushcamp
2 Boobook camp,146.6178187,-37.551219,Hardcore Bushcamp
1 Wild Cherry Camp,146.6197535,-37.55359,Hardcore Bushcamp
3 Blackfish Camp,146.6144231,-37.5493632,Hardcore Bushcamp
Unnamed Campsite,150.083481,-33.4719885,Hardcore Bushcamp
Unnamed Campsite,150.0737605,-33.4766529,Hardcore Bushcamp
Corner Bend Beach Camp,145.2203119,-35.8367382,Hardcore Bushcamp
The Wattles (Hope Amongst The Reeds) Camping Area 1,145.2399072,-35.8342349,Hardcore Bushcamp
Bungle Bungle Caravan Park,127.9993383,-17.4382981,Commercial / Resort
Heartbreak Hill Camping Area,150.896644,-33.2708444,Hardcore Bushcamp
Macalister Springs,146.670734,-37.172145,Hardcore Bushcamp
Viking Saddle,146.7105272,-37.1153584,Hardcore Bushcamp
Catherine Saddle,146.6603592,-37.1141264,Hardcore Bushcamp
Unnamed Campsite,146.7436149,-37.1555068,Hardcore Bushcamp
Unnamed Campsite,146.6494159,-37.1240056,Hardcore Bushcamp
Adventist Alpine Village,148.593139,-36.4302664,Commercial / Resort
Unnamed Campsite,151.9382543,-30.0069501,Hardcore Bushcamp
Caseys Beach Holiday Park,150.2096819,-35.7387901,Commercial / Resort
Nelligen Holiday Park,150.1292561,-35.6433576,Commercial / Resort
Pleasurelea,150.2115697,-35.7451394,Commercial / Resort
Harolds Camp,131.5418517,-23.8687554,Hardcore Bushcamp
Gravel Pit Camping,133.9386031,-21.4238262,Hardcore Bushcamp
Murwillumbah Showgrounds,153.3923667,-28.3232969,Hardcore Bushcamp
Bush camping,152.4222538,-28.7190981,Hardcore Bushcamp
Goat Rock Camping Ground and Tourist Park,151.0990015,-28.9598168,Hardcore Bushcamp
Unnamed Campsite,152.5573952,-29.3614451,Hardcore Bushcamp
Devil's Kitchen Campsite,143.2046774,-38.7444283,Hardcore Bushcamp
Lake Macquarie Outdoor Recreation Centre,151.5446589,-33.096203,Hardcore Bushcamp
Jaxut camping area,148.5430812,-20.797697,Hardcore Bushcamp
Concordia Outdoor Education camp,150.8924584,-26.4490037,Hardcore Bushcamp
Nyabing Caravan Park,118.1471279,-33.5448861,Commercial / Resort
Moomba camping & caravan site,146.5499364,-41.1643033,Commercial / Resort
Lightwood Camp Area,144.9292466,-38.44296,Hardcore Bushcamp
Copmanhurst Showground,152.774318,-29.5896894,Commercial / Resort
Copmanhurst Freecamp,152.7830004,-29.5911843,Hardcore Bushcamp
The Gorge,152.5722273,-29.3898359,Hardcore Bushcamp
Campsite 1,152.2826957,-28.8668881,Commercial / Resort
Forest Lodge Camp Ground,149.9828986,-33.8310694,Hardcore Bushcamp
Wollumbin Scout Camp,153.5662838,-28.3216613,Hardcore Bushcamp
Unnamed Campsite,150.0912819,-34.3407708,Hardcore Bushcamp
Paperbark Yard Campground,130.6067994,-16.8655335,Hardcore Bushcamp
Unnamed Campsite,130.2762241,-16.6279985,Hardcore Bushcamp
Moons Crossing camp site,116.1435055,-34.5071421,Hardcore Bushcamp
Barney Gorge Junction,152.6847492,-28.2594109,Hardcore Bushcamp
Mt May Saddle,152.6691091,-28.2184073,Hardcore Bushcamp
Leisure Ville Caravan and Campsite,145.764338,-40.9990025,Commercial / Resort
Warrabunda Scouts Campsite,150.6057154,-34.2409768,Hardcore Bushcamp
Sloop Reef,148.2813176,-41.2117771,Hardcore Bushcamp
Travelling Stock Route,150.4081276,-32.3820677,Hardcore Bushcamp
Darlington Campsite,148.0633721,-42.581686,Hardcore Bushcamp
Lightning Creek Campground / Rest / Picnic Area (South),147.4328858,-36.6637238,Hardcore Bushcamp
Unnamed Campsite,151.7544791,-31.6451704,Hardcore Bushcamp
Unnamed Campsite,139.5605778,-34.7517749,Hardcore Bushcamp
Unnamed Campsite,139.5615185,-34.7520432,Hardcore Bushcamp
Unnamed Campsite,139.5622635,-34.7522657,Hardcore Bushcamp
Unnamed Campsite,150.2098495,-32.6595475,Hardcore Bushcamp
Camp Cobark Camping Ground,151.6978142,-31.9305183,Hardcore Bushcamp
Camp Cobark,151.7096676,-31.9370788,Hardcore Bushcamp
Puppy Camp,152.1270553,-31.2475594,Hardcore Bushcamp
Unnamed Campsite,151.8973892,-31.4565759,Hardcore Bushcamp
Unnamed Campsite,151.7186907,-31.5218083,Hardcore Bushcamp
Bechervaise Plateau Campsite,146.4791639,-43.26984,Hardcore Bushcamp
Goon Moor Campsite,146.4451025,-43.2361999,Hardcore Bushcamp
Promontory Lake Campsite,146.3623483,-43.1668608,Hardcore Bushcamp
Stuart Saddle Campsite,146.4515626,-43.2287221,Hardcore Bushcamp
Lake Rosanne Camp Site,146.4319034,-43.1819832,Hardcore Bushcamp
Pass Creek Campsite,146.4623572,-43.2024767,Hardcore Bushcamp
Unnamed Campsite,147.2936763,-36.9073676,Hardcore Bushcamp
Unnamed Campsite,150.2156753,-34.4799788,Hardcore Bushcamp
Unnamed Campsite,150.2216566,-34.4748579,Hardcore Bushcamp
Unnamed Campsite,150.2235556,-34.4797975,Hardcore Bushcamp
Unnamed Campsite,150.2233357,-34.4808366,Hardcore Bushcamp
Cudal Caravan Park,148.7441412,-33.2842201,Commercial / Resort
Mount Nancar Wilderness Retreat,130.7257661,-13.7986546,Hardcore Bushcamp
Channel Point Coastal Reserve,130.1343212,-13.1742209,Hardcore Bushcamp
Macquarie Caravan Park,147.8396205,-31.694833,Commercial / Resort
Warren Caravan Park,147.8299109,-31.6983749,Commercial / Resort
Unnamed Campsite,141.8723118,-22.9245597,Hardcore Bushcamp
Brewarrina Caravan Park,146.8604694,-29.967046,Commercial / Resort
Crookwell Caravan Park,149.4675858,-34.4547048,Commercial / Resort
Unnamed Campsite,150.2142024,-33.8561929,Hardcore Bushcamp
Camp fire site,150.5643412,-33.8352768,Hardcore Bushcamp
Unnamed Campsite,150.310619,-33.2007364,Hardcore Bushcamp
Twilight Canyon Creek campsite,150.3177474,-33.1776511,Hardcore Bushcamp
Fulham Streamside reserve,141.8632471,-37.1494115,Hardcore Bushcamp
Log Camp,152.2822084,-28.8673943,Hardcore Bushcamp
Main Camp,152.2812213,-28.8676759,Hardcore Bushcamp
Unnamed Campsite,150.2420403,-33.4457441,Hardcore Bushcamp
INACCESSIBLE - Gated,150.1684357,-33.4264269,Hardcore Bushcamp
Darr Waterhole,144.081241,-23.2103516,Hardcore Bushcamp
Chinamans - Creek,147.8576484,-37.8780304,Hardcore Bushcamp
Morwell Resterea,146.3787988,-38.2294596,Hardcore Bushcamp
Bunyip Recreation Area,145.7192169,-38.0999878,Hardcore Bushcamp
Unnamed Campsite,150.0747175,-33.4776454,Hardcore Bushcamp
Unnamed Campsite,150.0668174,-33.4893998,Hardcore Bushcamp
Unnamed Campsite,150.0619881,-33.4948807,Hardcore Bushcamp
Unnamed Campsite,150.080188,-33.4953922,Hardcore Bushcamp
Unnamed Campsite,150.078246,-33.4976326,Hardcore Bushcamp
Unnamed Campsite,150.0728608,-33.4987479,Hardcore Bushcamp
Boarding House Campsite,115.9309172,-34.2804615,Hardcore Bushcamp
Unnamed Campsite,151.9348748,-28.3752893,Hardcore Bushcamp
Mount Barker Caravan Park,117.6595186,-34.6166814,Commercial / Resort
Beavis Campsite,115.8408633,-34.3118036,Hardcore Bushcamp
Fernhill Park - Camping and Fishing,152.405957,-25.9158264,Hardcore Bushcamp
Glen Echo Dirt Bike and Camping Park,152.4136282,-25.9068709,Hardcore Bushcamp
Theebine Pub Camp,152.5440234,-25.9459933,Hardcore Bushcamp
Tom Road Campsite,115.9129166,-34.164566,Hardcore Bushcamp
Eumungerie Recreation Reserve Camp Site,148.6235129,-31.9490409,Commercial / Resort
Unnamed Campsite,148.1183558,-35.0671164,Hardcore Bushcamp
Gentlemans Halt,151.1527708,-33.4660929,Hardcore Bushcamp
Judds Lagoon Campground,149.396379,-26.636659,Hardcore Bushcamp
Unnamed Campsite,150.2866368,-33.7511316,Hardcore Bushcamp
Ruined Castle campsite,150.2945654,-33.7613719,Hardcore Bushcamp
Neurum Creek Campground,152.6964325,-27.0592103,Hardcore Bushcamp
Waddy Point Top Campground,153.3367682,-24.9672952,Hardcore Bushcamp
Town Caravanpark,128.737593,-15.7771906,Commercial / Resort
Hancocks Lookout,138.0270565,-32.7055318,Hardcore Bushcamp
Dorrigo Rest Area,152.7087631,-30.3396112,Hardcore Bushcamp
Glen Innes Showground,151.7422633,-29.7418082,Hardcore Bushcamp
Wooyung Beach Holiday Park,153.5523437,-28.4569134,Commercial / Resort
Discovery Holiday Park (BIG4),115.9972172,-31.9918514,Commercial / Resort
Maxwells Flat Camp Cround,152.1867887,-31.4866193,Hardcore Bushcamp
Wilingarri,130.2352652,-16.8486428,Hardcore Bushcamp
Mt Freeling Station,139.2350178,-29.9497016,Hardcore Bushcamp
Kinglake Ranges Wilderness Camp,145.2278007,-37.4582535,Hardcore Bushcamp
Durack River Crossing,127.2216475,-15.931586,Commercial / Resort
The Billabong Kuranda,145.6049559,-16.841692,Hardcore Bushcamp
Finke River Rest Area,133.238689,-24.5515986,Hardcore Bushcamp
Bungle Bungles﻿ Savannah Lodge,128.2928869,-17.531685,Hardcore Bushcamp
Kooljaman Safari Tents,122.9283936,-16.3944133,Commercial / Resort
Mornington Wilderness Camp,126.1114091,-17.5147908,Hardcore Bushcamp
Ngauwudu Safari Camp,125.8427206,-14.8143539,Hardcore Bushcamp
Free camp off layby,116.1438782,-32.112884,Hardcore Bushcamp
camper van camping,116.1439921,-32.1130918,Hardcore Bushcamp
camper van campsite,119.163116,-32.5353085,Hardcore Bushcamp
Free campervan bush camping spot,121.0991832,-33.7735512,Hardcore Bushcamp
Free Bush Van Camping,123.6650464,-32.3772935,Hardcore Bushcamp
Bush camp,136.3978753,-34.0244002,Hardcore Bushcamp
Bush camp,121.0991755,-33.7737694,Hardcore Bushcamp
Creek camp,138.2954442,-32.0989181,Hardcore Bushcamp
start of forest walk,138.5552243,-33.2761357,Hardcore Bushcamp
Banyande Bay,149.0291806,-33.9461498,Hardcore Bushcamp
Camping Hill,148.8564684,-32.655622,Hardcore Bushcamp
Decca,149.0318062,-33.9422153,Hardcore Bushcamp
Unnamed Campsite,149.0113152,-33.9111988,Hardcore Bushcamp
Unnamed Campsite,149.052082,-33.9873661,Hardcore Bushcamp
Sassafras,150.2529254,-35.139688,Hardcore Bushcamp
Unnamed Campsite,148.2525272,-20.1218839,Hardcore Bushcamp
Unnamed Campsite,148.5966788,-20.7063229,Hardcore Bushcamp
Camp 5,140.7250133,-33.4839574,Hardcore Bushcamp
Camp 1,140.7028167,-33.4878856,Hardcore Bushcamp
Camp 4,140.7155398,-33.4927621,Hardcore Bushcamp
Camp 3,140.7124267,-33.4953079,Hardcore Bushcamp
Kennedy Bend Campsite,144.3118387,-15.1123043,Hardcore Bushcamp
Old Faithful Waterhole,144.3336767,-15.065952,Hardcore Bushcamp
#30,113.7669343,-23.5103294,Hardcore Bushcamp
Ben Ewa Moreton Bay Escapes Campsite,153.3680481,-27.1488202,Hardcore Bushcamp
Blue Lagoon Sunrover Campsite,153.4436972,-27.0934161,Hardcore Bushcamp
Sunrover Dilli Village Campsite,153.0922586,-25.5990384,Hardcore Bushcamp
Sunrover Dundubara Campsite,153.2837088,-25.1666299,Hardcore Bushcamp
Leichhardt Creek Organic Farm,145.15788,-16.564754,Hardcore Bushcamp
Wallaby Gap,133.795172,-23.6682758,Hardcore Bushcamp
Andersons Garden,145.1076185,-37.3532973,Hardcore Bushcamp
Off the Road Banana Loop Bush Camp,135.1680029,-29.9669875,Hardcore Bushcamp
Bullocks Hill Horse Camp / Campground,148.5180997,-35.7772584,Hardcore Bushcamp
Coorongooba Camping Area,150.3236793,-33.1232262,Hardcore Bushcamp
Diggings Camping Area,149.9531643,-33.1838718,Hardcore Bushcamp
Ghost Gully Camping Ground,148.5918552,-35.6926904,Hardcore Bushcamp
Mt Vincent Camp Centre,149.9064134,-32.9831873,Hardcore Bushcamp
Old Snowy Camp,148.7283727,-35.6996686,Hardcore Bushcamp
Unnamed Campsite,150.2819045,-32.5386068,Hardcore Bushcamp
Unnamed Campsite,149.8932901,-33.1359409,Hardcore Bushcamp
Unnamed Campsite,149.8967359,-33.9374147,Hardcore Bushcamp
Apple Tree Flat Campsite,150.6177831,-33.800173,Hardcore Bushcamp
Bennetts Ridge Campsite,150.6186215,-33.800814,Hardcore Bushcamp
Berrima Scout Camp,150.3318436,-34.4830225,Hardcore Bushcamp
Bristol Point Camping Ground,150.7283395,-35.1378881,Hardcore Bushcamp
Bundilla Scout Camp,150.9863509,-33.7869859,Hardcore Bushcamp
Callemondah Guide Camp,151.7557066,-32.5252042,Hardcore Bushcamp
Camp Knox,151.1531811,-33.5224311,Hardcore Bushcamp
Camp Toukley,151.548587,-33.2794966,Hardcore Bushcamp
Camp Wanawong,151.0412352,-34.0376326,Hardcore Bushcamp
Crosslands Youth Camp,151.1078428,-33.6283858,Hardcore Bushcamp
Glengarry State Training Centre,151.1522934,-33.7089001,Hardcore Bushcamp
Glenrock Scout Training Camp,151.7318886,-32.9620591,Hardcore Bushcamp
Ingleside Scout Camp,151.2610099,-33.6740553,Hardcore Bushcamp
Kentlyn Campsite,150.8522251,-34.0680336,Hardcore Bushcamp
Lynchwood Boy Scout Camp,150.9775315,-30.9473712,Hardcore Bushcamp
Mangrove Mountain Retreat,151.1964587,-33.2968106,Hardcore Bushcamp
Minto Bush Camp,150.8840275,-34.0311367,Hardcore Bushcamp
Nioka Campsite,150.6154981,-33.7997786,Hardcore Bushcamp
Redgum Campsite,150.6160406,-33.7991377,Hardcore Bushcamp
River Park Christian Youth Camp,150.6644446,-33.653755,Hardcore Bushcamp
Tara Girl Guides,150.6196928,-33.9274826,Hardcore Bushcamp
Kamilaroi Scout Camp,150.9652295,-29.9403895,Hardcore Bushcamp
Unnamed Campsite,150.4937018,-30.8870033,Hardcore Bushcamp
Unnamed Campsite,151.8106961,-31.5020552,Hardcore Bushcamp
Unnamed Campsite,151.2916282,-31.943769,Hardcore Bushcamp
Unnamed Campsite,151.4236965,-32.317942,Hardcore Bushcamp
Hawkesbury Showground,150.7850845,-33.6079168,Hardcore Bushcamp
Billyrimba Creek Campsite,152.2243372,-29.1723793,Hardcore Bushcamp
Blicks Campsite,152.3850621,-30.250962,Hardcore Bushcamp
Camerons Camp,152.4001787,-31.1979549,Hardcore Bushcamp
Camp Marsh,153.1602384,-28.7307214,Hardcore Bushcamp
Gilgurry Campsite,152.2264563,-28.8084658,Hardcore Bushcamp
Grasstree Campsite,152.2434521,-29.3080114,Hardcore Bushcamp
Gwydir Highway Campsite,152.0332103,-29.6376263,Hardcore Bushcamp
Hungry Gate Camping Area,153.0419048,-31.0794847,Hardcore Bushcamp
Iron Pot Creek Campground,152.7483219,-28.5207656,Hardcore Bushcamp
Jocks Water Campsite,152.3983983,-30.3451096,Hardcore Bushcamp
Neranie Head Campground,152.4525776,-32.4087433,Hardcore Bushcamp
Woorabinda Youth Camp,152.7147812,-31.0083224,Hardcore Bushcamp
Unnamed Campsite,152.1446562,-28.4490243,Hardcore Bushcamp
Unnamed Campsite,153.3661777,-28.620814,Hardcore Bushcamp
Unnamed Campsite,152.1791666,-28.7560862,Hardcore Bushcamp
Unnamed Campsite,152.2634877,-28.850424,Hardcore Bushcamp
Unnamed Campsite,152.1331618,-29.5527981,Hardcore Bushcamp
Unnamed Campsite,152.0628758,-29.6720351,Hardcore Bushcamp
Unnamed Campsite,152.0883109,-29.6779785,Hardcore Bushcamp
Unnamed Campsite,152.0967893,-29.6854396,Hardcore Bushcamp
Unnamed Campsite,152.1926687,-29.7539637,Hardcore Bushcamp
Unnamed Campsite,152.2899357,-29.8338001,Hardcore Bushcamp
Unnamed Campsite,152.2928691,-29.9757398,Hardcore Bushcamp
Unnamed Campsite,152.2930795,-30.1135932,Hardcore Bushcamp
Unnamed Campsite,152.8264574,-30.3422683,Hardcore Bushcamp
George Creek TSR,152.1906696,-30.7523796,Hardcore Bushcamp
Unnamed Campsite,152.1796829,-30.9136426,Hardcore Bushcamp
Unnamed Campsite,152.2092197,-30.9995099,Hardcore Bushcamp
Youdales Hut Campground,152.2549173,-31.0734574,Hardcore Bushcamp
Unnamed Campsite,152.2458525,-31.3757753,Hardcore Bushcamp
Unnamed Campsite,151.8577119,-31.4939103,Hardcore Bushcamp
Unnamed Campsite,152.6751706,-31.6613822,Hardcore Bushcamp
Unnamed Campsite,152.2858628,-32.4547958,Hardcore Bushcamp
Shelly Point,152.3781629,-32.455586,Hardcore Bushcamp
Unnamed Campsite,152.3279709,-32.4851026,Hardcore Bushcamp
Unnamed Campsite,152.3219726,-32.5185197,Hardcore Bushcamp
Bielany,150.8101714,-33.4245268,Hardcore Bushcamp
Camp Yarramundi,150.6801973,-33.6168433,Hardcore Bushcamp
Dalmeny Caravan And Camping Ground,150.1270156,-36.1639101,Hardcore Bushcamp
Dingo Dell Campground,149.9667023,-33.971782,Hardcore Bushcamp
Guides Of NSW Glengarry Camp,151.1523163,-33.7091615,Hardcore Bushcamp
Lagoon Point Conference And Camping Area,150.4367459,-35.4074928,Hardcore Bushcamp
Saltwater Reserve,152.5625125,-32.0083965,Hardcore Bushcamp
Shoalhaven Zoo Camping Reserve,150.5674134,-34.8718705,Hardcore Bushcamp
Barraba Showground,150.5982468,-30.3857301,Hardcore Bushcamp
Temporary Camping Only - Country Music Festival,150.8453434,-30.9318449,Hardcore Bushcamp
Unnamed Campsite,148.0399837,-34.6421874,Hardcore Bushcamp
Unnamed Campsite,146.970644,-36.048314,Hardcore Bushcamp
Bathurst Showgrounds Camping Area,149.5900656,-33.4175421,Hardcore Bushcamp
Billy Grace Reserve,148.6815124,-35.1387911,Hardcore Bushcamp
Chaffey Dam Camping Reserve,151.134401,-31.358846,Hardcore Bushcamp
Wattle Flat Heritage Lands Northern Section Camping Area,149.6866569,-33.1362118,Hardcore Bushcamp
Lanikai Camping Ground,152.4304994,-28.7689094,Hardcore Bushcamp
Maca s Camping Ground,153.4113369,-28.4948804,Hardcore Bushcamp
Teamsters Rest Campsite,151.0865104,-31.5190459,Hardcore Bushcamp
The Grove,150.942068,-33.3610354,Hardcore Bushcamp
The Rock Recreational Grounds,147.11209,-35.264768,Hardcore Bushcamp
Unnamed Campsite,149.2297777,-35.3559882,Hardcore Bushcamp
Pleasant Hills Campground,146.8021451,-35.4624011,Hardcore Bushcamp
Unnamed Campsite,144.963904,-35.522999,Hardcore Bushcamp
Unnamed Campsite,146.9704387,-36.0519873,Hardcore Bushcamp
Austin Caravan Park,150.9603504,-31.1141769,Commercial / Resort
Aloomba Lavender,152.0972327,-28.6185016,Commercial / Resort
Burrellea Caravan Park - Closed,153.2212772,-28.4861782,Commercial / Resort
Hidden Valley Tea Gardens Camping,152.9779652,-28.3800878,Hardcore Bushcamp
Sommerville Valley Tourist Park,151.9994047,-28.7119109,Commercial / Resort
Tamworth North Holiday Park,150.9829969,-31.1238149,Commercial / Resort
Sandy Creek Camp,150.3819648,-34.6708923,Hardcore Bushcamp
Unnamed Campsite,133.872942,-23.7923481,Hardcore Bushcamp
The Oaks,153.0731183,-25.8272221,Hardcore Bushcamp
Horizons Kangaroo Sanctuary,151.8816733,-24.2046389,Hardcore Bushcamp
Pender Bay Escape,122.61075,-16.775475,Hardcore Bushcamp
Pacific Palms Caravan Park,152.5343747,-32.3315152,Commercial / Resort
Embalgun - Smithy's Seaside Adventures,122.62777,-16.800154,Hardcore Bushcamp
long river,143.0334388,-22.4179586,Hardcore Bushcamp
Unnamed Campsite,148.9225492,-37.7800831,Hardcore Bushcamp
Lake Boga Campsite,143.6604045,-35.4406626,Hardcore Bushcamp
Kulin Caravan Park,118.1583328,-32.6669968,Commercial / Resort
Junee Tourist Park,147.5762218,-34.8596457,Commercial / Resort
Jaurdi Homestead,120.1620712,-30.8164847,Hardcore Bushcamp
Reflections Byron Bay - Holiday Park,153.6244885,-28.6426989,Hardcore Bushcamp
Freshwater Lake Campground,142.3187149,-37.5859568,Hardcore Bushcamp
Unnamed Campsite,123.0509401,-16.4571573,Hardcore Bushcamp
Theresa Creek Dam Campground,147.5528114,-22.9702902,Hardcore Bushcamp
Cape River Rest Area,146.4189878,-20.9871605,Hardcore Bushcamp
Botanic Gardens Free Campsite,148.1663754,-23.5306077,Hardcore Bushcamp
Mackenzie Park / Duaringa Rest Area,149.6725076,-23.7212252,Hardcore Bushcamp
Lake Awoonga Caravan Park,151.3033131,-24.0712748,Hardcore Bushcamp
Platypus Bushcamp,148.636279,-21.0842657,Hardcore Bushcamp
Bingara Riverside Camp,150.5764415,-29.8610541,Hardcore Bushcamp
Pandanus Camp Site,145.4633757,-16.4945977,Hardcore Bushcamp
Pandanus Tourist Park,145.4635069,-16.4947058,Commercial / Resort
Eidsvold Showground,151.12679,-25.373528,Commercial / Resort
Camping St Helen,148.7799673,-20.9043459,Hardcore Bushcamp
Rumpff Flat Camp Site,146.4922338,-37.507751,Hardcore Bushcamp
Unnamed Campsite,144.1435783,-37.7408401,Hardcore Bushcamp
Rover Park Kiosk,152.2825404,-28.8684193,Hardcore Bushcamp
Rover Park Camp Area,152.2792139,-28.8627116,Hardcore Bushcamp
Unnamed Campsite,133.1329639,-14.9223505,Commercial / Resort
Unnamed Campsite,151.376314,-23.9554869,Hardcore Bushcamp
Willandra Campground,145.118407,-33.1940782,Hardcore Bushcamp
Cosy Corner,117.6432718,-35.0671946,Hardcore Bushcamp
14 Mile Campsite,113.7907559,-23.279719,Hardcore Bushcamp
Warroora Station-Ridge Campsite,113.7939609,-23.288008,Hardcore Bushcamp
Edithana Pool,116.48548,-24.118886,Hardcore Bushcamp
Samson Beach Caravan Park,117.196832,-20.6312842,Commercial / Resort
Hillocks Ocean Pods,137.1157254,-35.2369289,Hardcore Bushcamp
Tressie's Museum & Caravan Park,118.7116293,-32.4955786,Commercial / Resort
Gravel Storage Campground,115.36933,-30.942774,Hardcore Bushcamp
Binningup Caravan Park,115.68978,-33.14593,Hardcore Bushcamp
Unnamed Campsite,147.1428108,-37.2893813,Hardcore Bushcamp
Scotts Bay Campsite,132.3867494,-32.0051149,Hardcore Bushcamp
Cliff Head Campsite,114.9950341,-29.5205084,Hardcore Bushcamp
Cliff Head South s/c,114.9902831,-29.5291698,Hardcore Bushcamp
Geraldton Self Contained Free Camp 24hr Limit,114.60311,-28.7760843,Commercial / Resort
Lake Benanee Rest Area,142.8772774,-34.5206863,Hardcore Bushcamp
free caravan park,147.8837042,-34.4943221,Commercial / Resort
Panorama Camping,117.8864366,-35.0783703,Hardcore Bushcamp
Stony Creek #2,142.4806168,-37.1786461,Hardcore Bushcamp
Stony Creek Group Campground,142.4848,-37.1800162,Hardcore Bushcamp
Comet Flat Reserve,146.2671878,-37.5780394,Hardcore Bushcamp
The Bluff,152.5265061,-31.2418246,Hardcore Bushcamp
Camping Port Campbell Recreation Reserve,143.0026911,-38.6175716,Hardcore Bushcamp
Newstead Racecourse Reserve,144.0561859,-37.1178103,Commercial / Resort
Larni Barramal Yaluk Camp,144.0899616,-37.1595441,Hardcore Bushcamp
Unnamed Campsite,115.2356356,-34.089996,Hardcore Bushcamp
Unnamed Campsite,115.2616579,-34.0834395,Hardcore Bushcamp
Bronte Park Village Caravan Park,146.4939169,-42.1345622,Commercial / Resort
Unnamed Campsite,146.9682189,-37.3471769,Hardcore Bushcamp
Unnamed Campsite,146.9666739,-37.3446523,Hardcore Bushcamp
Unnamed Campsite,146.968589,-37.3497868,Hardcore Bushcamp
Beedelup Campsite,115.8768541,-34.4116643,Hardcore Bushcamp
Beraking Campsite,116.2963813,-32.06187,Hardcore Bushcamp
Blackwood Campsite,115.9654645,-33.8768815,Hardcore Bushcamp
Brookton Campsite,116.2987822,-32.1865121,Hardcore Bushcamp
Canning Campsite,116.2548639,-32.241734,Hardcore Bushcamp
Chadoora Campsite,116.2384005,-32.7588313,Hardcore Bushcamp
Dog Pool Campsite,116.3761285,-34.7635651,Hardcore Bushcamp
Dookanelly Campsite,116.2152103,-32.9575693,Hardcore Bushcamp
Frankland River Campsite,116.8115644,-34.9499416,Hardcore Bushcamp
Gardner Campsite,116.179869,-34.7203462,Hardcore Bushcamp
Ginger Creek Campsite,116.4443141,-32.568435,Hardcore Bushcamp
Gregory Brook Campsite,115.9384437,-33.9822193,Hardcore Bushcamp
Grimwade Campsite,116.0256503,-33.656738,Hardcore Bushcamp
Harris Dam Campsite,116.1610184,-33.2440344,Hardcore Bushcamp
Hewett's Hill Campsite,116.1289645,-31.9584397,Hardcore Bushcamp
Sandpatch Campsite,117.8188564,-35.0738962,Hardcore Bushcamp
Lake Maringup Campsite,116.1921588,-34.8298825,Hardcore Bushcamp
Long Point Campsite,116.5792494,-35.0216056,Hardcore Bushcamp
Monadnocks Campsite,116.2389249,-32.3294299,Hardcore Bushcamp
Mount Chance Campsite,116.5137247,-34.8328273,Hardcore Bushcamp
Mount Cooke Campsite,116.2947277,-32.4024585,Hardcore Bushcamp
Mount Dale Campsite,116.2992256,-32.13489,Hardcore Bushcamp
Mount Wells Campsite,116.3362478,-32.6989987,Hardcore Bushcamp
Murray Campsite,116.1386497,-32.8679975,Hardcore Bushcamp
Nerang Campsite,116.3769928,-32.4617289,Hardcore Bushcamp
Noggerup Campsite,116.0987141,-33.5649473,Hardcore Bushcamp
Nullaki Campsite,117.4550186,-35.0391553,Hardcore Bushcamp
Possum Springs Campsite,116.29524,-33.0620295,Hardcore Bushcamp
Rame Head Campsite,116.8607117,-35.045679,Hardcore Bushcamp
Schafer Campsite,116.1759196,-34.554785,Hardcore Bushcamp
Swamp Oak Campsite,116.1176433,-32.7812734,Hardcore Bushcamp
Torbay Campsite,117.6467969,-35.0791154,Hardcore Bushcamp
Waalegh Campsite,116.2568536,-32.0141869,Hardcore Bushcamp
Warren Campsite,116.0976299,-34.5089292,Hardcore Bushcamp
West Cape Howe Campsite,117.5576225,-35.082624,Hardcore Bushcamp
White Horse Campsite,116.3359579,-32.609075,Hardcore Bushcamp
Woolbales Campsite,116.5658895,-34.9443443,Hardcore Bushcamp
Yabberup Campsite,116.0776859,-33.4636624,Hardcore Bushcamp
Yourdamung Campsite,116.2663527,-33.1881694,Hardcore Bushcamp
Deua River Camping Area,149.9162518,-35.7485646,Hardcore Bushcamp
Dry Creek Camping Area,149.9240918,-35.7593153,Hardcore Bushcamp
Britannia Ridge Caravan Park,145.6455502,-37.7921646,Commercial / Resort
Drummonds Campground,116.2290188,-31.6057726,Hardcore Bushcamp
Mount Mulligan Station,144.8744936,-16.8556169,Hardcore Bushcamp
Ben Smith Campsite,148.2810991,-35.5840708,Hardcore Bushcamp
Free Camp,137.6558056,-32.557079,Hardcore Bushcamp
Wongan Hills Caravan Park,116.7150526,-30.88849,Hardcore Bushcamp
Kwolyin Camp,117.7591921,-31.9314618,Hardcore Bushcamp
Browns Creek Campsite,148.2415566,-35.4512452,Hardcore Bushcamp
Burra Creek Gorge - Worlds End Reserve (Mid),139.0499228,-33.8335195,Hardcore Bushcamp
Unnamed Campsite,149.3682418,-37.2861768,Hardcore Bushcamp
Toapin Weir Rest Stop,117.360777,-31.9797466,Hardcore Bushcamp
Free camp,133.6778198,-27.3881528,Hardcore Bushcamp
Unnamed Campsite,151.3575384,-33.3124471,Hardcore Bushcamp
Hastings Point Holiday Park,153.5749788,-28.3609183,Commercial / Resort
House Creek Bridge 24hr Stopping,116.0386385,-22.4646722,Hardcore Bushcamp
Lankeys Creek Campsite,147.647787,-35.8115707,Hardcore Bushcamp
Tin Mines Campsite,147.4770751,-35.8595307,Hardcore Bushcamp
Mannus Campsite,147.9411643,-35.7784653,Hardcore Bushcamp
Mundaroo Campsite,147.8480407,-35.8186874,Hardcore Bushcamp
Junction Campsite,148.0945914,-35.7874472,Hardcore Bushcamp
Unnamed Campsite,150.1374065,-33.295259,Hardcore Bushcamp
Unnamed Campsite,150.1923416,-33.3280844,Hardcore Bushcamp
Tanner's Road,144.0775501,-38.3303477,Hardcore Bushcamp
Hawkesdale Campsite,142.3212522,-38.1042458,Hardcore Bushcamp
Barrabup Camp site,115.6934607,-33.9439552,Hardcore Bushcamp
Shallow Inlet Caravan Park,146.1718593,-38.8189157,Commercial / Resort
Touch the Earth,150.9781035,-33.2076747,Hardcore Bushcamp
Karara Recreation Grounds,151.5635356,-28.2041765,Hardcore Bushcamp
Unnamed Campsite,146.8283803,-37.2036503,Hardcore Bushcamp
Port Smith,121.8164105,-18.5201367,Hardcore Bushcamp
Nullarbor - Great Australian Bight,130.7546721,-31.606184,Hardcore Bushcamp
Wudinna Gawler Ranges Motel & Caravan Park,135.4670996,-33.0558912,Commercial / Resort
Unnamed Campsite,123.5924854,-32.4540872,Hardcore Bushcamp
Gibson Soak,121.8135176,-33.6512232,Hardcore Bushcamp
Lake Jasper,115.6926854,-34.4206747,Hardcore Bushcamp
Honeymoon Bay,126.6804471,-14.1033869,Hardcore Bushcamp
McGowan Island,126.6491404,-14.1452077,Hardcore Bushcamp
Jurgensons Point Campsite,147.3698108,-37.6324769,Hardcore Bushcamp
Slalom Rapids Campsite,147.3388734,-37.6023091,Hardcore Bushcamp
Snottygobble Loop,115.7980133,-34.4344539,Hardcore Bushcamp
Gagaju,153.0244831,-26.3249298,Hardcore Bushcamp
Barry's Spot,113.6880569,-22.6668672,Hardcore Bushcamp
Alkoomi Adventure Farm,150.6941977,-23.6953954,Hardcore Bushcamp
14 Platypus Camp,146.6431584,-37.5124551,Hardcore Bushcamp
The Palms,152.8770785,-25.2869049,Hardcore Bushcamp
Elbenjo,114.4859046,-28.2658645,Hardcore Bushcamp
Unnamed Campsite,117.842259,-22.7326615,Hardcore Bushcamp
Unnamed Campsite,148.163767,-37.4948079,Hardcore Bushcamp
Unnamed Campsite,148.1635149,-37.4940545,Hardcore Bushcamp
Unnamed Campsite,148.1632952,-37.4935183,Hardcore Bushcamp
Hugh Muntz Campground,153.2093871,-27.7174278,Hardcore Bushcamp
Unnamed Campsite,150.2977052,-33.7637658,Hardcore Bushcamp
Unnamed Campsite,150.2907409,-33.7598925,Hardcore Bushcamp
Unnamed Campsite,150.2914597,-33.7583087,Hardcore Bushcamp
Miners Campsite,150.2899952,-33.7558167,Hardcore Bushcamp
Unnamed Campsite,146.1984704,-37.9719041,Hardcore Bushcamp
Unnamed Campsite,146.1964078,-38.0069109,Hardcore Bushcamp
Unnamed Campsite,150.6059584,-35.0182595,Hardcore Bushcamp
Mount Werong Campground,149.9271111,-34.0797343,Hardcore Bushcamp
Devil’s Peak B&B Bush Camp,137.9705312,-32.4218468,Hardcore Bushcamp
Unnamed Campsite,135.8911323,-34.7455515,Commercial / Resort
Unnamed Campsite,152.7866849,-29.9079199,Hardcore Bushcamp
Federal Mill camping area (walk-in camping),145.8549753,-37.8255793,Hardcore Bushcamp
Nambung Station Stay,115.222751,-30.5751794,Hardcore Bushcamp
Headrace Flat Camping Ground,146.9309091,-36.9471314,Hardcore Bushcamp
Birdcage Rest Area,145.7034067,-34.5242119,Hardcore Bushcamp
Woorlba East Rest Area,124.4718517,-32.3942776,Hardcore Bushcamp
Unnamed Campsite,124.9456213,-32.3409853,Hardcore Bushcamp
Mt Gould,117.3132203,-25.8034309,Commercial / Resort
North Bank,132.2519927,-14.4721374,Hardcore Bushcamp
Rest area,150.8318824,-34.6353715,Hardcore Bushcamp
Camping Free,148.083734,-37.8572797,Hardcore Bushcamp
Bush Camping,134.5894827,-23.3702914,Hardcore Bushcamp
Longhill Camp,138.0716529,-32.7556465,Hardcore Bushcamp
Lucky Bay,114.1656731,-28.050517,Hardcore Bushcamp
Wongawol Creek,121.94248,-26.2502,Hardcore Bushcamp
Mingol Camp,122.35774,-25.909923,Hardcore Bushcamp
Wild Dog Creek Falls Camp,146.0714195,-36.8642747,Hardcore Bushcamp
Bakers Flat Camping Area,149.9274809,-35.7475974,Hardcore Bushcamp
May's Bend,146.0239952,-30.0396551,Hardcore Bushcamp
Bouldercombe Lions Freecamp,150.4683514,-23.5714205,Hardcore Bushcamp
Unnamed Campsite,153.0091723,-27.7832453,Hardcore Bushcamp
Pallamallawa Fishing Club Memorial Park,150.136292,-29.477179,Hardcore Bushcamp
Unnamed Campsite,141.9854443,-34.1115985,Hardcore Bushcamp
Hamley Bridge Sport and Community Grounds RV Friendly,138.6807613,-34.3537012,Hardcore Bushcamp
Wongulla Campground,139.5729799,-34.701324,Hardcore Bushcamp
Kingfisher Flat Dam,138.0663109,-32.7781773,Hardcore Bushcamp
Burdekin Duck Roadhouse,146.4147525,-20.0072084,Commercial / Resort
Unnamed Campsite,146.7528981,-37.3994784,Hardcore Bushcamp
Stringbark Lodge,145.5566825,-37.932042,Hardcore Bushcamp
stawell grampians gate caravan park,142.7644008,-37.0670428,Commercial / Resort
Unnamed Campsite,150.3471105,-33.7898389,Hardcore Bushcamp
The Steps Barrington Campground,151.8382983,-32.0323465,Hardcore Bushcamp
Unnamed Campsite,141.4598673,-37.9446138,Hardcore Bushcamp
Unnamed Campsite,140.9779388,-37.8763994,Hardcore Bushcamp
Clarence Camp,150.1809148,-33.3825838,Hardcore Bushcamp
tunnel track,150.1912138,-32.4391402,Hardcore Bushcamp
Unnamed Campsite,115.0008934,-33.9132146,Hardcore Bushcamp
Lake Becking Camping Area,141.7154102,-35.0391144,Hardcore Bushcamp
Unnamed Campsite,141.8331906,-34.9588969,Hardcore Bushcamp
Unnamed Campsite,141.704898,-34.909753,Hardcore Bushcamp
Blencoe Falls camping area,145.5382304,-18.2069105,Hardcore Bushcamp
Glenrowan Caravan and Tourist Park,146.2331293,-36.4513226,Commercial / Resort
Koombooloomba Bush Camping Area,145.5962054,-17.8404269,Hardcore Bushcamp
Koombooloomba Campground,145.5963275,-17.8377619,Hardcore Bushcamp
Dunalley Campsite,147.8145029,-42.886938,Hardcore Bushcamp
Goldsborough Valley Camping Area,145.7736382,-17.2363666,Hardcore Bushcamp
Unnamed Campsite,152.9682334,-31.2621471,Hardcore Bushcamp
free camping,148.7432248,-21.1583543,Hardcore Bushcamp
Birds on Barron,145.420713,-16.9246547,Hardcore Bushcamp
Lake Clarendon Picnic Area,152.3588236,-27.515651,Hardcore Bushcamp
Genazzano Retreat and Conference Centre,145.6129436,-17.2011754,Commercial / Resort
Unnamed Campsite,145.4609043,-16.0947316,Hardcore Bushcamp
Jarlarloo Riwi Campsite,126.043565,-18.7272743,Hardcore Bushcamp
Unnamed Campsite,141.6070691,-38.3547622,Hardcore Bushcamp
Hopetoun RV Parking s/c,120.1315185,-33.946582,Hardcore Bushcamp
Unnamed Campsite,140.0577249,-35.8876608,Hardcore Bushcamp
Chaffcutters Spring,114.9386454,-24.7732773,Hardcore Bushcamp
Queenstown Cabin & Tourist Park,145.5449981,-42.0889544,Hardcore Bushcamp
Unnamed Campsite,149.3622135,-21.7109861,Hardcore Bushcamp
Cheery Nomad RV Park & Farmstay,152.7075171,-25.4943378,Commercial / Resort
Billinudgel Hotel,153.5265681,-28.5035383,Hardcore Bushcamp
Graeme Claxton Reserve,139.7604287,-34.0264722,Hardcore Bushcamp
Dawson River Tourist Park,152.5054981,-31.8930744,Hardcore Bushcamp
Munglinup Beach Holiday Park,120.7973927,-33.8630201,Commercial / Resort
Mt Binga Outdoord Centre,151.9813764,-27.008084,Hardcore Bushcamp
Palmer Cricket Ground Camping,139.1621368,-34.8544762,Hardcore Bushcamp
Unnamed Campsite,137.9058785,-34.0397309,Hardcore Bushcamp
Unnamed Campsite,138.67772,-35.525062,Hardcore Bushcamp
Unnamed Campsite,137.4888529,-34.4940493,Hardcore Bushcamp
Kwark Gap,148.738753,-37.5442222,Hardcore Bushcamp
Lake Benaroon,153.0501697,-25.5156625,Hardcore Bushcamp
Banksia Campsite,136.7878908,-36.0253449,Hardcore Bushcamp
Millaa Millaa Caravan Park,145.6061229,-17.5172213,Commercial / Resort
Gravel Pit,131.1968586,-15.5976867,Hardcore Bushcamp
Lake Lechenaultia,116.2543811,-31.8508203,Hardcore Bushcamp
Kershaw Gardens Free Campground,150.519077,-23.3581281,Hardcore Bushcamp
Whitehaven Beach,149.0561815,-20.2957516,Hardcore Bushcamp
Chance Bay,149.0417703,-20.3025789,Hardcore Bushcamp
Dunk Island Camping,146.1374189,-17.9360661,Hardcore Bushcamp
Riverside camping,143.705307,-35.3892479,Hardcore Bushcamp
Sandbar,145.3430045,-36.2785469,Hardcore Bushcamp
Unnamed Campsite,150.3055175,-33.7776099,Hardcore Bushcamp
Free camping,118.0684323,-22.6027744,Hardcore Bushcamp
Unnamed Campsite,150.062362,-33.489251,Hardcore Bushcamp
Dex Creek Bush Camping Area,150.1884539,-33.9335914,Hardcore Bushcamp
Catholic Bushwalkers Campsite at New Yards,150.2950603,-33.9316921,Hardcore Bushcamp
Unnamed Campsite,141.3980267,-37.5814227,Hardcore Bushcamp
Upper Howqua Camping Area,146.5627257,-37.1736288,Hardcore Bushcamp
Unnamed Campsite,146.6359434,-37.1626635,Hardcore Bushcamp
Dry River Camping Area,146.8110907,-37.1871769,Hardcore Bushcamp
Unnamed Campsite,144.7343426,-36.1465471,Hardcore Bushcamp
Parolas Bend Campground,146.2024093,-36.0670165,Hardcore Bushcamp
Diamantina Horse Yards,147.1700635,-36.9113198,Hardcore Bushcamp
JB Plain Camp,147.2208112,-37.0229574,Hardcore Bushcamp
Camp Wilkin School Groups,144.1765161,-38.4081128,Hardcore Bushcamp
Gulf Campsite,146.5381971,-38.7304433,Hardcore Bushcamp
Swashway Campsite,146.5039465,-38.7225482,Hardcore Bushcamp
Tozer's Bush Camp,119.2024578,-34.343347,Hardcore Bushcamp
Swansea Backpackers Lodge Camping,148.0679578,-42.1209739,Hardcore Bushcamp
Seal Cove,115.5458087,-34.4167612,Hardcore Bushcamp
Humpback Hollow,115.5493041,-34.4157318,Hardcore Bushcamp
Dengas Beach Camping,115.0039592,-30.1711231,Hardcore Bushcamp
Unnamed Campsite,115.0012336,-30.1748479,Hardcore Bushcamp
Unnamed Campsite,115.0057181,-30.1602892,Hardcore Bushcamp
Apsley Waterhole Campground,148.187961,-41.8632879,Hardcore Bushcamp
Pyengana rec ground campsite,148.0021442,-41.2938283,Hardcore Bushcamp
Paton's Clearing Camp Area,150.4150548,-34.6143244,Hardcore Bushcamp
Copper Tom Camp,148.6300773,-36.4265663,Hardcore Bushcamp
Unnamed Campsite,150.449803,-33.6972279,Hardcore Bushcamp
Unnamed Campsite,152.2049423,-32.4140653,Hardcore Bushcamp
South Cape Bay Campsite,146.8171746,-43.6056583,Hardcore Bushcamp
Lake Ninan,116.6558472,-30.9522969,Hardcore Bushcamp
Kinkuna Beach Camping Area- Southern Boundary,152.5359226,-25.0544098,Hardcore Bushcamp
Unnamed Campsite,152.9395857,-29.6654205,Commercial / Resort
Twenty Five Mile Creek Camp Site,147.1387948,-37.2492771,Hardcore Bushcamp
Charlie's Flat Campground,116.1056295,-32.7814715,Hardcore Bushcamp
Tony's Bend Campground,116.1065572,-32.7948326,Hardcore Bushcamp
Nanga Mill Campground,116.1053771,-32.8012719,Hardcore Bushcamp
Unnamed Campsite,142.5319442,-37.1162908,Hardcore Bushcamp
Avondale Gardens Campsite,147.5246578,-36.2391956,Hardcore Bushcamp
Unnamed Campsite,147.0239517,-36.757694,Hardcore Bushcamp
The Jam Patch - North Lake Grace,118.5008252,-32.9560006,Hardcore Bushcamp
Clinton Rocks,149.1989686,-37.777017,Hardcore Bushcamp
Eldee Campspot,147.6552208,-42.8557621,Hardcore Bushcamp
Eaglehawk Dive Center,147.9382039,-43.0022496,Hardcore Bushcamp
Crystal Spring Campground,116.6057813,-34.9838469,Hardcore Bushcamp
Unnamed Campsite,140.912762,-21.83514,Hardcore Bushcamp
Unnamed Campsite,140.9135949,-21.8351505,Hardcore Bushcamp
Archer Campsite,153.2253437,-27.6058837,Hardcore Bushcamp
Merino Showgrounds,141.5458167,-37.7109773,Hardcore Bushcamp
Ben Lomond Campground,147.6138908,-41.5023311,Hardcore Bushcamp
Unnamed Campsite,146.7686854,-37.2775284,Hardcore Bushcamp
The Wrecks camping area,153.3702755,-27.1624516,Hardcore Bushcamp
Ben Ewa camping area,153.3682011,-27.1528272,Hardcore Bushcamp
Comboyoro Point camping area,153.3658895,-27.0710028,Hardcore Bushcamp
North Point camping area,153.4507342,-27.0268549,Hardcore Bushcamp
Camp Barrabadeen,145.5537553,-17.1594667,Hardcore Bushcamp
Canowindra Showground,148.6701698,-33.5531681,Commercial / Resort
Unnamed Campsite,140.662175,-38.0590271,Hardcore Bushcamp
Macarthur Recreation Reserve,142.0071495,-38.0370201,Hardcore Bushcamp
Mirrool Sunshine Park,147.0884958,-34.307572,Commercial / Resort
Unnamed Campsite,141.0074972,-38.0492915,Hardcore Bushcamp
Wandoan Recreational Reserve,149.9842565,-26.1140032,Commercial / Resort
Unnamed Campsite,147.8882553,-41.4749114,Hardcore Bushcamp
Red Banks Campground,135.6222887,-34.919647,Hardcore Bushcamp
Unnamed Campsite,135.4582927,-34.4626071,Hardcore Bushcamp
Unnamed Campsite,135.8544718,-34.7041328,Hardcore Bushcamp
Cronomby Campground,142.6635066,-35.6863417,Hardcore Bushcamp
48 Hours Stopping - S/C,121.621376,-31.207261,Hardcore Bushcamp
Unnamed Campsite,145.9226624,-36.4106088,Hardcore Bushcamp
Hervey Bay Caravan Park,152.8887484,-25.2899779,Hardcore Bushcamp
Wattle Camp,124.4465107,-32.9279949,Hardcore Bushcamp
St Mary Inlet Campground,119.576633,-34.164588,Hardcore Bushcamp
Fitzgerald Inlet,119.6255726,-34.0977707,Hardcore Bushcamp
Nimbin Caravan Park,153.2250175,-28.595813,Commercial / Resort
Wattle Rock,119.5833975,-32.2631122,Hardcore Bushcamp
Unnamed Campsite,120.045703,-31.9686059,Hardcore Bushcamp
Unnamed Campsite,120.1878628,-31.8773481,Hardcore Bushcamp
Unnamed Campsite,120.2125955,-31.8651025,Hardcore Bushcamp
Centenary Rocks,120.2834487,-31.8213138,Hardcore Bushcamp
Explorer Frank Hann's Cat Camp 1901,120.2979836,-31.811707,Hardcore Bushcamp
Unnamed Campsite,120.3055716,-31.8055664,Hardcore Bushcamp
Unnamed Campsite,120.3238427,-31.7970568,Hardcore Bushcamp
Unnamed Campsite,120.3447533,-31.7829218,Hardcore Bushcamp
Unnamed Campsite,120.3436589,-31.7809998,Hardcore Bushcamp
Camping,120.449979,-31.684382,Hardcore Bushcamp
Good Campsite,120.533857,-31.6263752,Hardcore Bushcamp
Unnamed Campsite,116.3592991,-34.9274975,Hardcore Bushcamp
Fish Creek,116.3225904,-34.909595,Hardcore Bushcamp
Broken Creek Bush Camp,145.9018497,-36.4496876,Hardcore Bushcamp
Alternate,117.5032479,-29.3934631,Hardcore Bushcamp
Wardagger Hill 4wd only,117.5057262,-29.3881441,Hardcore Bushcamp
Breakaways,117.4871063,-29.4149792,Hardcore Bushcamp
Coonigal Well,117.3499642,-29.4658944,Hardcore Bushcamp
Moores Hut,116.231634,-34.8565927,Hardcore Bushcamp
Coodamurrup Beach,116.2167156,-34.8657131,Hardcore Bushcamp
Unnamed Campsite,115.8485556,-34.5716909,Hardcore Bushcamp
Unnamed Campsite,115.8205962,-34.6010311,Hardcore Bushcamp
Red Gum Campground,150.1512469,-35.6694488,Hardcore Bushcamp
McLoughlins,146.8937854,-38.611914,Hardcore Bushcamp
Skipton Campground,143.3694094,-37.683451,Hardcore Bushcamp
District Council of Grant Free Camping Site,140.835048,-38.0400185,Hardcore Bushcamp
The Willows Public Recreation Reserve,146.3908298,-36.0075232,Hardcore Bushcamp
Peppermint Grove,119.4961131,-34.3837413,Hardcore Bushcamp
Unnamed Campsite,146.7452547,-37.4251147,Hardcore Bushcamp
Skippy Rock,121.0384342,-33.8588141,Hardcore Bushcamp
Unnamed Campsite,138.0252137,-33.1862048,Commercial / Resort
Unnamed Campsite,134.5102712,-14.7141934,Hardcore Bushcamp
Alford Recreation Park,137.8220274,-33.8171251,Hardcore Bushcamp
Unnamed Campsite,138.1613074,-33.9268242,Hardcore Bushcamp
Lawrie Park Camping,138.1114039,-33.1292259,Hardcore Bushcamp
Unnamed Campsite,135.4207849,-34.5339506,Hardcore Bushcamp
Unnamed Campsite,116.7702233,-31.8876388,Hardcore Bushcamp
Murrumbidgee River Bridge Carrathool,145.4172832,-34.448434,Hardcore Bushcamp
Maclean Showgrounds,153.1977779,-29.4646827,Hardcore Bushcamp
Unnamed Campsite,152.3812825,-31.8710926,Hardcore Bushcamp
Unnamed Campsite,145.5322859,-33.4716113,Hardcore Bushcamp
Tungamah Lions Park,145.8785166,-36.1670605,Hardcore Bushcamp
Unnamed Campsite,148.1365102,-36.5307476,Hardcore Bushcamp
Geehi Horse Camp,148.18168,-36.4058631,Hardcore Bushcamp
Spalding Cove,135.9615314,-34.7844134,Hardcore Bushcamp
Unnamed Campsite,150.1410645,-34.052547,Hardcore Bushcamp
Unnamed Campsite,150.141546,-34.053393,Hardcore Bushcamp
Pond Creek campsite,148.881222,-35.6254136,Hardcore Bushcamp
Albert Theaker Park Rest Area,152.671342,-27.6937371,Hardcore Bushcamp
Buoy Creek camp site,146.2734814,-43.4979819,Hardcore Bushcamp
Front Campsite,151.383614,-26.0274156,Hardcore Bushcamp
Unnamed Campsite,134.893393,-33.652331,Hardcore Bushcamp
Unnamed Campsite,135.2677879,-34.1726803,Hardcore Bushcamp
Unnamed Campsite,135.2704297,-34.1270334,Hardcore Bushcamp
Dashville,151.3002162,-32.622996,Hardcore Bushcamp
Clements Gap Old School 1892,138.083745,-33.4957317,Hardcore Bushcamp
Hell Hole Gorge campsite,144.183008,-25.557075,Hardcore Bushcamp
Unnamed Campsite,148.2964966,-36.1145575,Hardcore Bushcamp
Monks Tank Campground,144.7047096,-24.7934601,Hardcore Bushcamp
Unnamed Campsite,152.3200798,-32.2192945,Commercial / Resort
Millaa,145.6060625,-17.5172199,Hardcore Bushcamp
Unnamed Campsite,152.0135917,-24.5171018,Hardcore Bushcamp
Unnamed Campsite,152.00164,-24.5049591,Hardcore Bushcamp
Unnamed Campsite,151.9731502,-24.5173141,Hardcore Bushcamp
Free Campsite with fireplace,151.8872546,-32.6148653,Hardcore Bushcamp
Boatharbour Road,118.8043955,-34.51147,Hardcore Bushcamp
Gum Bend Lake,147.0996884,-33.0799071,Hardcore Bushcamp
Kalpowar Forest Camping,151.3280169,-24.6720659,Hardcore Bushcamp
Nimbn Showground;Nimbin Showgrounds,153.227079,-28.599733,Hardcore Bushcamp
Unnamed Campsite,147.5918623,-34.8721314,Hardcore Bushcamp
The Gums Rest Area,136.4200168,-33.1422078,Hardcore Bushcamp
Halligan Bay Campground,136.9380009,-28.7644923,Hardcore Bushcamp
8th Gorge Campsite,132.514676,-14.3172292,Hardcore Bushcamp
Unnamed Campsite,138.546923,-35.2150102,Commercial / Resort
Northcliffe Bushcamp (ex Sids Campground),116.1397619,-34.6647103,Hardcore Bushcamp
Bottle Bay,113.4923154,-25.5435305,Hardcore Bushcamp
Bottle Bay,113.4912908,-25.5446437,Hardcore Bushcamp
Hosanna Farmstay,153.4099765,-28.4006207,Hardcore Bushcamp
3 Wishes Farm,153.231414,-28.4763433,Hardcore Bushcamp
Larapinta Walkers Campsite,133.7172081,-23.6802675,Hardcore Bushcamp
Unnamed Campsite,133.4092519,-23.7080129,Hardcore Bushcamp
Unnamed Campsite,133.3920491,-23.7106966,Hardcore Bushcamp
Unnamed Campsite,133.3929745,-23.7102673,Hardcore Bushcamp
Section 4/5 Junction,133.3482565,-23.7180105,Hardcore Bushcamp
Unnamed Campsite,133.3889952,-23.71613,Hardcore Bushcamp
Unnamed Campsite,133.3225724,-23.7005675,Hardcore Bushcamp
Unnamed Campsite,133.322074,-23.698872,Hardcore Bushcamp
Unnamed Campsite,133.3205712,-23.6979153,Hardcore Bushcamp
Unnamed Campsite,133.3120389,-23.6975614,Hardcore Bushcamp
Unnamed Campsite,133.2718039,-23.6786519,Hardcore Bushcamp
Unnamed Campsite,133.3004338,-23.691015,Hardcore Bushcamp
Unnamed Campsite,133.1918307,-23.7390378,Hardcore Bushcamp
Unnamed Campsite,133.1453496,-23.7565021,Hardcore Bushcamp
Unnamed Campsite,133.1172631,-23.7540347,Hardcore Bushcamp
Unnamed Campsite,133.1052569,-23.7537637,Hardcore Bushcamp
Unnamed Campsite,133.097454,-23.7710699,Hardcore Bushcamp
Unnamed Campsite,133.0735127,-23.7796177,Hardcore Bushcamp
Unnamed Campsite,133.0499534,-23.7798632,Hardcore Bushcamp
Unnamed Campsite,133.0239767,-23.7777661,Hardcore Bushcamp
Unnamed Campsite,133.0009451,-23.7670485,Hardcore Bushcamp
Unnamed Campsite,132.9715898,-23.748456,Hardcore Bushcamp
Unnamed Campsite,132.9332931,-23.7251317,Hardcore Bushcamp
Unnamed Campsite,132.9389773,-23.7387174,Hardcore Bushcamp
Unnamed Campsite,132.904707,-23.7269188,Hardcore Bushcamp
Unnamed Campsite,132.8789812,-23.7034868,Hardcore Bushcamp
Unnamed Campsite,132.8222219,-23.6787756,Hardcore Bushcamp
Hermits Hideaway,132.8124985,-23.6737181,Hardcore Bushcamp
Unnamed Campsite,132.8068836,-23.6712106,Hardcore Bushcamp
Unnamed Campsite,132.7954142,-23.6641388,Hardcore Bushcamp
Unnamed Campsite,132.7881687,-23.6678426,Hardcore Bushcamp
Unnamed Campsite,132.7783709,-23.6590805,Hardcore Bushcamp
Unnamed Campsite,132.7708939,-23.6528914,Hardcore Bushcamp
Unnamed Campsite,132.7243404,-23.6325144,Hardcore Bushcamp
Unnamed Campsite,132.7152444,-23.6328984,Hardcore Bushcamp
Unnamed Campsite,132.7034327,-23.6510764,Hardcore Bushcamp
Unnamed Campsite,132.6485614,-23.6411414,Hardcore Bushcamp
Unnamed Campsite,132.6460829,-23.6297936,Hardcore Bushcamp
Unnamed Campsite,132.6426647,-23.6163888,Hardcore Bushcamp
Unnamed Campsite,132.6372017,-23.6062779,Hardcore Bushcamp
Unnamed Campsite,132.6037135,-23.6050256,Hardcore Bushcamp
Unnamed Campsite,132.5693413,-23.6006317,Hardcore Bushcamp
Unnamed Campsite,132.5587258,-23.5768831,Hardcore Bushcamp
Unnamed Campsite,133.7656392,-23.6757211,Hardcore Bushcamp
Edith Bush Camp,132.1005608,-14.3075902,Hardcore Bushcamp
Sandy Billabong,132.7735338,-12.8922238,Hardcore Bushcamp
Perch Ponds,150.568665,-33.7316387,Hardcore Bushcamp
Murchison House Station,114.2359561,-27.6467241,Hardcore Bushcamp
Windurabundi Beach,113.7176453,-22.4980363,Hardcore Bushcamp
Feathers N Friends,145.3645303,-16.5768755,Hardcore Bushcamp
Catch A Barra,145.6996613,-17.1234638,Hardcore Bushcamp
Edward River Bridge Campsite 3,144.9614587,-35.8092543,Hardcore Bushcamp
Free Camping,117.9585271,-22.2431169,Hardcore Bushcamp
Maguk Campground,132.429193,-13.3042036,Hardcore Bushcamp
Free Campingground,130.3188542,-15.5949012,Hardcore Bushcamp
Free camp,132.4912064,-13.5364477,Hardcore Bushcamp
Gravel Stockpile Site,131.1082614,-13.0519555,Hardcore Bushcamp
Culgoa National Park Campground,147.0000132,-29.1728318,Hardcore Bushcamp
Unnamed Campsite,134.1996668,-32.8001478,Hardcore Bushcamp
Unnamed Campsite,146.7676231,-19.3063015,Commercial / Resort
Unnamed Campsite,146.6160046,-34.8042072,Hardcore Bushcamp
Unnamed Campsite,146.6370385,-34.7627459,Hardcore Bushcamp
Mount Isa Caravan Park,139.5098716,-20.724561,Commercial / Resort
Torbanlea Racecourse Campground,152.6006488,-25.3454933,Hardcore Bushcamp
Cliff Head North s/c,114.9974475,-29.5149027,Hardcore Bushcamp
Frog Creek,125.769702,-16.9064881,Hardcore Bushcamp
Bylands Confest Site,144.9114155,-35.6623317,Hardcore Bushcamp
Home Valley River Camp,127.8517347,-15.7050753,Hardcore Bushcamp
Bulahdelah Bowling Club,152.2040381,-32.4066941,Hardcore Bushcamp
habitatnoosa Everglades ecocamp,152.9984787,-26.2541683,Hardcore Bushcamp
Etteleah park camping (reservation needed),145.620968,-16.8770448,Hardcore Bushcamp
Notch Point Camp,113.1676814,-25.943202,Hardcore Bushcamp
Notch Point West,113.1630747,-25.9432963,Hardcore Bushcamp
Louisa Bay Campsite,113.085656,-25.7803063,Hardcore Bushcamp
Carey Outdoor Education Camp,147.6878544,-37.9474136,Hardcore Bushcamp
Unnamed Campsite,140.390437,-34.2346515,Hardcore Bushcamp
Unnamed Campsite,140.3892029,-34.234318,Hardcore Bushcamp
Unnamed Campsite,140.3732454,-34.2284379,Hardcore Bushcamp
Quobba Station,113.4047833,-24.3944035,Hardcore Bushcamp
Richardsons Shack Campground,135.9913499,-34.7471544,Hardcore Bushcamp
Unnamed Campsite,143.268527,-37.3709423,Commercial / Resort
Unnamed Campsite,132.5938368,-31.8370452,Hardcore Bushcamp
Unnamed Campsite,135.9854119,-34.7572165,Hardcore Bushcamp
Tropicana,149.2068027,-21.4267959,Hardcore Bushcamp
Brandy Bottle Camp,149.4826835,-22.0463857,Hardcore Bushcamp
Nomads Camping,146.8460754,-19.1718105,Hardcore Bushcamp
Camping Hotel Brandon,147.3539149,-19.5537354,Hardcore Bushcamp
Camping,148.2626712,-20.1354815,Hardcore Bushcamp
Flaggy Rock Community Centre,149.4436852,-21.9680543,Hardcore Bushcamp
BrandyBottle Caravan Park & Golf Course,149.4827057,-22.0462184,Commercial / Resort
Marlborough North Puma,149.8905045,-22.8218202,Hardcore Bushcamp
Camping Hotel Bajool,150.6436484,-23.6512669,Hardcore Bushcamp
Unnamed Campsite,146.5963752,-37.488713,Hardcore Bushcamp
Unnamed Campsite,146.5974376,-37.4762336,Hardcore Bushcamp
Unnamed Campsite,146.5963431,-37.4766327,Hardcore Bushcamp
Unnamed Campsite,146.5946688,-37.4724538,Hardcore Bushcamp
Woralie,153.1127625,-25.1250038,Hardcore Bushcamp
North Shore Retreat Caravan Park (Big 4),153.0501379,-26.3529494,Commercial / Resort
Maheno Beach,153.2326508,-25.274334,Hardcore Bushcamp
Lake Benaroon Great Walk Campground,153.0500336,-25.5156212,Hardcore Bushcamp
Warrigal Ridge,152.7596324,-26.3132477,Hardcore Bushcamp
Poyungan,153.1802063,-25.3900375,Hardcore Bushcamp
Ungowa,152.9881439,-25.5000973,Hardcore Bushcamp
Eli Creek,153.2144012,-25.3121967,Hardcore Bushcamp
One Tree Rocks,153.1315613,-25.5007782,Hardcore Bushcamp
Lake Boomanjin Great Walk Campground,153.0666947,-25.5575252,Hardcore Bushcamp
Central Station Campground,153.0625281,-25.4783322,Hardcore Bushcamp
Carree Camping Zone,153.2496338,-24.6981964,Hardcore Bushcamp
BuffcHead,152.9815369,-25.5156002,Hardcore Bushcamp
Unnamed Campsite,153.1715747,-25.402492,Hardcore Bushcamp
Kookaburra Park,152.6838374,-26.6398446,Commercial / Resort
Govi,153.0996246,-25.5827599,Hardcore Bushcamp
Wahba,153.2405396,-25.2601299,Hardcore Bushcamp
Coolooloi,153.0296326,-25.7854595,Hardcore Bushcamp
Wongai,153.1204987,-25.5275249,Hardcore Bushcamp
Cornwells,153.1513519,-25.4547691,Hardcore Bushcamp
Gabala,153.1548309,-25.4445229,Hardcore Bushcamp
Awinya Creek,153.1707001,-25.0716095,Hardcore Bushcamp
Wathumba Creek,153.2331696,-24.9790134,Hardcore Bushcamp
Unnamed Campsite,152.7452621,-26.5740207,Hardcore Bushcamp
Caravan Storage,144.247914,-38.3638037,Commercial / Resort
Unnamed Campsite,146.5974819,-37.0514687,Hardcore Bushcamp
Bonadio RV and Nature Park,145.546031,-17.2616648,Hardcore Bushcamp
Community Church Campground,131.1182061,-13.0117331,Hardcore Bushcamp
Unnamed Campsite,145.9014568,-41.5554144,Hardcore Bushcamp
Unnamed Campsite,145.4188491,-40.8618738,Hardcore Bushcamp
Banksia Bay campsite,146.3128225,-18.3563254,Hardcore Bushcamp
Capricorn Caves Tourist Park,150.4911835,-23.1677061,Hardcore Bushcamp
Glen Erin Farm Stay,148.2221891,-20.1186052,Hardcore Bushcamp
Unnamed Campsite,120.0233693,-31.2633402,Hardcore Bushcamp
Haikea Campground,136.7160143,-36.0398938,Hardcore Bushcamp
Moll Gorge Campground (Permission required Call Mt House),125.9969026,-16.9751858,Hardcore Bushcamp
Free Camping,133.4131686,-22.127888,Hardcore Bushcamp
Chillagoe Observatory & Eco Lodge,144.5278093,-17.1483072,Hardcore Bushcamp
Unnamed Campsite,144.5222149,-17.1523788,Hardcore Bushcamp
Unnamed Campsite,145.2072161,-37.1403747,Hardcore Bushcamp
BIG4 Innisfail,146.0303629,-17.5441547,Commercial / Resort
Cooma Snowy Mountains Tourist Park,149.1101685,-36.2399979,Commercial / Resort
Junction Camp,145.7627443,-17.3790936,Hardcore Bushcamp
Western Summit Camp,145.8154265,-17.3962374,Hardcore Bushcamp
Eastern Summit Camp,145.8211508,-17.4035325,Hardcore Bushcamp
Big Rock Camp,145.8384514,-17.4227317,Hardcore Bushcamp
Mulgrave River Top Causeway Camping Area,145.8027873,-17.2991559,Hardcore Bushcamp
Cotter Campground,148.9476391,-35.3259339,Hardcore Bushcamp
Burketown Caravan Park,139.5463496,-17.7424359,Hardcore Bushcamp
Arltunga Hotel Campground,134.6844908,-23.4648295,Hardcore Bushcamp
Planet Earth Adventures,144.319639,-18.1468907,Commercial / Resort
Junction Creek Campsite,146.2793917,-43.0974185,Hardcore Bushcamp
Unnamed Campsite,132.038818,-14.1833887,Hardcore Bushcamp
Unnamed Campsite,132.029488,-14.18319,Hardcore Bushcamp
Madrigal Farm Camping,152.8850455,-30.8621302,Hardcore Bushcamp
Broken Dam Rest Area,147.2314525,-34.3127166,Hardcore Bushcamp
South Arm Cabin Retreat,147.4282739,-43.0267814,Hardcore Bushcamp
Crystal Creek Caravan Park,146.2853983,-18.9503558,Commercial / Resort
Unnamed Campsite,147.7780873,-43.1945405,Hardcore Bushcamp
Lake Burrendong Holiday Park,149.1086421,-32.6866571,Hardcore Bushcamp
Wattle Flat Camp Area,152.200577,-30.5835207,Hardcore Bushcamp
Tarlee RV Friemdly Camping Site,138.7693606,-34.2728231,Hardcore Bushcamp
Yanks Jetty camping area,146.4879443,-18.6524111,Hardcore Bushcamp
Pioneer Bay camping area,146.4903876,-18.5927216,Hardcore Bushcamp
South Beach camping area,146.497387,-18.661164,Hardcore Bushcamp
Sunburnt Beach Campground,150.3962182,-35.4574951,Hardcore Bushcamp
Termeil Point Dispersed Campground,150.3938715,-35.4594772,Hardcore Bushcamp
Meroo Beach Dispersed Camp Site,150.3891472,-35.4711603,Hardcore Bushcamp
Nanga Brook Campground,116.098001,-32.8028995,Hardcore Bushcamp
Bare Knoll Campground,147.9533904,-43.1900474,Hardcore Bushcamp
Stroud Showground Camping Area,151.9648381,-32.3985982,Hardcore Bushcamp
Tancred Island Camping Area,148.7942405,-20.2987111,Hardcore Bushcamp
Commercial Standing camp,146.133514,-43.3823784,Hardcore Bushcamp
Crossing River Campground (East side),146.1714726,-43.1076534,Hardcore Bushcamp
Upalinna Station,138.663309,-31.4787797,Hardcore Bushcamp
Dargile Camping Area,144.7436377,-36.8519956,Hardcore Bushcamp
Ferny Creek campground,152.3922975,-32.2884592,Hardcore Bushcamp
Camp Grace,115.2343742,-33.6568764,Hardcore Bushcamp
Nyingarn Campsite,116.0338023,-33.3440098,Hardcore Bushcamp
Epic views look out,153.2611483,-28.5892882,Hardcore Bushcamp
Cotter Flat,148.8323512,-35.6490199,Hardcore Bushcamp
Unnamed Campsite,146.1214846,-42.0940668,Hardcore Bushcamp
Heron's Bend Nature Reserve,140.3361462,-34.1608874,Hardcore Bushcamp
Canns Camp Creek camping area,145.1659643,-20.6408512,Hardcore Bushcamp
Percy's Place,150.8714053,-33.5633916,Commercial / Resort
Pay camp site,142.8482272,-35.5962573,Commercial / Resort
Free Camping,143.1070103,-35.716862,Hardcore Bushcamp
Corrimal Beach Tourist Park,150.9171162,-34.3785336,Hardcore Bushcamp
River Breeze Caravan and Cabin Park,145.1092243,-40.84006,Hardcore Bushcamp
Blythe Park,145.9760367,-41.083257,Hardcore Bushcamp
Barmera North Lake Caravan Park,140.4627884,-34.2020833,Commercial / Resort
Unnamed Campsite,124.0756457,-33.2281923,Hardcore Bushcamp
Wattle Camp,124.0748477,-33.2275091,Hardcore Bushcamp
Unnamed Campsite,140.3694349,-34.2170229,Hardcore Bushcamp
Unnamed Campsite,140.3678292,-34.216427,Hardcore Bushcamp
Unnamed Campsite,140.3690389,-34.2162763,Hardcore Bushcamp
Unnamed Campsite,140.3691124,-34.2177325,Hardcore Bushcamp
Unnamed Campsite,140.3803234,-34.1927359,Hardcore Bushcamp
Unnamed Campsite,140.3805559,-34.1941755,Hardcore Bushcamp
Unnamed Campsite,140.3771127,-34.199222,Hardcore Bushcamp
Unnamed Campsite,140.3801975,-34.1956944,Hardcore Bushcamp
Unnamed Campsite,140.379594,-34.1966839,Hardcore Bushcamp
Unnamed Campsite,140.379001,-34.2230185,Hardcore Bushcamp
Unnamed Campsite,140.3931021,-34.2252345,Hardcore Bushcamp
Unnamed Campsite,140.3879808,-34.222578,Hardcore Bushcamp
Unnamed Campsite,140.3896456,-34.2238934,Hardcore Bushcamp
Unnamed Campsite,140.3902901,-34.2242594,Hardcore Bushcamp
Unnamed Campsite,140.3755582,-34.2284784,Hardcore Bushcamp
Unnamed Campsite,140.3766713,-34.2289086,Hardcore Bushcamp
Unnamed Campsite,140.3847163,-34.2338695,Hardcore Bushcamp
Unnamed Campsite,140.385456,-34.2346127,Hardcore Bushcamp
Unnamed Campsite,140.3930452,-34.2361003,Hardcore Bushcamp
Unnamed Campsite,140.3875814,-34.234195,Hardcore Bushcamp
Ben Lomond Recreation Reserve,151.6578551,-30.0181659,Hardcore Bushcamp
Unnamed Campsite,146.6533234,-37.1724065,Hardcore Bushcamp
Glamp Sandridge,145.5995293,-40.9416069,Hardcore Bushcamp
East Dorrigo Community Hall and Showground Campground,152.8864713,-30.2449841,Hardcore Bushcamp
Fair harvest permaculture farm stay,115.0414572,-33.917518,Hardcore Bushcamp
Longpoint West,142.4536719,-37.0150536,Hardcore Bushcamp
Nannup lavender farm stay,115.7816499,-34.0969187,Hardcore Bushcamp
Grampians edge caravan park,142.5084033,-36.9170173,Commercial / Resort
Scrubby Peak Camping Ground,135.3348874,-32.5278129,Hardcore Bushcamp
Mattera Camping Area,135.4671594,-32.5685299,Hardcore Bushcamp
Camp Flat Camping Area,146.8594459,-36.8539617,Hardcore Bushcamp
Dibbins Hut,147.1854703,-36.947261,Hardcore Bushcamp
Denison Rivulet campground,148.2773037,-41.7712525,Hardcore Bushcamp
Dispersed Camping Pine Forest,150.0518047,-33.7072506,Hardcore Bushcamp
Unnamed Campsite,150.3121712,-33.7834578,Hardcore Bushcamp
Pine Hut Soak Campsite,140.8793746,-35.4235031,Hardcore Bushcamp
Doggers Hut,140.9625364,-35.7698207,Hardcore Bushcamp
Cox's Windmill Campsite,140.9112399,-35.4463433,Hardcore Bushcamp
Box Flat Campground,140.395902,-35.6097877,Hardcore Bushcamp
Tostaree Cottages Farm Stay,148.1829165,-37.7473382,Hardcore Bushcamp
Tostaree Cottages,148.1838137,-37.7481644,Hardcore Bushcamp
Blue Gum Flat Campground,150.1979204,-35.3626187,Hardcore Bushcamp
Unnamed Campsite,149.3337019,-37.5666831,Hardcore Bushcamp
Dispersed Camping,149.1742225,-37.563979,Hardcore Bushcamp
Mcgaurans Beach Dispersed camping,147.1014487,-38.4469866,Hardcore Bushcamp
Ross River,134.4867325,-23.5955315,Hardcore Bushcamp
Unnamed Campsite,146.5694846,-37.1442838,Hardcore Bushcamp
Unnamed Campsite,145.8791174,-36.9323274,Hardcore Bushcamp
Shay's Clearing,146.1886362,-18.9325042,Hardcore Bushcamp
Johnstone's Clearing,146.1924855,-18.9549566,Hardcore Bushcamp
Unnamed Campsite,153.2830022,-25.1645579,Hardcore Bushcamp
Dispersed Camping,145.7409465,-37.6770285,Hardcore Bushcamp
Dispersed Camping,145.7010486,-37.6027702,Hardcore Bushcamp
Dispersed Camping,145.7019985,-37.6015679,Hardcore Bushcamp
Homestead Caravan Park,145.2833484,-23.5552708,Commercial / Resort
Unnamed Campsite,146.8601621,-36.8550639,Hardcore Bushcamp
Louisa Creek Campground,146.3493556,-43.4804476,Hardcore Bushcamp
Ironbound high campground,146.4674449,-43.5071405,Hardcore Bushcamp
Wirra Campground,138.8363322,-34.6943199,Hardcore Bushcamp
Camping Reserve,139.2534758,-18.6472166,Hardcore Bushcamp
Campsite 1,137.1721104,-23.5992147,Hardcore Bushcamp
Elliot river campsite,147.8806206,-19.8823221,Hardcore Bushcamp
Hawker Overflow,138.3999258,-31.8778195,Hardcore Bushcamp
Wombat Crossing Camp Site C,146.9206349,-37.807745,Hardcore Bushcamp
Wombat Crossing Camp Site A,146.9294569,-37.8000578,Hardcore Bushcamp
Paddy Lees Crossing,146.9751678,-37.7159392,Hardcore Bushcamp
Parking,115.1948511,-29.0989283,Hardcore Bushcamp
Litchfield Safari Camp,130.6545598,-13.1273867,Commercial / Resort
Waves Campground,152.9668612,-31.2632168,Hardcore Bushcamp
Unnamed Campsite,148.8522309,-20.2647973,Hardcore Bushcamp
Unnamed Campsite,148.8291016,-20.2779565,Hardcore Bushcamp
Unnamed Campsite,148.8487777,-20.2814569,Hardcore Bushcamp
North Macushla,146.2183551,-18.2256696,Hardcore Bushcamp
South Macushla,146.2196947,-18.2273974,Hardcore Bushcamp
Puraburdoo Caravan Park,117.6675388,-23.2044417,Commercial / Resort
Campsite 14,140.7081431,-34.2685662,Hardcore Bushcamp
Campsite 15,140.7100475,-34.2664936,Hardcore Bushcamp
Campsite 16,140.7095043,-34.2639988,Hardcore Bushcamp
Campsite 17,140.7091892,-34.2618363,Hardcore Bushcamp
Campsite 18,140.7094467,-34.2598933,Hardcore Bushcamp
Campsite 19,140.7098195,-34.2568396,Hardcore Bushcamp
Campsite 20,140.7123113,-34.2520088,Hardcore Bushcamp
Campsite 21,140.7147601,-34.2514523,Hardcore Bushcamp
Campsite 22,140.7153341,-34.248947,Hardcore Bushcamp
Campsite 23,140.7127149,-34.2459151,Hardcore Bushcamp
Campsite 26,140.7196793,-34.2389827,Hardcore Bushcamp
Campsite 27,140.7192931,-34.2370647,Hardcore Bushcamp
Campsite 28,140.7192636,-34.2358384,Hardcore Bushcamp
Campsite 29,140.7195103,-34.2343161,Hardcore Bushcamp
Campsite 24,140.7134096,-34.244113,Hardcore Bushcamp
Campsite 30,140.7216051,-34.2328592,Hardcore Bushcamp
Campsite 1,140.6463477,-34.2400116,Hardcore Bushcamp
Campsite 2,140.6431934,-34.2470081,Hardcore Bushcamp
Campsite 3,140.644037,-34.2508615,Hardcore Bushcamp
Collogans Campground,140.651696,-34.2494215,Hardcore Bushcamp
Campsite 5,140.6569397,-34.2470491,Hardcore Bushcamp
Campsite 4,140.6542012,-34.2485701,Hardcore Bushcamp
Campsite 6,140.6612447,-34.2460159,Hardcore Bushcamp
Unnamed Campsite,140.6646913,-34.2429539,Hardcore Bushcamp
Campsite 8,140.6749991,-34.2452732,Hardcore Bushcamp
Campsite 9,140.6866184,-34.2583659,Hardcore Bushcamp
Campsite 11,140.6930745,-34.2609186,Hardcore Bushcamp
Campsite 10,140.689432,-34.2605063,Hardcore Bushcamp
Campsite 12,140.6945001,-34.2610715,Hardcore Bushcamp
Campsite 13,140.696615,-34.2613198,Hardcore Bushcamp
Cobbler Pool,116.3180387,-31.5584866,Hardcore Bushcamp
Southern Campground,130.7190252,-13.1582255,Hardcore Bushcamp
Tjenya campground,130.6705918,-13.1346708,Hardcore Bushcamp
Cooktown Caravan Park,145.2478827,-15.4835851,Commercial / Resort
Gym Beach Campground,136.916362,-35.1560126,Hardcore Bushcamp
Unnamed Campsite,143.2349715,-37.290726,Hardcore Bushcamp
Pattison Rest Area,146.5371519,-38.4310239,Hardcore Bushcamp
Weier Park,152.2427416,-26.0837768,Hardcore Bushcamp
Unnamed Campsite,145.104001,-17.2618597,Hardcore Bushcamp
Unnamed Campsite,145.1463198,-17.2835487,Hardcore Bushcamp
camp 4,146.3732668,-19.1134407,Hardcore Bushcamp
"Girl Guides Camp ""Noorumba""",151.0392011,-34.0375592,Hardcore Bushcamp
House Beach Camping,119.5245788,-34.3657347,Hardcore Bushcamp
Ditchfield Camp,143.2730757,-37.3169886,Hardcore Bushcamp
Arches George,131.343141,-13.7943491,Hardcore Bushcamp
Unnamed Campsite,142.3289724,-37.086409,Hardcore Bushcamp
Burdekin River Camping Area,146.0886502,-19.805929,Hardcore Bushcamp
Fletcher Creek Camping Reserve SE,146.0587293,-19.8156761,Hardcore Bushcamp
Big Bend Camping Area,146.14345,-19.8442205,Hardcore Bushcamp
Flat Rock Camping Area,146.434474,-20.1046701,Hardcore Bushcamp
Dutgee Walkers Camp,153.0476938,-26.1373982,Hardcore Bushcamp
Upper Noosa River Campsite 5,153.0441108,-26.1499065,Hardcore Bushcamp
Campsite 4 Upper Noosa River,153.0475759,-26.151451,Hardcore Bushcamp
Brahminy Walkers Camp,153.0656853,-26.2445088,Hardcore Bushcamp
Geraldton Caravan Park,114.6367797,-28.6949125,Commercial / Resort
Campground hosts,118.5505434,-22.4719478,Commercial / Resort
Balgal Beach,146.4185537,-19.0274177,Hardcore Bushcamp
Echo Point Campsite,146.1379039,-42.0433993,Hardcore Bushcamp
Alan Kellet Rest Area,129.1132061,-16.0580033,Hardcore Bushcamp
Murphy's Haystack,134.4909143,-33.0167105,Hardcore Bushcamp
85k Peg Rest Area,129.8743944,-31.5810784,Hardcore Bushcamp
Whitewell Tank Free Camping Area,131.0499498,-31.4213335,Hardcore Bushcamp
Mulgowie Hall,152.3628885,-27.7302946,Commercial / Resort
Preston Beach,115.6502164,-32.8822481,Hardcore Bushcamp
Buddy's Camp Kitchen,113.1951013,-26.0013019,Hardcore Bushcamp
Salty's Camp Kitchen,113.1965712,-26.0018252,Hardcore Bushcamp
Jed's Camp Kitchen,113.1997989,-26.0022843,Hardcore Bushcamp
Top End Naturist Recreation Retreat,130.9417078,-12.8282121,Commercial / Resort
Pacific Sun Friends,153.0320777,-27.0164428,Hardcore Bushcamp
Sunseekers Nudist Club,116.1193218,-31.8736919,Hardcore Bushcamp
Balkaz Retreat,152.9804056,-27.0538206,Hardcore Bushcamp
The Haven,146.1025328,-18.2851195,Hardcore Bushcamp
Quartz Hill,115.4922713,-22.0989644,Hardcore Bushcamp
Unnamed Campsite,132.4097688,-14.3858523,Hardcore Bushcamp
Unnamed Campsite,150.2173291,-33.2582936,Hardcore Bushcamp
Unnamed Campsite,150.2189187,-33.2595502,Hardcore Bushcamp
Bullara Station,114.0385794,-22.6815223,Commercial / Resort
Rosco Club Incorporated,151.475669,-32.9857599,Hardcore Bushcamp
Unnamed Campsite,146.138529,-18.9148573,Hardcore Bushcamp
Unnamed Campsite,146.3772793,-19.11637,Hardcore Bushcamp
Camp 1,146.3728701,-19.1042254,Hardcore Bushcamp
Camp 3,146.3756341,-19.1067324,Hardcore Bushcamp
Camp 2,146.3742303,-19.1055113,Hardcore Bushcamp
Thorthon Peak Base Camp,145.3590165,-16.1855392,Hardcore Bushcamp
High / Summit Camp,145.3696978,-16.1644678,Hardcore Bushcamp
Leven River - Mole Creek Karst National Park Campsite,146.2226783,-41.5777775,Hardcore Bushcamp
Fishers Rest,131.1140378,-12.5442773,Hardcore Bushcamp
Craggy Peaks,147.76635,-41.6360708,Hardcore Bushcamp
Unnamed Campsite,145.5465269,-16.8909353,Hardcore Bushcamp
Dare Adventures,116.0765715,-32.7149871,Hardcore Bushcamp
Byrne's Park,148.3699872,-33.4276852,Hardcore Bushcamp
Orleans Bay Caravan Park,122.5933763,-33.9096472,Commercial / Resort
Bream Beach Holiday Park,150.6617425,-35.1108539,Hardcore Bushcamp
Lakeside Macquire Harbour,145.2767363,-42.2099308,Hardcore Bushcamp
GOW Aire River Campground,143.4761977,-38.801533,Hardcore Bushcamp
Beerwah Caravan Park,152.9796372,-26.8747875,Commercial / Resort
Pine Valley Hut Tent Platforms,146.0633578,-41.9585148,Hardcore Bushcamp
Bauhinia Roadhouse Campground,149.2920687,-24.5710104,Commercial / Resort
Unnamed Campsite,146.5972056,-37.1690062,Hardcore Bushcamp
Free camping on sportsground,147.7347914,-35.2767029,Hardcore Bushcamp
Kinkuna Beach Camp,152.5161984,-25.026126,Hardcore Bushcamp
Hearth Ground Community,150.8072574,-33.4044838,Hardcore Bushcamp
White Gums Community - Rowan Classen,150.8112298,-33.4003712,Hardcore Bushcamp
Farleigh Reserve - Cowra,148.6196637,-33.8116062,Hardcore Bushcamp
Pier,152.9014649,-25.2850903,Hardcore Bushcamp
Rock Shelter,146.3020965,-37.8364604,Hardcore Bushcamp
Unnamed Campsite,146.3032366,-37.8344249,Hardcore Bushcamp
Saint Phillack Saddle,146.2916522,-37.8292707,Hardcore Bushcamp
Unnamed Campsite,148.3859823,-36.2997498,Hardcore Bushcamp
Rest area,115.4677039,-34.1608689,Hardcore Bushcamp
Unnamed Campsite,145.8362084,-42.265742,Hardcore Bushcamp
Top of the Lea,147.3277594,-42.9485173,Hardcore Bushcamp
Eight Mile Creek,140.7994692,-38.045141,Hardcore Bushcamp
Ration Point,149.7186857,-33.0931545,Hardcore Bushcamp
Unnamed Campsite,120.3055058,-31.8062263,Hardcore Bushcamp
Tungatinah Lagoon Campground,146.4603118,-42.2766771,Hardcore Bushcamp
Marvel Lock Campground,119.4869808,-31.468292,Hardcore Bushcamp
Megalong Valley Farm Glamping,150.246088,-33.7099312,Hardcore Bushcamp
Unnamed Campsite,146.3667737,-37.3404422,Hardcore Bushcamp
Unnamed Campsite,146.2939439,-37.8306306,Hardcore Bushcamp
Unnamed Campsite,146.3455254,-37.8714641,Hardcore Bushcamp
Unnamed Campsite,146.3073697,-37.8401721,Hardcore Bushcamp
Topperwein Campground,140.9581077,-37.5481167,Hardcore Bushcamp
Unnamed Campsite,140.9535803,-37.5446014,Hardcore Bushcamp
Unnamed Campsite,140.9528511,-37.5663081,Hardcore Bushcamp
Outdoor Adventure Company,150.9514138,-33.3787677,Hardcore Bushcamp
Tarragal Bushcamp,141.4476161,-38.3099573,Hardcore Bushcamp
Fitzgerald bay Bushcamp,137.7566543,-32.9421286,Hardcore Bushcamp
Weiss Beach campsite,145.5967427,-35.8612351,Hardcore Bushcamp
Cunningham Weir Campsite,150.9608486,-28.7367403,Hardcore Bushcamp
Lagoon Campsite,146.1913698,-19.0292867,Hardcore Bushcamp
Narrabri Showground,149.7622132,-30.335153,Hardcore Bushcamp
Cunningham Weir camping area,150.9609511,-28.7366517,Hardcore Bushcamp
Kenilworth Homestead,152.7312407,-26.582483,Hardcore Bushcamp
Redbank Waterhole Campground,133.4677398,-24.1442914,Hardcore Bushcamp
Dingos,153.2562678,-25.2186534,Hardcore Bushcamp
Bruboodjoo Camp,113.6765977,-22.6957954,Hardcore Bushcamp
Jamberoo Reserve,150.7757369,-34.6444139,Hardcore Bushcamp
Toobeah Coronation Hotel Campground,149.8699775,-28.4169804,Commercial / Resort
Unnamed Campsite,150.1066178,-34.0914458,Hardcore Bushcamp
Unnamed Campsite,150.1120537,-34.088754,Hardcore Bushcamp
Unnamed Campsite,150.6032923,-34.65201,Hardcore Bushcamp
Unnamed Campsite,144.0142016,-18.1899823,Hardcore Bushcamp
Williams Camping Area,146.2078127,-36.0559322,Hardcore Bushcamp
Old Cairns Track,145.7159066,-17.3483676,Hardcore Bushcamp
Unnamed Campsite,146.8252645,-37.0888502,Hardcore Bushcamp
South Selwyn campsite,146.8959883,-37.0507796,Hardcore Bushcamp
Barry Saddle Campsite,146.7639759,-37.1094372,Hardcore Bushcamp
Unnamed Campsite,150.1460695,-33.9307202,Hardcore Bushcamp
Georgia Bore Campsite,123.0172065,-23.0585617,Hardcore Bushcamp
Dicks Bend,145.7160044,-35.9505482,Hardcore Bushcamp
McKays High Bank Camping Area,145.7264811,-35.9458667,Hardcore Bushcamp
Seppelts Beach,145.7193464,-35.9356081,Hardcore Bushcamp
Twin Knobs Beach,145.7059032,-35.9327023,Hardcore Bushcamp
Scotts High Bank Camping Area,145.6878331,-35.9298377,Hardcore Bushcamp
Bourkes Lagoon,145.816952,-35.9882896,Hardcore Bushcamp
Jimmys Island,145.8125639,-35.9842484,Hardcore Bushcamp
Lower Dead River,145.7986861,-35.9829896,Hardcore Bushcamp
Cobrawonga Creek,145.7438993,-35.9635924,Hardcore Bushcamp
Lagoon,145.9124011,-35.9692562,Hardcore Bushcamp
Fig Tree,145.8999127,-35.9640873,Hardcore Bushcamp
Buchanans Beach,145.8709556,-35.9558287,Hardcore Bushcamp
Redbank Beach,145.8542508,-35.9601838,Hardcore Bushcamp
Nevins Beach,145.8492619,-35.9691628,Hardcore Bushcamp
Kellys Pump,145.8515418,-35.9758139,Hardcore Bushcamp
Big Hole Camping Area,151.4700987,-32.0319647,Hardcore Bushcamp
Pheasant Creek Camping Area,151.4943458,-31.8767388,Hardcore Bushcamp
Davies High Bank,145.6192195,-35.8757719,Hardcore Bushcamp
Racecourse Road,145.6316328,-35.8882569,Hardcore Bushcamp
Dead End Beach,145.6356132,-35.8891457,Hardcore Bushcamp
Toms High Bank,145.6550002,-35.9003445,Hardcore Bushcamp
Willow (or Greens) Beach,145.5844688,-35.8488828,Hardcore Bushcamp
Brentnalls Beach,145.5926496,-35.8493046,Hardcore Bushcamp
Wilsons Beach,145.6017101,-35.8689516,Hardcore Bushcamp
Doctors Bend,145.4695737,-35.817252,Hardcore Bushcamp
Ulupna Creek East Camping Area,145.5182451,-35.8180046,Hardcore Bushcamp
Pinnucks Camping Area 1,145.3528386,-35.8663955,Hardcore Bushcamp
Pinnucks Camping Area 2,145.3577685,-35.8665607,Hardcore Bushcamp
Morgans Mill Camping Area,145.3687978,-35.8588396,Hardcore Bushcamp
Morgans Beach Camping Area,145.3869295,-35.8505264,Hardcore Bushcamp
Crawfords Boat Ramp Camping Area,145.393281,-35.8510917,Hardcore Bushcamp
The Junction Camping Area 1,145.4115254,-35.8482828,Hardcore Bushcamp
Little Ulupna Creek Camping Area,145.4132527,-35.8478697,Hardcore Bushcamp
Dead Dog Lagoon Camping Area 1,145.411638,-35.835611,Hardcore Bushcamp
Dead Dog Lagoon Camping Area 2,145.4132259,-35.8310271,Hardcore Bushcamp
Peppertree (or Faraway) Beach,145.4189658,-35.829357,Hardcore Bushcamp
Lagoon Beach,145.4248559,-35.828996,Hardcore Bushcamp
Lawrences Beach,145.4346299,-35.8303182,Hardcore Bushcamp
Carters Site 4,145.4485667,-35.8282175,Hardcore Bushcamp
Carters Beach Camping Area,145.4513991,-35.8216671,Hardcore Bushcamp
Eliwana Rail Camp 50,117.6429277,-22.2530257,Hardcore Bushcamp
McDonald Road,144.8504126,-36.106936,Hardcore Bushcamp
Simmie Road Camping Area 1,144.8133498,-36.113285,Hardcore Bushcamp
Simmie Road Camping Area 2,144.8125881,-36.112583,Hardcore Bushcamp
Betts Bend Camping Area 1,144.8075831,-36.1132677,Hardcore Bushcamp
Betts Bend Camping Area 2,144.8069876,-36.1084225,Hardcore Bushcamp
Betts Bend Beach,144.8066711,-36.1073304,Hardcore Bushcamp
Betts Bend Camping Area 4,144.8115259,-36.1095147,Hardcore Bushcamp
Christies Beach Camping Area 1,144.8105282,-36.1028749,Hardcore Bushcamp
Christies Beach Camping Area 1,144.8138702,-36.1067583,Hardcore Bushcamp
Christies Beach Camping Area 4,144.8178774,-36.1070226,Hardcore Bushcamp
Looker Road Camping Area 1,144.8232633,-36.1060171,Hardcore Bushcamp
Looker Road Camping Area 2,144.8294216,-36.1031219,Hardcore Bushcamp
Looker Road Camping Area 4,144.8403865,-36.1029529,Hardcore Bushcamp
Looker Road Camping Area 3,144.8342121,-36.1038327,Hardcore Bushcamp
Junction Track Camping Area 1,144.833622,-36.1022204,Hardcore Bushcamp
Junction Track Camping Area 2,144.8385251,-36.1004043,Hardcore Bushcamp
Junction Track Camping Area 3,144.842425,-36.1007294,Hardcore Bushcamp
Flemings Bend,144.8403811,-36.094492,Hardcore Bushcamp
Stewarts Bridge Camping Area 1,144.8430231,-36.0903956,Hardcore Bushcamp
Stewarts Bridge Camping Area 2,144.842484,-36.0867455,Hardcore Bushcamp
Kiln Loop Track Camping Area 1,144.865095,-36.0597677,Hardcore Bushcamp
Kiln Loop Track Camping Area 2,144.878844,-36.0601103,Hardcore Bushcamp
The Ranch Site 7,144.9805534,-36.0474334,Hardcore Bushcamp
The Ranch Site 3,144.9663699,-36.0383159,Hardcore Bushcamp
Watson Road,144.9334538,-36.1100087,Hardcore Bushcamp
Waites Lane,144.9236476,-36.0996285,Hardcore Bushcamp
Peach Trees,152.4484293,-26.6357708,Hardcore Bushcamp
Wunjunga south,147.6040821,-19.7613031,Hardcore Bushcamp
Thomson River Campsite,146.2765035,-37.7137843,Hardcore Bushcamp
Blue Jacket Campsite,146.3099701,-37.6650322,Hardcore Bushcamp
Sunset Beach,146.2834623,-18.2394092,Hardcore Bushcamp
Banshee Bay,146.3008215,-18.2387366,Hardcore Bushcamp
Railton Hotel Free Campsite,146.4246834,-41.3459677,Hardcore Bushcamp
Bob Turners,150.6658104,-33.3741843,Hardcore Bushcamp
Kucha Campsite,145.3247322,-18.2171132,Hardcore Bushcamp
Campsite 15,152.9403221,-27.2357702,Hardcore Bushcamp
South Bald Rock remote bush camp,152.0082069,-28.8887373,Hardcore Bushcamp
Tongalong Creek Camping Area,145.2228588,-35.8426842,Hardcore Bushcamp
Rowes Camping Area 2,145.2193183,-35.8426429,Hardcore Bushcamp
Rowes Camping Area 1,145.2091366,-35.8378898,Hardcore Bushcamp
Sandpit Creek Camping Area 4,145.2002102,-35.8372157,Hardcore Bushcamp
Sandpit Creek Camping Area 3,145.1969916,-35.8369591,Hardcore Bushcamp
Sandpit Creek Camping Area 2,145.1951677,-35.8373853,Hardcore Bushcamp
Sandpit Creek Camping Area 1,145.1921475,-35.8379855,Hardcore Bushcamp
Burnt Landing Camping Area 3,145.1835537,-35.8408904,Hardcore Bushcamp
Burnt Landing Camping Area 2,145.181644,-35.8420211,Hardcore Bushcamp
Burnt Landing Camping Area 1,145.1763278,-35.8406121,Hardcore Bushcamp
The Gulf Camping Area,145.1516247,-35.8419167,Hardcore Bushcamp
The Gulf Camping Area 3,145.1534647,-35.8406773,Hardcore Bushcamp
The Gulf Camping Area 4,145.1523757,-35.8409904,Hardcore Bushcamp
The Gulf Camping Area 2,145.1547468,-35.8402903,Hardcore Bushcamp
The Gulf Camping Area 1,145.156002,-35.8396163,Hardcore Bushcamp
Honeymoon Bend Camping Area,145.1568603,-35.8356371,Hardcore Bushcamp
Frenchmans Camping Area 3,145.1497739,-35.8335626,Hardcore Bushcamp
Frenchmans Camping Area 2,145.1439053,-35.8324232,Hardcore Bushcamp
Frenchmans Camping Area 1,145.1411802,-35.8298267,Hardcore Bushcamp
Stewart Kitchen Camping Area,145.1389217,-35.8329581,Hardcore Bushcamp
Pinchgut Bend Camping Area 2,145.1343727,-35.8328102,Hardcore Bushcamp
Pinchgut Bend Camping Area 1,145.1339543,-35.8320883,Hardcore Bushcamp
Bull Paddock Camping Area 3,145.1293892,-35.8280522,Hardcore Bushcamp
Bull Paddock Camping Area 2,145.1279139,-35.8273954,Hardcore Bushcamp
Bull Paddock Camping Area 1,145.1275653,-35.8283914,Hardcore Bushcamp
Sixty Mile Bend Camping Area 2,145.1216966,-35.8259949,Hardcore Bushcamp
Sixty Mile Bend Camping Area 1,145.1191753,-35.8263037,Hardcore Bushcamp
Mill Log Landing Camping Area,145.1139772,-35.8255904,Hardcore Bushcamp
Potts Point Camping Area,145.1083875,-35.8269387,Hardcore Bushcamp
Fish Basket Camping Area,145.1030552,-35.8298093,Hardcore Bushcamp
Red Tank Lagoon Camping Area 2,145.099504,-35.8288612,Hardcore Bushcamp
Red Tank Lagoon Camping Area 1,145.0959635,-35.8331929,Hardcore Bushcamp
Sapling Landing Camping Area,145.0935924,-35.835324,Hardcore Bushcamp
Punt Paddock Creek Camping Area 2,145.088802,-35.8317012,Hardcore Bushcamp
Punt Paddock Creek Camping Area 1,145.0870156,-35.8266386,Hardcore Bushcamp
Green Engine Camping Area 2,145.0788403,-35.8276607,Hardcore Bushcamp
Green Engine Camping Area 1,145.0767267,-35.8322883,Hardcore Bushcamp
Long Landing Camping Area,145.0673309,-35.8401533,Hardcore Bushcamp
Big Woodcutter Lagoon Camping Area 3,145.0617278,-35.8372527,Hardcore Bushcamp
Big Woodcutter Lagoon Camping Area 2,145.0558779,-35.8368569,Hardcore Bushcamp
Big Woodcutter Lagoon Camping Area 1,145.0537294,-35.8387204,Hardcore Bushcamp
Nine Panel Bend Camping Area 2,145.0491777,-35.8379529,Hardcore Bushcamp
Nine Panel Bend Camping Area 1,145.0440091,-35.8400207,Hardcore Bushcamp
Nestrons Bend Camping Area,145.0411498,-35.8430517,Hardcore Bushcamp
Campbells Landing Camping Area,145.0383872,-35.8447432,Hardcore Bushcamp
Canalla Landing Camping Area,145.0364774,-35.846987,Hardcore Bushcamp
Thistle Bend Camping Area,145.0319123,-35.849222,Hardcore Bushcamp
Boals Creek Camping Area 2,145.023914,-35.8531657,Hardcore Bushcamp
Boals Creek Camping Area 1,145.0232434,-35.8536005,Hardcore Bushcamp
Thistle Bed Camping Area 3,145.0205666,-35.8561962,Hardcore Bushcamp
Thistle Bed Camping Area 2,145.0187856,-35.8568701,Hardcore Bushcamp
Thistle Bed Camping Area 1,145.0174499,-35.8571222,Hardcore Bushcamp
Budgee Creek Camping Area 1,145.0051171,-35.8554179,Hardcore Bushcamp
Budgee Creek Camping Area 2,145.0073165,-35.8564179,Hardcore Bushcamp
Cutting Creek Camping Area,144.9561265,-35.9145277,Hardcore Bushcamp
War Creek Camping Area,144.960984,-35.912326,Hardcore Bushcamp
Double Holes Camping Area,144.9694812,-35.8695472,Hardcore Bushcamp
Tarragon Lodge Camping Area,144.9817389,-35.860033,Hardcore Bushcamp
Wasers Beach,145.3490782,-35.8603569,Hardcore Bushcamp
2nd Downstream of Wasers Beach,145.3444701,-35.8626307,Hardcore Bushcamp
3rd Downstream of Wasers Beach,145.3420722,-35.8628915,Hardcore Bushcamp
4th Downstream of Wasers Beach,145.339036,-35.8612134,Hardcore Bushcamp
5th Downstream of Wasers Beach,145.3359568,-35.8605352,Hardcore Bushcamp
6th Downstream of Wasers Beach,145.3292727,-35.8544875,Hardcore Bushcamp
7th Downstream of Wasers Beach,145.3225565,-35.8550962,Hardcore Bushcamp
8th Downstream of Wasers Beach,145.3191233,-35.8547657,Hardcore Bushcamp
The Steps Camping Area,145.3101915,-35.8599004,Hardcore Bushcamp
Browns Camping Area 3,145.3047144,-35.8596939,Hardcore Bushcamp
Browns Camping Area 1,145.2928457,-35.8588418,Hardcore Bushcamp
Clarkes Camping Area,145.2843538,-35.8569201,Hardcore Bushcamp
McLeans Camping Area 2,145.2846757,-35.850933,Hardcore Bushcamp
McLeans Camping Area 1,145.2810788,-35.8540114,Hardcore Bushcamp
Black Engine Lagoon Camping Area 3,145.2783591,-35.8540701,Hardcore Bushcamp
Black Engine Lagoon Camping Area 2,145.2737832,-35.8476784,Hardcore Bushcamp
Black Engine Lagoon Camping Area 1,145.2681237,-35.8551483,Hardcore Bushcamp
Lupmans Camping Area,145.2635103,-35.85207,Hardcore Bushcamp
Arnalds Camping Area,145.2637249,-35.8417819,Hardcore Bushcamp
Boss Beach Camping Area,145.2592617,-35.8367417,Hardcore Bushcamp
The Wattles Camping Area 2,145.2457756,-35.8333017,Hardcore Bushcamp
Tongalong Camping Area,145.2307552,-35.8330103,Hardcore Bushcamp
Tongalong Beach Camping Area,145.2243715,-35.8334234,Hardcore Bushcamp
Bunyip Hole Camping Area 3,145.2232477,-35.8357545,Hardcore Bushcamp
Bunyip Hole Camping Area 2,145.2224538,-35.8362133,Hardcore Bushcamp
Bunyip Hole Camping Area 1,145.2246049,-35.8394532,Hardcore Bushcamp
Katarapko Campsite 07 (Booky Cliffs),140.5983507,-34.3252669,Hardcore Bushcamp
Goomeri Caravan and Bush Camp,152.085175,-26.2130994,Hardcore Bushcamp
Cunningham Weir Free Camp,150.9608159,-28.7368171,Hardcore Bushcamp
Ingenia Holidays South West Rocks,153.0335978,-30.8890912,Commercial / Resort
Free camp,148.6312382,-28.0044029,Hardcore Bushcamp
Unnamed Campsite,151.1198911,-33.6318259,Hardcore Bushcamp
Carlindi Camp . PLS,118.9030606,-21.0271867,Hardcore Bushcamp
Sculptures in the Scrub Campground,149.2319461,-30.9976236,Hardcore Bushcamp
Border Camping Area,140.9690406,-34.7055041,Hardcore Bushcamp
Unnamed Campsite,141.1797934,-34.7155988,Hardcore Bushcamp
The Wattles,141.8734344,-35.9475024,Hardcore Bushcamp
Nutbush Retreat,137.4287093,-32.628002,Commercial / Resort
Cork Oaks Campground,143.7082348,-37.3102752,Hardcore Bushcamp
Ups and Downs Caravan Park Farm Stay,148.7766891,-26.5134868,Commercial / Resort
Little Yabba Creek Rest Area,152.6903636,-26.6241523,Hardcore Bushcamp
Camp Coorong,147.6579613,-37.9507857,Hardcore Bushcamp
Unnamed Campsite,121.2134621,-22.6907311,Hardcore Bushcamp
Unnamed Campsite,121.2199201,-22.6546144,Hardcore Bushcamp
Unnamed Campsite,121.1088449,-22.7559692,Hardcore Bushcamp
Unnamed Campsite,120.6250613,-22.7988269,Hardcore Bushcamp
Kurri Ngawanthi (Creek Campground),138.3955879,-35.6166189,Hardcore Bushcamp
Slippery Dip Camp area,138.6081892,-31.3380804,Hardcore Bushcamp
Boshack Outback - Perth Farmstay,116.5632429,-31.321205,Hardcore Bushcamp
Camp Canobolas,149.0237674,-33.3040653,Hardcore Bushcamp
Campsite C10,147.3440045,-38.2559385,Hardcore Bushcamp
Muttonbird Campsite,117.7251393,-35.0430047,Hardcore Bushcamp
The Jungo,151.0579051,-33.7195742,Hardcore Bushcamp
Eudunda Community Caravan Park,139.0885569,-34.1792412,Commercial / Resort
Free Camping,133.4541912,-17.3992779,Hardcore Bushcamp
Free Camping,133.813382,-23.3863491,Hardcore Bushcamp
Doon Goonge,152.5099326,-29.9087996,Hardcore Bushcamp
South Lefroy,113.6646312,-22.5520724,Hardcore Bushcamp
Grassy Creek Campsite,152.2746267,-29.4605982,Hardcore Bushcamp
Quambone Primitive Campground,147.8720654,-30.9325274,Hardcore Bushcamp
Unnamed Campsite,122.7645563,-23.2216699,Hardcore Bushcamp
Unnamed Campsite,122.6775835,-23.3433123,Hardcore Bushcamp
Redbank Hut Camping Area,147.1047192,-28.9831929,Hardcore Bushcamp
Nebine Creek Camping Area,146.8598296,-28.8599134,Hardcore Bushcamp
Byra Lagoon Camping Area,147.2221195,-28.9799181,Hardcore Bushcamp
Rotary Shelter Shed Camping Area,148.0253949,-24.9140382,Hardcore Bushcamp
West Branch Walkers' Camp,148.013273,-24.971984,Hardcore Bushcamp
Ourimperee Waterhole,144.5108335,-28.8831775,Hardcore Bushcamp
Myninya Camping Area,144.3328696,-28.540234,Hardcore Bushcamp
Corni Paroo Camping Area,144.7954969,-28.6830405,Hardcore Bushcamp
Caiwarro Waterhole Camping Area,144.7335317,-28.7413401,Hardcore Bushcamp
Gum Hole Camping Area,140.9859347,-23.6710774,Hardcore Bushcamp
Cooyal Hotel Free Campsite,149.789173,-32.440623,Hardcore Bushcamp
Emu Swamp camping area,144.1679187,-19.4117006,Hardcore Bushcamp
Wadlows Yards camping area,149.7882148,-23.3376167,Hardcore Bushcamp
Five Rocks camping area,150.8034637,-22.8082362,Hardcore Bushcamp
Old forestry camp,145.7646818,-18.5186396,Hardcore Bushcamp
Walbundrie Camping Ground,146.7191935,-35.6896486,Commercial / Resort
Walla Walla Primitive Camping Ground,146.902273,-35.7668354,Commercial / Resort
Unnamed Campsite,150.0560021,-30.6678293,Hardcore Bushcamp
The Wall,150.9256482,-24.4630882,Hardcore Bushcamp
Griffiths Creek Camping Area,150.9777582,-24.3674313,Hardcore Bushcamp
Razorback Camping Area,150.9664497,-24.3718222,Hardcore Bushcamp
Burrumbreet Cave,150.1288158,-35.2785378,Hardcore Bushcamp
Unnamed Campsite,150.997171,-34.0763372,Hardcore Bushcamp
Wundu Camping Area,143.8604183,-18.5366138,Hardcore Bushcamp
Cobbold Gorge camping area,143.4220859,-18.7962408,Hardcore Bushcamp
Unnamed Campsite,152.0460306,-27.2582851,Commercial / Resort
Bundaberg CMCA RV Park,152.3453146,-24.8752397,Hardcore Bushcamp
Karnkendi Campsite,141.011506,-38.0467939,Hardcore Bushcamp
Hallet Recreation Ground,138.8898115,-33.40717,Hardcore Bushcamp
Cooroy RV Stopover,152.9079767,-26.4137689,Hardcore Bushcamp
Daysdale Recreation Reserve,146.3026692,-35.6345396,Commercial / Resort
Downey Creek camping area,145.7838367,-17.675036,Hardcore Bushcamp
Hinson Creek camping area,145.633241,-17.6645492,Hardcore Bushcamp
Cannabullen Creek camping area,145.5777041,-17.6382387,Hardcore Bushcamp
Koolmoon Creek Headwaters camping area,145.5375067,-17.6800173,Hardcore Bushcamp
Walters Waterhole camping area,145.5658261,-17.745008,Hardcore Bushcamp
Cochable Creek camping area,145.6305243,-17.7448877,Hardcore Bushcamp
Carter Creek camping area,145.6306857,-17.6976945,Hardcore Bushcamp
Lepidozamia Bush Camp,152.758808,-27.2778208,Hardcore Bushcamp
Ferns Hideaway Resort and Caravan Park,150.661777,-22.8242863,Hardcore Bushcamp
EJ stealth camp,148.6987445,-20.2759673,Hardcore Bushcamp
Davies Creek Campground,145.5698163,-17.0039534,Hardcore Bushcamp
Tattersalls Camping,151.9671259,-32.5858703,Hardcore Bushcamp
Unnamed Campsite,146.2622094,-36.0090304,Hardcore Bushcamp
Unnamed Campsite,150.6997613,-35.1267368,Hardcore Bushcamp
Lake Kara Campsite,145.8472888,-41.2641911,Hardcore Bushcamp
The Cove Glamping Area,150.5947395,-35.1820698,Hardcore Bushcamp
Woko Campground - Woko NP,151.7920232,-31.7999907,Hardcore Bushcamp
Breeza Hall,150.4680378,-31.2467547,Hardcore Bushcamp
Lorella Springs Wilderness Park,135.6406835,-15.7205598,Commercial / Resort
Unnamed Campsite,134.8050088,-14.7721126,Hardcore Bushcamp
Yurrlmundji Campground,134.7894466,-14.7593519,Hardcore Bushcamp
Running Creek Parklands,152.7850121,-26.8683439,Hardcore Bushcamp
Unnamed Campsite,146.3584471,-36.0414347,Hardcore Bushcamp
Stantons Bend Campsite,146.3538122,-36.0407667,Hardcore Bushcamp
Unnamed Campsite,146.3599223,-36.0407928,Hardcore Bushcamp
Unnamed Campsite,146.3678455,-36.0491727,Hardcore Bushcamp
Unnamed Campsite,146.3684919,-36.0508425,Hardcore Bushcamp
Unnamed Campsite,146.3798819,-36.0440958,Hardcore Bushcamp
Unnamed Campsite,146.3755757,-36.0461452,Hardcore Bushcamp
Unnamed Campsite,146.3769382,-36.0421374,Hardcore Bushcamp
Taylors Bend,146.2906998,-36.0362034,Hardcore Bushcamp
Unnamed Campsite,146.3002163,-36.047633,Hardcore Bushcamp
Unnamed Campsite,146.301088,-36.0366958,Hardcore Bushcamp
Unnamed Campsite,146.3005489,-36.0435038,Hardcore Bushcamp
Lake Maroon Camp Ground,152.6542229,-28.1953285,Hardcore Bushcamp
Euroa Glamping,145.6403075,-36.7108576,Hardcore Bushcamp
Mick Murray Campsite,116.2334724,-33.4573442,Hardcore Bushcamp
Old Forestry Camping Area,151.4710246,-24.5273086,Hardcore Bushcamp
Glut Campsite,143.2681513,-37.292969,Hardcore Bushcamp
Burrumbeet Brook camp site,150.1228599,-35.2757053,Hardcore Bushcamp
Rom's Bog,142.0729004,-37.2852401,Hardcore Bushcamp
Bundarra Community Caravan Park,151.0771749,-30.1710545,Commercial / Resort
Mt Dutton Bay Woolshed,135.4322914,-34.5308292,Hardcore Bushcamp
Unnamed Campsite,146.3142366,-32.0638699,Commercial / Resort
Coulta,135.4671715,-34.3874522,Hardcore Bushcamp
Parachilna Rest Area,138.3968139,-31.1332373,Hardcore Bushcamp
Upper Horton Campground,150.4433033,-30.1397438,Commercial / Resort
Carpenter Rocks Campground / Admella Reserve,140.3993686,-37.9127748,Hardcore Bushcamp
Wombat Recreation Sports Oval,148.2464251,-34.4292191,Commercial / Resort
Frances Recreation Ground,140.9591892,-36.7119189,Hardcore Bushcamp
Weethalle Showground Camping,146.6208383,-33.8699622,Commercial / Resort
Carinda Primitive Campground,147.6897131,-30.4604489,Hardcore Bushcamp
Coolatai Hall,150.7522284,-29.2505054,Hardcore Bushcamp
Perponda Oval,139.8147723,-34.9838639,Hardcore Bushcamp
Unnamed Campsite,152.876192,-26.2630071,Hardcore Bushcamp
Latham Recreation Reserve,116.4477406,-29.7590053,Commercial / Resort
Girilambone CWA Memorial Park,146.9067293,-31.2478788,Commercial / Resort
Bindoon,116.097512,-31.3855646,Commercial / Resort
Tonebridge Bridge Rest Area,116.7043748,-34.2275179,Hardcore Bushcamp
Unnamed Campsite,115.8641831,-28.8978496,Hardcore Bushcamp
Munall Camping Area,149.0672399,-23.7944904,Hardcore Bushcamp
Woolomin Reserve,151.1472857,-31.303884,Commercial / Resort
Red Lion Tavern Freecamp,151.7235592,-29.9267467,Hardcore Bushcamp
Gidgee's Bush Camp,147.1011695,-26.4199913,Commercial / Resort
Tenterfield Endurance Riding Club Inc,152.3113466,-28.9295285,Hardcore Bushcamp
Primrose Park Freedom Camping,146.282034,-38.3970434,Hardcore Bushcamp
Cumborah Recreation Reserve,147.7716561,-29.7457649,Hardcore Bushcamp
Kurth Kiln Camping and Picnic (2nd),145.5774006,-37.8999527,Hardcore Bushcamp
Baan Baa Old School Campground,149.9515708,-30.5999071,Hardcore Bushcamp
Wollomombi Store Freecamp,152.0431284,-30.5112595,Hardcore Bushcamp
Lollback Rest Area,152.5567548,-29.577608,Hardcore Bushcamp
Mount Surprise Tourist Van Park & Motel,144.3185515,-18.1482172,Commercial / Resort
Bedrock Village,144.3203357,-18.1441683,Commercial / Resort
Manildra Showground Camping,148.6893047,-33.1780589,Commercial / Resort
Escort Rock Rest Area,148.4099491,-33.4009836,Hardcore Bushcamp
Binalong Recreation Ground,148.6345212,-34.6746837,Hardcore Bushcamp
Wakool River,144.458056,-35.4996514,Hardcore Bushcamp
Conargo Sportsground,145.181778,-35.3050964,Commercial / Resort
Billabong Creek,145.1806779,-35.2947373,Hardcore Bushcamp
Grey Gum International Cafe,150.6734737,-33.0298979,Hardcore Bushcamp
Ivanhoe Servo,144.3021255,-32.90053,Commercial / Resort
North Palmer River Campsite,144.2772602,-16.0187577,Hardcore Bushcamp
Tooraweenah Rest Area,148.9203008,-31.4690985,Hardcore Bushcamp
Florida Rest Area,146.3504075,-31.5321391,Hardcore Bushcamp
MacCullochs Range Rest Area,143.8141255,-31.6951811,Hardcore Bushcamp
Barwon River Campsite,148.9834021,-28.9759087,Hardcore Bushcamp
Baden Park Rest Area,144.143309,-31.7133908,Hardcore Bushcamp
Bendemeer Tourist Park,151.1580222,-30.880859,Commercial / Resort
Booligal Hotel Camping,144.8848079,-33.8692577,Hardcore Bushcamp
Currabubula Freedom Camping,150.7396494,-31.2613029,Hardcore Bushcamp
Billabong Creek,146.5763137,-35.5932952,Hardcore Bushcamp
Drovers Camp,151.351679,-32.6256476,Hardcore Bushcamp
Finley Showground Camping,145.5668395,-35.6522494,Commercial / Resort
Hair of the Dog Inn Camping,148.8982587,-32.195668,Commercial / Resort
Milton Showground Primitive Camping Ground,150.4300737,-35.3203527,Hardcore Bushcamp
Mount Hope Community Hall,145.8786913,-32.8380153,Commercial / Resort
Spring Ridge Freedom Camp,150.2443697,-31.3968933,Hardcore Bushcamp
Wadeville Woolies Campground,153.1281584,-28.5657629,Commercial / Resort
Werris Creek Freedom Camp,150.649473,-31.3391944,Hardcore Bushcamp
John Oxley,153.222707,-27.600474,Hardcore Bushcamp
North Ridge,153.2242039,-27.6003784,Hardcore Bushcamp
Toohey Forest,153.2201065,-27.6004219,Hardcore Bushcamp
Albert Lindsay,153.2268458,-27.606598,Hardcore Bushcamp
Unnamed Campsite,117.7624431,-22.6971221,Hardcore Bushcamp
N'Dhala Gorge Campground,134.4630277,-23.6389089,Hardcore Bushcamp
Unnamed Campsite,135.0849724,-22.4684201,Hardcore Bushcamp
Jakem Farm 4x4,138.9871822,-35.1144012,Hardcore Bushcamp
Crystal Creek Beach Camping,146.3158344,-18.920065,Hardcore Bushcamp
Ungarie Showground Camping,146.9789191,-33.6360625,Commercial / Resort
Bulla Park Rest Area,144.6261021,-31.5583014,Hardcore Bushcamp
Lilydale Rest Area,144.8748185,-31.5864941,Hardcore Bushcamp
Unnamed Campsite,145.0659391,-36.8501865,Hardcore Bushcamp
Unnamed Campsite,145.2362736,-36.5960476,Hardcore Bushcamp
Ganmain Showground Camping,147.0467341,-34.7880383,Commercial / Resort
Unknown,146.2946259,-34.9370788,Hardcore Bushcamp
Lyndhurst Village Primitive Camprground,149.0381817,-33.6739372,Hardcore Bushcamp
Bendick Murrell Rest Area,148.4583262,-34.1675536,Hardcore Bushcamp
Gravel Pull Off - no toilet,118.816945,-32.2787186,Hardcore Bushcamp
Mandurama East Rest Area,149.1015387,-33.6400932,Hardcore Bushcamp
Cumalong Campsite,144.9631271,-35.8083146,Hardcore Bushcamp
Edward River Bridge Campsite 5,144.9602813,-35.8075598,Hardcore Bushcamp
Edward River Bridge Campsite 1,144.9598145,-35.8111118,Hardcore Bushcamp
Edward River Bridge Campsite,144.9591091,-35.8093043,Hardcore Bushcamp
Old Bara Campground,149.8060235,-32.5773709,Hardcore Bushcamp
Bar and Grill - Camping - sign,149.8909217,-32.9333691,Commercial / Resort
Boondooma Homestead,151.2921887,-26.202892,Commercial / Resort
Karalee Rock and Dam Campground,119.840792,-31.2498247,Hardcore Bushcamp
Bluff Hotel Campground,149.0708076,-23.5818311,Commercial / Resort
Exhibition Park Camground,149.1453035,-35.2298369,Commercial / Resort
Fishermans Bend Campsite,145.0760173,-35.8263417,Hardcore Bushcamp
Unnamed Campsite,145.0249913,-35.8461761,Hardcore Bushcamp
Douglas Campsite,145.0359683,-35.8423904,Hardcore Bushcamp
Nestrons Campsite,145.0402647,-35.8377637,Hardcore Bushcamp
Cecil Plains Apex Park,151.2048631,-27.5326981,Hardcore Bushcamp
Millar Vale Creek Park,152.2423419,-28.0652846,Hardcore Bushcamp
George and Gladys Hasted Rest Area,140.597692,-22.7728017,Hardcore Bushcamp
Top End Beach Campsite,145.3543474,-35.8658488,Hardcore Bushcamp
Paradise Beach Campsite,145.2841473,-35.855231,Hardcore Bushcamp
Unnamed Campsite,145.2950075,-35.8588374,Hardcore Bushcamp
Unnamed Campsite,145.3034028,-35.8577831,Hardcore Bushcamp
Unnamed Campsite,145.3227188,-35.8502232,Hardcore Bushcamp
Scotts Beach Campsite,145.2647308,-35.8511776,Hardcore Bushcamp
House Creek Campsite,145.1723796,-35.8376571,Hardcore Bushcamp
Unnamed Campsite,145.1891541,-35.8333343,Hardcore Bushcamp
Honeymoon Bend Campsite,145.1928127,-35.8363764,Hardcore Bushcamp
Unnamed Campsite,145.213632,-35.8351772,Hardcore Bushcamp
Pinch Gut Campsite,145.134535,-35.8267028,Hardcore Bushcamp
1818 Bend Campsite,145.139206,-35.8274346,Hardcore Bushcamp
Wire Fence Landing Campsite,145.1605051,-35.8311561,Hardcore Bushcamp
St John's Campsite,145.0909585,-35.8247988,Hardcore Bushcamp
Kangaroo Bend Campsite,145.0942093,-35.8305856,Hardcore Bushcamp
Unnamed Campsite,145.0943339,-35.8281163,Hardcore Bushcamp
Hooked Leaf Wattle Campsite,145.1007807,-35.8249837,Hardcore Bushcamp
Cherry Tree Campsite,145.1107505,-35.8223413,Hardcore Bushcamp
Potts Campsite,145.1166299,-35.8212343,Hardcore Bushcamp
Unnamed Campsite,145.1258031,-35.8271867,Hardcore Bushcamp
Jimbour Park / Jimbour Community Rest Area,151.2165298,-26.963938,Hardcore Bushcamp
Split Rock Dam,150.6761588,-30.5638356,Hardcore Bushcamp
Springdale Rest Area,147.7259916,-34.4676153,Hardcore Bushcamp
Baerami Community Hall,150.4667779,-32.3865003,Hardcore Bushcamp
Abermain Bowling Club - SC only 72 hrs,151.4269143,-32.8072175,Hardcore Bushcamp
Jamberoo Park Campground,150.7750428,-34.6463883,Hardcore Bushcamp
Mamanga Campground,143.5137282,-34.664328,Hardcore Bushcamp
Marsden Rest Area - Northbound,147.5169234,-33.7664384,Hardcore Bushcamp
Unnamed Campsite,142.484393,-32.312274,Hardcore Bushcamp
Woolbrook Hall,151.3454109,-30.9657929,Hardcore Bushcamp
Jimmys Bend,145.9109209,-37.1249325,Hardcore Bushcamp
Dumbells,145.9080813,-37.1290184,Hardcore Bushcamp
Deanos Springwater Smoked Trout,151.6668729,-30.2983979,Commercial / Resort
Unnamed Campsite,147.1267819,-36.885209,Hardcore Bushcamp
Federation Hut,147.1227582,-36.9014556,Hardcore Bushcamp
Piallamore Recreation Reserve - Only open during CMF,151.0596831,-31.1647512,Hardcore Bushcamp
Macquarie Heads Pine Forest,145.2540636,-42.216989,Hardcore Bushcamp
Unnamed Campsite,145.273405,-42.2084467,Hardcore Bushcamp
Unnamed Campsite,145.2859738,-42.2148178,Hardcore Bushcamp
Unnamed Campsite,145.2857405,-42.2161666,Hardcore Bushcamp
Pinnarendi Station Stay & Cafe,144.8818671,-18.0406467,Commercial / Resort
Big Bend,142.0126319,-36.5515694,Hardcore Bushcamp
Kyogle Showgrounds,152.9974157,-28.6158864,Commercial / Resort
Long Gully,145.9871096,-37.1485795,Hardcore Bushcamp
Kirbys,145.9916641,-37.1580381,Hardcore Bushcamp
Newtons,146.0055074,-37.1808568,Hardcore Bushcamp
Taylors,145.9863743,-37.142223,Hardcore Bushcamp
Taylors 2,145.9850073,-37.1403188,Hardcore Bushcamp
Cullitons,145.9870923,-37.1441381,Hardcore Bushcamp
Wentworths,145.9800089,-37.1389209,Hardcore Bushcamp
Bee Tree,145.9558589,-37.1236852,Hardcore Bushcamp
North Camp,145.9522964,-37.1243348,Hardcore Bushcamp
Kangaroo Gully,145.9449921,-37.1244008,Hardcore Bushcamp
Crockett Bay,145.9411225,-37.126599,Hardcore Bushcamp
Harrops Flat,145.9391099,-37.1248192,Hardcore Bushcamp
Parkers Flat,145.9240869,-37.1202612,Hardcore Bushcamp
Owens Hill,145.9151118,-37.115769,Hardcore Bushcamp
Raids Inlet,145.90963,-37.1133796,Hardcore Bushcamp
South Maintongoon,145.902993,-37.1511051,Hardcore Bushcamp
Charlotte Plains,146.1775027,-28.0812165,Commercial / Resort
Bulloo River Crossing Free Camping Area,143.8330231,-27.9975124,Hardcore Bushcamp
Noccundra Hall Camping - Prebook with pub,142.589773,-27.817517,Commercial / Resort
Unnamed Campsite,146.2145171,-36.1153348,Hardcore Bushcamp
Unnamed Campsite,146.2158474,-36.1084247,Hardcore Bushcamp
Unnamed Campsite,146.2176673,-36.0970549,Hardcore Bushcamp
GSWW Mallee Hike-In Camp,141.549925,-38.4266178,Hardcore Bushcamp
Jackson Rest Area,142.6823081,-27.6324349,Hardcore Bushcamp
Murray River Caravans,145.369336,-36.405708,Commercial / Resort
Bulloo Developmental Road Rest Area,143.3543865,-27.7737785,Hardcore Bushcamp
Diamantina Developmental Road Rest Area,143.9211626,-26.6099123,Hardcore Bushcamp
Rock Pool Camping and Recreation Reserve,146.3508091,-26.4189855,Hardcore Bushcamp
Mungallala Hotel Caravan Park,147.5430364,-26.4459705,Commercial / Resort
Bungeworgorai Creek Rest Area,148.6943815,-26.5918416,Hardcore Bushcamp
Myall Park Botanical Gardens,149.65379,-27.2042782,Hardcore Bushcamp
Chinamans Lagoon Rest Area,150.1857691,-26.6680403,Hardcore Bushcamp
Jackson Rest Area,149.6249076,-26.6434534,Hardcore Bushcamp
Nana Glen Equestrian Camping,153.0185366,-30.1298275,Hardcore Bushcamp
Hakuna Matata,151.9876131,-32.4713364,Hardcore Bushcamp
Possum Park Sporting and Camping Facility,148.5569715,-25.8472857,Commercial / Resort
Rest Area,148.6596848,-25.3061896,Hardcore Bushcamp
Rest Area,148.5659682,-25.1789137,Hardcore Bushcamp
Capella Rest Area,148.0229014,-23.0859671,Hardcore Bushcamp
Possible Rest Area Camp,147.6468502,-22.802543,Hardcore Bushcamp
Mingela Rest Area,146.6218311,-19.878319,Hardcore Bushcamp
Basalt River,145.7731,-19.6308712,Hardcore Bushcamp
Fletcher Creek Camping Reserve SW,146.0538052,-19.816027,Hardcore Bushcamp
Fletcher Creek Camping Reserve N,146.0552751,-19.8138304,Hardcore Bushcamp
Big Bend Campground,146.1366643,-19.8618987,Hardcore Bushcamp
Rest Area,145.1901355,-21.8959187,Hardcore Bushcamp
Nat Buchanan Bridge Rest Area,145.0092405,-22.4546201,Hardcore Bushcamp
Unnamed Campsite,145.0798502,-22.8501491,Hardcore Bushcamp
cottage creek,148.0994975,-35.9702065,Hardcore Bushcamp
Unnamed Campsite,145.2752318,-23.5908832,Hardcore Bushcamp
Red Lizard Camping Ground,146.2317431,-26.4625346,Commercial / Resort
The Beach,145.9685948,-27.2497443,Hardcore Bushcamp
Dingo Waterhole,144.3333438,-15.027687,Hardcore Bushcamp
Mick Fienn Waterhole,144.3142772,-14.9667776,Hardcore Bushcamp
Lime Pocket Camp Site 4,153.084227,-26.9573931,Hardcore Bushcamp
Lime Pocket Camp Site 3,153.0847668,-26.9566896,Hardcore Bushcamp
Lime Pocket Camp Site 2,153.0869508,-26.9523042,Hardcore Bushcamp
Lime Pocket Camp Site 1,153.0870379,-26.9521249,Hardcore Bushcamp
Mission Point Camp Sites 1-8,153.0779277,-26.9758932,Hardcore Bushcamp
Kyabra Creek Rest Area,143.4437185,-26.0968138,Hardcore Bushcamp
Cooper Creek Beach Campground,142.7440909,-25.3714573,Hardcore Bushcamp
Black Sallee,147.3057842,-37.1006804,Hardcore Bushcamp
Apex Park Riverside Buish Camp - Overflow Only,144.230064,-23.4102553,Hardcore Bushcamp
Barcaldine East Rest Area,145.3068777,-23.5522622,Hardcore Bushcamp
Alice River Rest Area,145.8002329,-23.565518,Hardcore Bushcamp
Mission Point Camp Sites 9-12,153.0774429,-26.9768658,Hardcore Bushcamp
Belyando River Rest Area,146.9298041,-23.6610529,Hardcore Bushcamp
Pine Hill Creek Rest Area,147.0910036,-23.6703322,Hardcore Bushcamp
Drummond Range Lookout Rest Area,147.2037756,-23.656397,Hardcore Bushcamp
Free Camping,150.5614761,-35.0234885,Hardcore Bushcamp
Forestvale Rest Area,147.8702247,-25.925867,Hardcore Bushcamp
Kalymna Falls Camping Area,142.6210468,-37.3238311,Hardcore Bushcamp
The Gums Sports Club Camping,150.1945061,-27.3401672,Hardcore Bushcamp
The Gums Store Rest Stop,150.1885361,-27.343184,Hardcore Bushcamp
Tareelaroi Weir,150.0375169,-29.4485178,Hardcore Bushcamp
Tareelaroi Weir Flats,150.0404498,-29.4469223,Hardcore Bushcamp
Fiddlers Green,146.3846162,-37.6163819,Hardcore Bushcamp
Unnamed Campsite,146.3924228,-37.4393252,Hardcore Bushcamp
Rumpff Saddle,146.4005752,-37.4326609,Hardcore Bushcamp
Bohena Creek Rest Area,149.6778401,-30.4371359,Hardcore Bushcamp
Leinster Flat Camping Ground,146.9245471,-36.9293632,Hardcore Bushcamp
Unnamed Campsite,146.8911126,-36.9085618,Hardcore Bushcamp
Good Hope Flat Camping Ground,146.9257375,-36.9335613,Hardcore Bushcamp
Yurluk Camping Ground,146.9309845,-36.9553189,Hardcore Bushcamp
The Bend Camping Ground,146.9328616,-36.9634255,Hardcore Bushcamp
Low Saddle,146.4421017,-37.3330161,Hardcore Bushcamp
Chesters Yard,146.5964399,-37.2368407,Hardcore Bushcamp
Pilliga Rest Area,149.5255111,-30.7226485,Hardcore Bushcamp
Yamminba Rest Area,149.4571635,-30.8545511,Hardcore Bushcamp
Pilliga Pottery - Barkala Farmstay and Campsite,149.3180052,-31.0443162,Hardcore Bushcamp
David Gillon Park Rest Area,148.5123646,-31.4242204,Hardcore Bushcamp
Bunyip Hole Campground,145.988753,-34.5593101,Hardcore Bushcamp
Boolba Tennis Courts,148.1071611,-27.9614033,Hardcore Bushcamp
Zebra Stone Litchfield,130.9380497,-13.0212912,Hardcore Bushcamp
Unnamed Campsite,146.2402276,-37.7915925,Hardcore Bushcamp
Unnamed Campsite,146.2602423,-37.802371,Hardcore Bushcamp
Pump Hole,144.5655008,-22.5827613,Hardcore Bushcamp
Kyabra Creek,143.1662892,-26.3144712,Hardcore Bushcamp
Limmen Bight Campground,135.406234,-15.4765157,Hardcore Bushcamp
Didi Baba Campground,134.8367701,-14.7744805,Hardcore Bushcamp
Mountain Creek Campground,134.806771,-14.7743845,Hardcore Bushcamp
Buckaroola Quarry,142.788469,-27.1313167,Hardcore Bushcamp
Buckaroola,142.8177482,-27.1196047,Hardcore Bushcamp
Bulloo River Crossing Free Camping Area (North),143.8353313,-27.9957245,Hardcore Bushcamp
Nebine Creek Rest Area,146.8147218,-27.9951724,Hardcore Bushcamp
Thallon Recreation Ground - Powered Paid,148.8659546,-28.63242,Commercial / Resort
Unnamed Campsite,122.5116546,-23.4210807,Hardcore Bushcamp
Unnamed Campsite,122.5489728,-23.4973667,Hardcore Bushcamp
Unnamed Campsite,122.5940365,-23.5337513,Hardcore Bushcamp
Rosenheath Station Historic Farmstay,151.4923698,-29.0828246,Commercial / Resort
Wallangra Community Sports Ground Rest Area,150.8989444,-29.258457,Hardcore Bushcamp
Longpoint East,142.4680987,-37.0140781,Hardcore Bushcamp
The Gums,152.2988714,-26.5419661,Hardcore Bushcamp
Loop Campsite,145.9521943,-35.9746287,Hardcore Bushcamp
Blue Hole Campsite,145.9522292,-35.979289,Hardcore Bushcamp
Victoria Campsite,145.9494129,-35.9604965,Hardcore Bushcamp
Unnamed Campsite,145.9537876,-35.9904512,Hardcore Bushcamp
River Campsite,145.9476738,-35.9694502,Hardcore Bushcamp
Paddys Beach Campsite,145.9134552,-35.9512517,Hardcore Bushcamp
One Tree Beach Campsite,145.8595347,-35.959398,Hardcore Bushcamp
Lagoon Campsite,145.8698773,-35.9544565,Hardcore Bushcamp
Sandy Beach Campsite,145.8808717,-35.9564387,Hardcore Bushcamp
Free Camping Elliston,134.8324348,-33.622516,Hardcore Bushcamp
Ti Tree Creek Rest Area,150.5435797,-29.6135346,Hardcore Bushcamp
Boora Crossing - Gwydir River Camps,150.6369845,-29.9130503,Hardcore Bushcamp
Tourist Park,148.6710224,-20.4075153,Hardcore Bushcamp
Tambo Mill Motel and Caravan Park,146.2524295,-24.8840148,Commercial / Resort
Unnamed Campsite,142.6549768,-21.9644923,Hardcore Bushcamp
Mango Tree Park,153.2387634,-27.9906677,Hardcore Bushcamp
Unnamed Campsite,146.37023,-36.0505953,Hardcore Bushcamp
Foysayth,143.6028462,-18.5860003,Hardcore Bushcamp
Einasleigh River,144.0067522,-18.1865297,Hardcore Bushcamp
Smitt Rock Campsite,132.4848265,-14.3153364,Hardcore Bushcamp
Dunlop Swamp Campsite,132.4734233,-14.3292509,Hardcore Bushcamp
Cullendore High Country,152.1223755,-28.4920602,Hardcore Bushcamp
Upper Noosa River Campsite 2,153.041467,-26.1680841,Hardcore Bushcamp
Wilson Bight Campsite,146.0803746,-43.5403957,Hardcore Bushcamp
New Harbour West Campsite,146.1474182,-43.5012341,Hardcore Bushcamp
New Harbour East Campsite,146.15804,-43.5023673,Hardcore Bushcamp
Hidden Bay Campsite,146.1300828,-43.5187961,Hardcore Bushcamp
Ketchem Bay Campsite,146.1091081,-43.5258048,Hardcore Bushcamp
Wreck Rock Camping Area,151.9616394,-24.3159904,Hardcore Bushcamp
Free Camping,131.9745885,-14.0706887,Hardcore Bushcamp
Middle Rock Camping Area,151.9527852,-24.2901907,Hardcore Bushcamp
Eureka Creek,145.0413712,-17.186659,Hardcore Bushcamp
Robbie Robins Reserve,130.941485,-12.4420352,Commercial / Resort
Unnamed Campsite,144.2550166,-19.7922268,Hardcore Bushcamp
Poddys Creek Rest Area,142.2308353,-22.214191,Hardcore Bushcamp
The Thirsty Camel,139.8640489,-21.3563185,Commercial / Resort
Eddie Miller Rest Area,139.6691528,-23.4161733,Hardcore Bushcamp
Mount Britton Camping,148.5456377,-21.403546,Hardcore Bushcamp
Numninbah Valley Scouts Camp,153.252151,-28.1045271,Hardcore Bushcamp
Unnamed Campsite,152.2772331,-26.5501504,Hardcore Bushcamp
Oma Waterhole,144.3221938,-24.2826281,Hardcore Bushcamp
Yuranigh Ponds,144.4785092,-24.2988579,Hardcore Bushcamp
Raymond Creek Falls,148.3087456,-37.4840278,Hardcore Bushcamp
Illinbah Bush Camp,153.1700241,-28.1592282,Hardcore Bushcamp
Unnamed Campsite,121.2289531,-23.8033397,Hardcore Bushcamp
Unnamed Campsite,121.6781555,-24.0234581,Hardcore Bushcamp
Unnamed Campsite,121.7067691,-24.1024144,Hardcore Bushcamp
Unnamed Campsite,121.6947584,-24.107305,Hardcore Bushcamp
Unnamed Campsite,121.3486776,-24.2371202,Hardcore Bushcamp
Unnamed Campsite,121.3346397,-24.2158627,Hardcore Bushcamp
Unnamed Campsite,121.3244598,-24.227902,Hardcore Bushcamp
Unnamed Campsite,120.9711796,-23.771418,Hardcore Bushcamp
Unnamed Campsite,120.8887201,-23.8055348,Hardcore Bushcamp
Unnamed Campsite,120.8898279,-23.8067976,Hardcore Bushcamp
Unnamed Campsite,120.7193705,-23.9254119,Hardcore Bushcamp
Unnamed Campsite,121.4126686,-23.7872836,Hardcore Bushcamp
Unnamed Campsite,121.4240156,-23.7947308,Hardcore Bushcamp
Unnamed Campsite,146.2142092,-34.6196358,Hardcore Bushcamp
Unnamed Campsite,147.0744062,-37.0161275,Hardcore Bushcamp
Unnamed Campsite,147.0705746,-37.0211035,Hardcore Bushcamp
Unnamed Campsite,147.0500109,-37.0271432,Hardcore Bushcamp
Clear Creek Campground,146.8870943,-36.8911532,Hardcore Bushcamp
Unnamed Campsite,145.0047451,-15.3000271,Hardcore Bushcamp
Deepdene Campsite,115.0513062,-34.2709772,Hardcore Bushcamp
Cec Barrows Group Site,116.2439041,-31.6102692,Hardcore Bushcamp
Riverside Caravan Park,142.0248749,-36.4571249,Commercial / Resort
Candole Creek,153.277809,-29.6796831,Hardcore Bushcamp
Main Beach camping area,153.475002,-27.5960013,Hardcore Bushcamp
Point Rd,115.017138,-34.0925511,Hardcore Bushcamp
Camp site WBS 7,153.3684071,-27.1891322,Hardcore Bushcamp
Foxbar Falls,151.769693,-28.5822032,Hardcore Bushcamp
Cheela Plains Station Stay,116.9833472,-22.9662568,Commercial / Resort
Yarra Valley Parklane Caravan Park,145.5461527,-37.682685,Commercial / Resort
Gunbower 5,144.129709,-35.6635984,Hardcore Bushcamp
Gunbower 1,144.1274523,-35.6631009,Hardcore Bushcamp
Gunbower 6,144.1322428,-35.6666441,Hardcore Bushcamp
Gunbower 7,144.1329902,-35.6668562,Hardcore Bushcamp
Gunbower 8,144.1347533,-35.6668068,Hardcore Bushcamp
Gunbower 9,144.1359889,-35.6678179,Hardcore Bushcamp
Gunbower 2,144.1287112,-35.6627159,Hardcore Bushcamp
Gunbower 3,144.1290491,-35.6628016,Hardcore Bushcamp
Gunbower 14,144.1478736,-35.6839572,Hardcore Bushcamp
Gunbower 13,144.1479523,-35.6842971,Hardcore Bushcamp
Gunbower 11,144.1478821,-35.6854701,Hardcore Bushcamp
Gunbower 10,144.1458839,-35.6849283,Hardcore Bushcamp
Gunbower 12,144.14782,-35.6847647,Hardcore Bushcamp
Gunbower 16,144.1494186,-35.6814808,Hardcore Bushcamp
Gunbower 15,144.1481097,-35.6827532,Hardcore Bushcamp
Toompine Rest Area,144.3677068,-27.2219307,Commercial / Resort
Sovereign Bend,144.1511866,-35.653614,Hardcore Bushcamp
Unnamed Campsite,144.151314,-35.6528597,Hardcore Bushcamp
Unnamed Campsite,144.1544126,-35.6496832,Hardcore Bushcamp
Unnamed Campsite,144.1542785,-35.6480445,Hardcore Bushcamp
Unnamed Campsite,144.1534706,-35.646446,Hardcore Bushcamp
Unnamed Campsite,144.1535222,-35.6565223,Hardcore Bushcamp
Meentheena Veterans Retreat,120.4554883,-21.2665676,Commercial / Resort
Tranquility Pool,120.4701331,-21.2703669,Commercial / Resort
The Paperbarks,120.4646426,-21.2785375,Commercial / Resort
Henry's Camp,142.0367315,-37.3181943,Hardcore Bushcamp
Alroy Camping Grounds,144.7080978,-27.8021851,Hardcore Bushcamp
Unnamed Campsite,152.3517737,-28.3071519,Hardcore Bushcamp
Stony Creek Campsite,145.8303366,-18.4806418,Hardcore Bushcamp
Pack Trail campsite,145.7420568,-18.4639949,Hardcore Bushcamp
Yamanie Pick-Up Point & Campsite,145.7720842,-18.4149783,Hardcore Bushcamp
Coburn Hotel Camping,140.9968976,-32.0769502,Commercial / Resort
Culburra Soldiers Memorial Hall Campground,139.9665737,-35.8140032,Hardcore Bushcamp
Eudunda Freecamp - Check Validity,139.087645,-34.1800008,Hardcore Bushcamp
Wail Campsite 4,142.0161484,-36.5389429,Hardcore Bushcamp
Westmar Roadhouse Freecamp,149.7178445,-27.920015,Hardcore Bushcamp
Muswellbrook Showgrounds Caravan Park,150.8947251,-32.2775318,Commercial / Resort
Theodore Sport and Recreation Grounds Camping Facility,150.076788,-24.9361535,Commercial / Resort
Broughton River Campground,138.5678977,-33.5158709,Hardcore Bushcamp
Geranium Oval RV Camp,140.1592584,-35.3837902,Hardcore Bushcamp
RM Williams Australian Bush Learning Centre s/c only,151.1284306,-25.3724975,Hardcore Bushcamp
Lochaber Tourist Park,151.2164425,-25.4689098,Commercial / Resort
Tulip Tree Creek Campsite,145.9982501,-41.3563644,Hardcore Bushcamp
Bare Mountain Camp,145.8975041,-41.5038931,Hardcore Bushcamp
Paddys Lake Northside,145.9613246,-41.4502759,Hardcore Bushcamp
Paddys Lake Southside,145.9618235,-41.4522279,Hardcore Bushcamp
Jandowae Showground Camping,151.110445,-26.7873545,Commercial / Resort
Blackbutt Sports Centre,152.0962556,-26.8863803,Hardcore Bushcamp
Maidenwell Sports Ground,151.7963914,-26.8475173,Hardcore Bushcamp
Blackbutt Golf Club,152.098667,-26.8634702,Hardcore Bushcamp
Free Camp,138.5697887,-33.5160462,Hardcore Bushcamp
Free Camp,139.6135044,-34.6351818,Hardcore Bushcamp
Tcharkuldu Rock - East,135.1987713,-32.8472152,Hardcore Bushcamp
Yunta Centenary Park,139.5621316,-32.5821699,Hardcore Bushcamp
Olary Rest Area,140.3266299,-32.2821018,Hardcore Bushcamp
Delungra Hotel,150.8276714,-29.6536291,Hardcore Bushcamp
Green Valley Farm,151.3003908,-29.9892201,Commercial / Resort
Blanket Creek bush camp,145.6116005,-18.2474871,Hardcore Bushcamp
Tea Tree Campground,146.665442,-36.8395548,Hardcore Bushcamp
Blades Campsite,146.6611987,-36.8219473,Hardcore Bushcamp
Manna Gum Campground,146.6759831,-36.8457293,Hardcore Bushcamp
Abbeyards Campground,146.7083171,-36.9152425,Hardcore Bushcamp
Flat Rock Camp,136.8521528,-33.7982544,Hardcore Bushcamp
Camp Quaranup,117.9129746,-35.0532995,Hardcore Bushcamp
Mutarnee,146.2841401,-18.9545306,Hardcore Bushcamp
Charleys Creek Campgrounds,150.6154817,-26.7380962,Hardcore Bushcamp
Camp Panorama,150.1001518,-33.7373428,Hardcore Bushcamp
Carcase Rock Campsite,136.0108981,-34.7625652,Hardcore Bushcamp
MacLaren Point Campground,136.0051753,-34.7959612,Hardcore Bushcamp
Gibraltar Rock,150.1236409,-33.7338425,Hardcore Bushcamp
Snake and Nip Camping Ground,150.1179736,-33.767,Hardcore Bushcamp
Unnamed Campsite,145.6385883,-42.0737647,Hardcore Bushcamp
Unnamed Campsite,146.4668155,-42.2823338,Hardcore Bushcamp
Unnamed Campsite,146.3303372,-42.1783469,Hardcore Bushcamp
Unnamed Campsite,146.2685104,-42.2605264,Hardcore Bushcamp
Unnamed Campsite,146.4743461,-42.2723526,Hardcore Bushcamp
Unnamed Campsite,146.4799597,-42.2724888,Hardcore Bushcamp
Unnamed Campsite,146.4602337,-42.2761346,Hardcore Bushcamp
Unnamed Campsite,146.4989059,-42.2604898,Hardcore Bushcamp
Unnamed Campsite,146.5017557,-42.2630689,Hardcore Bushcamp
Unnamed Campsite,146.4853984,-42.0824424,Hardcore Bushcamp
Unnamed Campsite,146.6508794,-42.2078776,Hardcore Bushcamp
Lower Portals Bush Camp,152.6985937,-28.2494894,Hardcore Bushcamp
Deepdene Farmstay Camping,115.1061935,-34.2740644,Hardcore Bushcamp
Hellfire Creek campsite,146.6305057,-37.1883639,Hardcore Bushcamp
Unnamed Campsite,141.1101577,-34.1194156,Hardcore Bushcamp
Boatramp Camp (unofficial),141.1073816,-34.1194667,Hardcore Bushcamp
Unnamed Campsite,141.1114452,-34.1211143,Hardcore Bushcamp
Unnamed Campsite,141.112443,-34.1212319,Hardcore Bushcamp
Unnamed Campsite,141.4687996,-37.9333188,Hardcore Bushcamp
Unnamed Campsite,141.4760639,-37.9313949,Hardcore Bushcamp
Unnamed Campsite,141.490344,-37.9338658,Hardcore Bushcamp
Unnamed Campsite,141.5150088,-37.932705,Hardcore Bushcamp
Unnamed Campsite,141.506388,-37.9345504,Hardcore Bushcamp
Unnamed Campsite,142.6549387,-13.3889881,Hardcore Bushcamp
Horsetailer Waterhole,142.3135364,-13.4094772,Hardcore Bushcamp
Goveners Waterhole,142.3137563,-13.4379077,Hardcore Bushcamp
Vardons Lagoon,142.536303,-13.5554755,Hardcore Bushcamp
Second Coen River,142.5696525,-13.6175248,Hardcore Bushcamp
Chong Swamp,142.5824922,-13.6126265,Hardcore Bushcamp
First Coen River,142.5713879,-13.6327819,Hardcore Bushcamp
Manilla Road Lions Rest Area,150.752814,-30.8043277,Hardcore Bushcamp
Stringy Bark Point Campsite,151.2679558,-33.2893984,Hardcore Bushcamp
Manning Park Rest,152.4692716,-32.029734,Hardcore Bushcamp
Overnight Caravan Stay,137.9141761,-34.4246954,Hardcore Bushcamp
Parara Bush Campground,137.9095537,-34.4592824,Hardcore Bushcamp
Willow Tree Freedom Camp,150.7199057,-31.6449282,Hardcore Bushcamp
Bunnan Rest Area,150.5857846,-32.0349712,Hardcore Bushcamp
Unnamed Campsite,145.9310371,-42.2619702,Hardcore Bushcamp
Fernbrook Campground,150.1370204,-33.4310237,Hardcore Bushcamp
Jemalong Weir Park,147.7744682,-33.3991765,Hardcore Bushcamp
Warroo Bridge,147.5826531,-33.3283872,Hardcore Bushcamp
Bogan Weir,148.1272552,-32.7231891,Hardcore Bushcamp
Baldy Mountain Forest Reserve Bush Camping,145.3967039,-17.3037298,Hardcore Bushcamp
Baldy Mountain Forest Reserve Bush Camping,145.3995679,-17.3718686,Hardcore Bushcamp
Unnamed Campsite,146.2754415,-18.9730504,Hardcore Bushcamp
Peach Tree Campsite,150.7873616,-33.4289869,Hardcore Bushcamp
Unnamed Campsite,146.5717471,-41.1537616,Hardcore Bushcamp
The Royal Hotel,150.6885121,-32.3888784,Hardcore Bushcamp
Myrtleford Turn-Off Camping Area,146.7821707,-37.1682762,Hardcore Bushcamp
Tim's Camp,146.8975143,-37.1820945,Hardcore Bushcamp
Unnamed Campsite,146.8940776,-37.172408,Hardcore Bushcamp
Unnamed Campsite,146.9058508,-37.2066298,Hardcore Bushcamp
Number One Camp Horseyards,145.1734641,-37.3201515,Hardcore Bushcamp
Froam,147.1143343,-37.7756782,Hardcore Bushcamp
Carney's Camp,147.1133684,-37.7497081,Hardcore Bushcamp
Shadey's Place,147.1225977,-37.7141429,Hardcore Bushcamp
Johnston's Flat,147.1418724,-37.7065087,Hardcore Bushcamp
Lloyd's Knob,147.1434333,-37.7033953,Hardcore Bushcamp
Valencia Creek Picnic Area,146.9928858,-37.7637224,Hardcore Bushcamp
Wombat Crossing Camp Site B,146.9244132,-37.8061113,Hardcore Bushcamp
Dermody's,146.9176985,-37.8046114,Hardcore Bushcamp
Barkly Bridge,146.5679975,-37.5587822,Hardcore Bushcamp
Central Valley - Campground 1,130.8396202,-13.2335591,Hardcore Bushcamp
Store Point,146.5015226,-37.754025,Hardcore Bushcamp
Goonan's,146.4557757,-37.7491351,Hardcore Bushcamp
Link Road,146.1234747,-37.7896714,Hardcore Bushcamp
Checking Station,146.0152362,-37.8015026,Hardcore Bushcamp
Joseph Wills Park,151.2929424,-29.8131028,Hardcore Bushcamp
Monda Horseyards,145.5731111,-37.5833225,Hardcore Bushcamp
Dindi Mill,145.5636983,-37.4792895,Hardcore Bushcamp
Lukes Creek,145.4911034,-37.4478829,Hardcore Bushcamp
Two Hill,145.4796732,-37.4479434,Hardcore Bushcamp
Stanley Homestead,145.5598774,-37.2851693,Hardcore Bushcamp
Keppels Hut,145.8517874,-37.4606826,Hardcore Bushcamp
Rubicon Camping Area,145.8632669,-37.3279268,Hardcore Bushcamp
Married Men,145.9425045,-37.5290987,Hardcore Bushcamp
Reids Quarry,145.9563393,-37.5202296,Hardcore Bushcamp
Petroffs,145.9650824,-37.5210548,Hardcore Bushcamp
Gaffneys Creek Reserve,146.1922623,-37.4783481,Hardcore Bushcamp
North Maintongoon,145.9157554,-37.1482828,Hardcore Bushcamp
Parkers Flat 3,145.9217004,-37.1189622,Hardcore Bushcamp
Parkers Flat 2,145.9255366,-37.1208021,Hardcore Bushcamp
Blue Gum Flat 2,145.9969254,-37.1718167,Hardcore Bushcamp
Ruoaks,145.804027,-36.9221952,Hardcore Bushcamp
Goldworthys,145.8454448,-36.9123388,Hardcore Bushcamp
Edi Cutting,146.4214913,-36.6561183,Hardcore Bushcamp
Mount Terrible Hut,146.1402817,-37.3947759,Hardcore Bushcamp
Gallows,146.2235636,-37.2882107,Hardcore Bushcamp
Fergusons,146.2575732,-37.309452,Hardcore Bushcamp
Axe Track,146.2909934,-37.3104397,Hardcore Bushcamp
Silvermine,146.3482233,-37.3297459,Hardcore Bushcamp
Wrens Flat,146.3727732,-37.342821,Hardcore Bushcamp
Upper Jamieson Four,146.4693317,-37.2602309,Hardcore Bushcamp
Upper Jamieson Three,146.4672821,-37.2595288,Hardcore Bushcamp
Upper Jamieson Two,146.4658651,-37.2594373,Hardcore Bushcamp
Running Creek Track,145.9860049,-37.3521144,Hardcore Bushcamp
Taponga,146.0575733,-37.3702274,Hardcore Bushcamp
Old Coach Camping Area,146.0680966,-37.38721,Hardcore Bushcamp
Razorback Hut,146.4641421,-37.1039582,Hardcore Bushcamp
Mt No. 3 Refuge Hut,146.4169768,-37.076249,Hardcore Bushcamp
Tomahawk Hut,146.4114587,-37.0404913,Hardcore Bushcamp
Evans Creek Hut,146.3789212,-37.0061422,Hardcore Bushcamp
Buttercup Four Camping Area,146.34113,-37.0680472,Hardcore Bushcamp
Buttercup Three Camping Area,146.3387395,-37.0685014,Hardcore Bushcamp
Buttercup Two Camping Area,146.3264961,-37.0805038,Hardcore Bushcamp
Blacks Camp,147.6571606,-37.6670024,Hardcore Bushcamp
Mount Taylor,147.5836976,-37.7030908,Hardcore Bushcamp
Bark Sheds,147.868092,-37.549992,Hardcore Bushcamp
Unnamed Campsite,147.0392719,-37.0283923,Hardcore Bushcamp
Unnamed Campsite,150.4429592,-33.7452947,Hardcore Bushcamp
Metropolitan Hotel Freecamping,146.3151019,-32.0647754,Hardcore Bushcamp
Unnamed Campsite,146.4102396,-37.4265238,Hardcore Bushcamp
Unnamed Campsite,146.5204324,-37.2892026,Hardcore Bushcamp
Unnamed Campsite,146.9484992,-37.0408346,Hardcore Bushcamp
Bike Territory Ride Park,150.1105133,-30.1327609,Commercial / Resort
Bowling Club Freecamp,145.8849757,-34.807457,Hardcore Bushcamp
Nyimba Camp,146.8173799,-37.5312102,Hardcore Bushcamp
Skipworth Springs Canoe Camp,141.1902388,-38.0523255,Hardcore Bushcamp
Lasletts Canoe Camp,141.0161305,-37.9935694,Hardcore Bushcamp
Tooleybuc Sporting Club RV Parking,143.3356876,-35.0239456,Hardcore Bushcamp
Geltwood Campground,140.2251097,-37.6578679,Hardcore Bushcamp
Werrimull Campground,141.5941074,-34.387357,Hardcore Bushcamp
Loch Luna Eco Stay,140.3756809,-34.1905158,Hardcore Bushcamp
Unnamed Campsite,146.8377685,-37.2068439,Hardcore Bushcamp
Unnamed Campsite,146.8102255,-37.1868488,Hardcore Bushcamp
Unnamed Campsite,146.830257,-37.2036684,Hardcore Bushcamp
Booborowie Recreation Reserve,138.7593526,-33.558944,Hardcore Bushcamp
Spalding Recreation Ground,138.6048459,-33.4999563,Hardcore Bushcamp
Gulnare Recreation Reserve,138.4395205,-33.4685996,Hardcore Bushcamp
Unnamed Campsite,138.237948,-32.8965934,Hardcore Bushcamp
Goyder's Line Memorial Rest Area (North),138.2081874,-32.7989913,Hardcore Bushcamp
Kookaburra Creek Bush Reterat,138.1591262,-32.7575114,Commercial / Resort
Lincoln/Eyre Highway Junction Rest Area,137.5737931,-32.6163362,Hardcore Bushcamp
Unnamed Campsite,149.9706207,-33.6030351,Hardcore Bushcamp
Unnamed Campsite,148.281998,-36.1104847,Hardcore Bushcamp
Memorial Park,146.9279901,-43.1681328,Hardcore Bushcamp
Kingston RV Park,139.8508212,-36.8272728,Hardcore Bushcamp
Nationdale Bush Camping,134.9724382,-33.6537355,Hardcore Bushcamp
Coodlie Park Camping,134.7804802,-33.2865397,Hardcore Bushcamp
GSWW The Springs Camp,141.370826,-38.3621578,Hardcore Bushcamp
GSWW Trewalla Camp,141.462984,-38.3602853,Hardcore Bushcamp
Darke Peak Hotel Camping,136.1999879,-33.470304,Commercial / Resort
Tooligie Rest Area,135.7022791,-33.8589692,Hardcore Bushcamp
Unnamed Campsite,146.1961386,-36.0558864,Hardcore Bushcamp
Unnamed Campsite,146.1966401,-36.0514432,Hardcore Bushcamp
Unnamed Campsite,146.1968413,-36.0503784,Hardcore Bushcamp
Beach Road Port Gibbon,136.8174554,-33.7996782,Hardcore Bushcamp
Beach Road Port Gibbon,136.822105,-33.7993089,Hardcore Bushcamp
Beach Road Port Gibbon,136.8302588,-33.7992023,Hardcore Bushcamp
Beach Road Port Gibbon,136.8324169,-33.7993586,Hardcore Bushcamp
Beach Road Port Gibbon,136.8353016,-33.799387,Hardcore Bushcamp
Beach Road Port Gibbon,136.837793,-33.7994154,Hardcore Bushcamp
Beach Road Port Gibbon,136.8454449,-33.7986622,Hardcore Bushcamp
Beach Road Port Gibbon Payment Station,136.8682232,-33.7762039,Hardcore Bushcamp
Unnamed Campsite,143.0452833,-34.695041,Hardcore Bushcamp
Unnamed Campsite,142.92357,-34.6481564,Hardcore Bushcamp
Unnamed Campsite,142.5073206,-34.7468403,Hardcore Bushcamp
Unnamed Campsite,142.5120547,-34.7415684,Hardcore Bushcamp
Unnamed Campsite,142.5332737,-34.7534298,Hardcore Bushcamp
Mt Cooke Group Campsite,116.2905727,-32.3995281,Hardcore Bushcamp
Booleroo Centre RV Park,138.3543703,-32.8805967,Commercial / Resort
Peechara Hills Bush Camping 4WD Tracks A,139.1445797,-32.860334,Hardcore Bushcamp
Peechara Hills Bush Camping 4WD Tracks B,139.1405513,-32.8636545,Hardcore Bushcamp
Forges Beach,145.9639907,-35.9962324,Hardcore Bushcamp
Little Bruces Bend,145.951387,-35.9836364,Hardcore Bushcamp
Unnamed Campsite,142.6606679,-34.7221198,Hardcore Bushcamp
Cutana Rest Area Westbound,140.5830809,-32.1863859,Hardcore Bushcamp
Burns/Cockburn Rest Area,141.0019269,-32.0790736,Hardcore Bushcamp
Lake Harry Ruins,138.2483403,-29.4349913,Hardcore Bushcamp
Broken Hill Outback Resort,141.5979187,-31.896164,Commercial / Resort
Georgetown Parking Area,138.3936991,-33.360593,Hardcore Bushcamp
Caltigeena Rest Area,143.7398238,-31.6950692,Hardcore Bushcamp
Emmdale Roadhouse,144.2679693,-31.6539735,Hardcore Bushcamp
Paroo River Wanaaring,144.1503499,-29.7040876,Hardcore Bushcamp
Curraweena Rest Area,145.8703353,-30.6376104,Hardcore Bushcamp
Unnamed Campsite,145.9018761,-35.9677692,Hardcore Bushcamp
Unnamed Campsite,145.9099469,-35.9666968,Hardcore Bushcamp
Lighthouse Crossing,147.9947626,-36.0954884,Hardcore Bushcamp
Neils Bend,147.8141302,-35.974416,Hardcore Bushcamp
Unnamed Campsite,141.3857415,-34.1330786,Hardcore Bushcamp
Unnamed Campsite,141.5454188,-34.2008773,Hardcore Bushcamp
Unnamed Campsite,141.5412372,-34.1971504,Hardcore Bushcamp
Unnamed Campsite,143.8272679,-36.7753944,Hardcore Bushcamp
Unnamed Campsite,141.9776192,-34.1128838,Hardcore Bushcamp
Unnamed Campsite,141.9800855,-34.1125252,Hardcore Bushcamp
Unnamed Campsite,141.9743952,-34.1139875,Hardcore Bushcamp
Unnamed Campsite,141.9254865,-34.1330442,Hardcore Bushcamp
Unnamed Campsite,141.8799895,-34.1546514,Hardcore Bushcamp
Unnamed Campsite,141.8791124,-34.1517137,Hardcore Bushcamp
Buxtons Bend Camping Area,142.3942038,-34.4940056,Hardcore Bushcamp
Police Bend Camping Area 2,142.38296,-34.4786822,Hardcore Bushcamp
Police Bend Camping Area 1,142.3777445,-34.4675157,Hardcore Bushcamp
Graces Bend Camping Area,142.4001557,-34.5232427,Hardcore Bushcamp
Unnamed Campsite,146.2312249,-37.5568561,Hardcore Bushcamp
Camp Geographe SU Australia,115.2414829,-33.6584402,Hardcore Bushcamp
Redbank Gorge Campground (Larapinta Trail Walkers Only),132.5214434,-23.5787899,Hardcore Bushcamp
Angellala Creek - Annie Switzer Bridge,146.8850784,-26.4134012,Hardcore Bushcamp
Unnamed Campsite,146.2212494,-36.0291041,Hardcore Bushcamp
Finley Beach Campsite,145.5588323,-35.8218585,Hardcore Bushcamp
Sundowner Caravan Park,152.8456109,-31.071081,Commercial / Resort
Stanage Bay Camping Area,150.0524066,-22.1349421,Hardcore Bushcamp
"-23.823511,146.548059",146.5479219,-23.8235667,Hardcore Bushcamp
Unnamed Campsite,118.6160952,-20.3089037,Commercial / Resort
Unnamed Campsite,120.6466292,-25.2599265,Hardcore Bushcamp
Algebuckina Bridge,135.8083834,-27.9021639,Hardcore Bushcamp
Algebuckina Bridge Neals Creek,135.8219983,-27.8976316,Hardcore Bushcamp
Kulgera Roadhouse Caravan Park,133.2999598,-25.8403068,Commercial / Resort
Morris Pass (Ben Roarty) Lookout Aka Gintys Lookout,131.4082155,-24.0608268,Hardcore Bushcamp
Marshall River Rest Area,136.1517826,-22.9535033,Hardcore Bushcamp
Paroo River,145.0357452,-28.1611362,Hardcore Bushcamp
Paroo River,145.0376704,-28.1611753,Hardcore Bushcamp
Rest Easi Motel,144.1895555,-20.8412541,Commercial / Resort
Natunuru Ngawanthi (Sand Dunes Campground),138.5105317,-35.6264123,Hardcore Bushcamp
Mount Fox camping area,145.7954579,-18.8176906,Hardcore Bushcamp
Lara Wetlands Bush Camp,145.1952901,-23.8081328,Hardcore Bushcamp
Camp Ibis,147.671211,-37.9508917,Hardcore Bushcamp
Discovery Parks Cloncurry,140.5280131,-20.7076035,Hardcore Bushcamp
Unnamed Campsite,146.2356649,-36.0174213,Hardcore Bushcamp
Tirranna Springs Roadhouse,139.2967756,-17.895422,Commercial / Resort
Seven Emus Station Camp,137.0916944,-16.2469065,Hardcore Bushcamp
Buttons Crossing,128.6918078,-15.6205729,Hardcore Bushcamp
Eight Mile Creek,144.7115387,-18.6881997,Hardcore Bushcamp
Eight Mile Creek,144.7121319,-18.6884533,Hardcore Bushcamp
Lake McKenzie Great Walk Fenced Campground,153.0500531,-25.4459016,Hardcore Bushcamp
Lake Wabby Great Walk Campground,153.1230752,-25.4542622,Hardcore Bushcamp
Three Rivers Hotel (limited) RV Parking,144.9829965,-18.999974,Hardcore Bushcamp
Start of Bribie Camping Zone,153.1387796,-26.9079564,Hardcore Bushcamp
Bribie Camp Site 11,153.1371064,-26.9014576,Hardcore Bushcamp
Bribie Camp Site 31-34,153.1343344,-26.8907618,Hardcore Bushcamp
Bribe Camp Site 22/23,153.1355404,-26.8943761,Hardcore Bushcamp
Inkerman Hotel,147.4910772,-19.7504061,Hardcore Bushcamp
Mount Coolon Hotel RV Camping,147.3413003,-21.3844524,Hardcore Bushcamp
Valley of the Giants Great Walk Campground,153.1336377,-25.3749019,Hardcore Bushcamp
Unnamed Campsite,146.2622742,-34.6084821,Hardcore Bushcamp
Nolan's Brook Creek,142.37677,-11.2071438,Hardcore Bushcamp
Pascoe Camp,143.0253127,-12.7026699,Hardcore Bushcamp
Melville Bush Camp,144.2751915,-14.6105313,Hardcore Bushcamp
Cockatoo Creek Crossing,142.4579038,-11.6507091,Hardcore Bushcamp
Sailor Creek Campground,142.4395599,-11.5415255,Hardcore Bushcamp
5 Mile Creek,143.8257904,-14.5480881,Hardcore Bushcamp
Sam Creek,142.4007591,-11.3629016,Hardcore Bushcamp
Hann River Crossing,144.0812112,-14.7653509,Hardcore Bushcamp
Hann River Crossing,144.0774161,-14.7624346,Hardcore Bushcamp
Gunshot Creek Campground,142.4764089,-11.7209009,Hardcore Bushcamp
Running Creek Beach Camping,143.7379761,-14.3026114,Hardcore Bushcamp
Bertie Creek Crossing,142.4998115,-11.8286248,Hardcore Bushcamp
Middelmount Golf and Country Club - RV Parking,148.7112238,-22.8160758,Hardcore Bushcamp
Civeo Caravan Area,148.3481434,-22.5981868,Commercial / Resort
Northern Campground,130.7304223,-13.0786039,Hardcore Bushcamp
Baralaba Showground Camping,149.8160865,-24.1852961,Commercial / Resort
The Peninsula Hotel Campground,144.4459637,-15.5580564,Hardcore Bushcamp
Bon Bon Rest Area,135.3287995,-30.355296,Hardcore Bushcamp
Parilla Rest Area,140.6664934,-35.296293,Hardcore Bushcamp
Dogwood Creek Rest Area,150.1782193,-26.6558649,Hardcore Bushcamp
Unnamed Campsite,145.5948377,-37.9842916,Hardcore Bushcamp
Reedy Creek Campground,131.6010031,-24.2854853,Hardcore Bushcamp
Bibbenluke,150.1625156,-35.2645801,Hardcore Bushcamp
Styles Creek,150.1816142,-35.2219022,Hardcore Bushcamp
Unnamed Campsite,150.2024355,-35.1726336,Hardcore Bushcamp
Link Road,150.31478,-35.1572962,Hardcore Bushcamp
Unnamed Campsite,148.0027999,-22.0462394,Commercial / Resort
New Italy Free Camping,153.2967882,-29.1531473,Hardcore Bushcamp
Camel Soak,116.6249375,-29.4017305,Hardcore Bushcamp
Hugh Gorge Campsite,133.2588977,-23.7030943,Hardcore Bushcamp
Biddlecombe Group Camp,132.434908,-14.2541833,Hardcore Bushcamp
Kadji,116.2996627,-29.0559492,Hardcore Bushcamp
Tyamolum Campsite 5,152.8427919,-27.523415,Hardcore Bushcamp
Tyamolum Campsite 2,152.8418091,-27.5249257,Commercial / Resort
Tyamolum Campsite 3,152.841711,-27.5236676,Hardcore Bushcamp
Guanaba Creek Scout Campsite,153.2335473,-27.9390773,Hardcore Bushcamp
Woorabinda School Camp,146.3356322,-38.1584643,Hardcore Bushcamp
Unnamed Campsite,145.9783065,-42.2109395,Hardcore Bushcamp
Parkes Showground Camping,148.1632684,-33.1298341,Hardcore Bushcamp
Unnamed Campsite,131.1636492,-22.7237513,Hardcore Bushcamp
Unnamed Campsite,146.625089,-37.7291147,Hardcore Bushcamp
Unnamed Campsite,146.6204976,-37.7355956,Hardcore Bushcamp
Unnamed Campsite,146.0654667,-37.8046323,Hardcore Bushcamp
Bonnie Vale Campground,151.1359617,-34.0835363,Hardcore Bushcamp
Skull Springs,121.0065204,-21.8616557,Hardcore Bushcamp
Mango Lagoon,142.5759961,-13.6294897,Hardcore Bushcamp
Unnamed Campsite,144.1974426,-35.7384633,Hardcore Bushcamp
Tree Tops Scout Camp,144.1847543,-35.7404996,Hardcore Bushcamp
Unnamed Campsite,144.2331287,-35.7645377,Hardcore Bushcamp
Unnamed Campsite,126.037832,-32.0428267,Hardcore Bushcamp
Nambucca Heads Bowling Club 24 Hr SC RV parking,153.0010229,-30.6443069,Hardcore Bushcamp
Long Flat Travellers Rest Hotel,152.4930146,-31.4360206,Hardcore Bushcamp
Stockyard Creek Rest Area,152.1238566,-31.402634,Hardcore Bushcamp
GSC - Off White Street,150.5730458,-29.8610153,Hardcore Bushcamp
GSC - Off Faithfull Street,150.5566195,-29.8601806,Hardcore Bushcamp
Old Reservoir Camp,145.8598169,-31.4790517,Hardcore Bushcamp
Bellata Golf Club Freecamp,149.7988615,-29.9201254,Commercial / Resort
Glen Villa Resort,153.609764,-28.6475903,Commercial / Resort
Unnamed Campsite,152.3280573,-32.4838094,Hardcore Bushcamp
Aire Crossing Campground,143.4784242,-38.7033756,Hardcore Bushcamp
Glenhope Camping,145.9087161,-31.5151788,Hardcore Bushcamp
Ten Mile Rocks Rest Area,122.559667,-32.0675639,Hardcore Bushcamp
(Evidence Only),138.012459,-32.6100794,Hardcore Bushcamp
(Evidence Only),138.0130167,-32.6101686,Hardcore Bushcamp
Frrecamping,135.8096597,-33.1484719,Hardcore Bushcamp
Caiguna Roadhouse Caravan Park,125.4859692,-32.2708447,Commercial / Resort
Jasper gorge (Lupayi) Campground,130.728845,-16.0284363,Hardcore Bushcamp
Bullfinch Caravan Park,119.1183675,-30.9868532,Commercial / Resort
48 Hour Stopping - S/C,121.1612968,-30.9561903,Hardcore Bushcamp
Weira Nature Area,118.3868975,-30.9962997,Hardcore Bushcamp
RV Overnight 24Hr Parking,118.2076107,-30.9137465,Hardcore Bushcamp
Salomon Creek camping area,147.0669155,-19.3445875,Hardcore Bushcamp
Enanty Barn S/C,115.4575255,-29.1721753,Hardcore Bushcamp
Mulga Dam Camping Area,144.3730791,-36.4988997,Hardcore Bushcamp
Unnamed Campsite,146.8345401,-43.6180821,Hardcore Bushcamp
Unnamed Campsite,145.4872234,-37.4441247,Hardcore Bushcamp
Unnamed Campsite,127.9280475,-15.9681215,Hardcore Bushcamp
Unnamed Campsite,127.9301906,-15.9681628,Hardcore Bushcamp
Unnamed Campsite,127.9313037,-15.9681499,Hardcore Bushcamp
Unnamed Campsite,127.9329345,-15.9681731,Hardcore Bushcamp
Unnamed Campsite,127.9346403,-15.9681422,Hardcore Bushcamp
Unnamed Campsite,127.9366037,-15.9684464,Hardcore Bushcamp
Unnamed Campsite,127.9395756,-15.9688539,Hardcore Bushcamp
Unnamed Campsite,127.9790443,-16.0032354,Hardcore Bushcamp
Unnamed Campsite,127.9765445,-15.9961141,Hardcore Bushcamp
Unnamed Campsite,127.9750961,-15.993412,Hardcore Bushcamp
Unnamed Campsite,127.973873,-15.9919423,Hardcore Bushcamp
Unnamed Campsite,127.972607,-15.9898847,Hardcore Bushcamp
Unnamed Campsite,127.9718345,-15.988843,Hardcore Bushcamp
Unnamed Campsite,127.9710996,-15.9875847,Hardcore Bushcamp
Unnamed Campsite,127.9694635,-15.9860634,Hardcore Bushcamp
Unnamed Campsite,127.965129,-15.984243,Hardcore Bushcamp
Unnamed Campsite,127.9628491,-15.9830517,Hardcore Bushcamp
Unnamed Campsite,127.9618031,-15.9813963,Hardcore Bushcamp
Unnamed Campsite,127.9608482,-15.9797409,Hardcore Bushcamp
Unnamed Campsite,127.9543787,-15.9750839,Hardcore Bushcamp
Unnamed Campsite,127.9491001,-15.9736347,Hardcore Bushcamp
Unnamed Campsite,127.9478073,-15.9727786,Hardcore Bushcamp
Unnamed Campsite,127.9467773,-15.9720411,Hardcore Bushcamp
Unnamed Campsite,127.9457259,-15.9716543,Hardcore Bushcamp
Unnamed Campsite,127.9523268,-15.9736502,Hardcore Bushcamp
Unnamed Campsite,127.9532576,-15.9739493,Hardcore Bushcamp
Unnamed Campsite,127.9581097,-15.975561,Hardcore Bushcamp
Bruce Rock Caravan Park,118.1518574,-31.874932,Commercial / Resort
Shiloh Hills Campsite,138.6836128,-35.0451038,Hardcore Bushcamp
Watheroo Station Tavern,116.0581273,-30.2981399,Commercial / Resort
Watheroo Sport Complex,116.0625067,-30.2949496,Hardcore Bushcamp
Gilgerabbie Hut,130.7892969,-31.5414034,Hardcore Bushcamp
Farser Range Hideaway,122.1219644,-32.0706985,Hardcore Bushcamp
Newman Rocks Camping,123.1657841,-32.1176873,Hardcore Bushcamp
Marshall Rock,117.9027371,-30.8395163,Hardcore Bushcamp
Waddouring Dam,117.859563,-30.9491287,Hardcore Bushcamp
Imintji Campground,125.4567111,-17.1497097,Hardcore Bushcamp
Violet Valley Campground,128.0141652,-17.2184532,Hardcore Bushcamp
Desmond's Parking Bay,128.2804763,-16.7969355,Hardcore Bushcamp
Stoney Creek Group Camping Area,142.4973886,-37.1779049,Hardcore Bushcamp
Wamenusking Sports Club Inc.,117.6195847,-32.1465752,Hardcore Bushcamp
Shire of WIckepin Self Contained RV Parking,117.5015466,-32.7808411,Hardcore Bushcamp
Nungarin Caravn Park,118.0913532,-31.1915693,Commercial / Resort
McCorry's Old Hotel Caravan Sites,118.099288,-31.1758835,Commercial / Resort
Upper Davies Creek Camping Area,145.5851418,-17.0170829,Hardcore Bushcamp
Roadside Camp,141.2316299,-36.3777924,Hardcore Bushcamp
Goodie’s Eco Camp,114.6296722,-28.5390002,Hardcore Bushcamp
Gillingarra Welcomes Recreational Vehicles,116.0524628,-30.9366363,Hardcore Bushcamp
Mogumber Hall Rest Area,116.0445387,-31.0341956,Hardcore Bushcamp
Unnamed Campsite,146.9388707,-38.2319102,Hardcore Bushcamp
Dewars Pool Reserve,116.4335372,-31.4591711,Hardcore Bushcamp
Hoddywell Caravan Park - Closed for Renov,116.4740896,-31.6326481,Commercial / Resort
Unnamed Campsite,146.8373126,-37.2048699,Hardcore Bushcamp
Lions Park Picnic Area - s/c,117.0131782,-32.3650577,Hardcore Bushcamp
Pingelly Caravan Park Bookings,117.0842971,-32.5354203,Hardcore Bushcamp
RV Welcome No Camping,117.1808047,-32.8208692,Hardcore Bushcamp
Recreation Vehicle Free Stay Area - s/c,117.179924,-32.9368591,Hardcore Bushcamp
Stubbs Park RV Camping Area - s/c,117.7435287,-33.3179006,Hardcore Bushcamp
RV Friendly 72Hr Parking - s/c,117.3351469,-33.3051577,Commercial / Resort
Karri Valley Resort,115.8508503,-34.4205979,Commercial / Resort
Point Billie,113.6965978,-22.5394039,Hardcore Bushcamp
North Lefroy Bay,113.7166178,-22.5145318,Hardcore Bushcamp
One K Campground,113.8070029,-22.3316478,Hardcore Bushcamp
Borden Recreation Ground,118.2601101,-34.0741076,Hardcore Bushcamp
Little Bay Campground,114.4082469,-28.3489381,Hardcore Bushcamp
Bendoc Big 5,148.8625391,-37.1506477,Commercial / Resort
Preservation Bay,146.0403523,-41.0969042,Hardcore Bushcamp
Unnamed Campsite,147.8615181,-43.0640145,Hardcore Bushcamp
R V stop. Free No facilities.,143.3854771,-37.4326005,Commercial / Resort
Unnamed Campsite,147.4742226,-36.811471,Hardcore Bushcamp
Powered Sites,152.0890556,-28.4329513,Hardcore Bushcamp
Marlborough Hotel Campground,149.8892374,-22.8128125,Hardcore Bushcamp
Outback Railway Hotel Freecamping,146.8876665,-20.0995878,Commercial / Resort
Boat Harbour Camp,117.1012075,-35.0041069,Commercial / Resort
Disappointment Rock,120.928803,-32.1299462,Hardcore Bushcamp
Dunham River Rest Area,128.3809774,-16.1326266,Hardcore Bushcamp
Unpowered sites,152.0894984,-28.435149,Hardcore Bushcamp
Unnamed Campsite,115.8465602,-31.8360949,Commercial / Resort
Blyth Sportsground s/c,138.4908239,-33.8493535,Hardcore Bushcamp
Pum,142.7279266,-38.3361528,Hardcore Bushcamp
Kingfisher Pool Campground,150.9766805,-34.1272076,Hardcore Bushcamp
RV Parking s/c,143.5624877,-34.6351712,Hardcore Bushcamp
Unnamed Campsite,114.9824591,-33.715936,Hardcore Bushcamp
Unnamed Campsite,150.0878318,-33.1913652,Hardcore Bushcamp
Log Dump Camp,152.9246887,-25.8106457,Hardcore Bushcamp
Hedleys Camp,152.9487831,-25.7998669,Hardcore Bushcamp
Mexican Hat Headland,132.3395464,-32.0164842,Hardcore Bushcamp
Mexican Hat Flat,132.3421857,-32.0122244,Hardcore Bushcamp
Colonial Village Resort,152.9034228,-25.295942,Hardcore Bushcamp
Tingha Copeton Dam Recreation Reserve,151.0188886,-29.9121618,Hardcore Bushcamp
Unnamed Campsite,153.2226209,-27.6016724,Hardcore Bushcamp
Wescloud Lodge Farm Stay,152.9932128,-27.1701576,Hardcore Bushcamp
Creek side camp,149.8591694,-36.9944701,Hardcore Bushcamp
Standown,152.7917613,-26.0272645,Hardcore Bushcamp
Reef Caravan Park,151.860166,-24.2475269,Hardcore Bushcamp
Bermaguie creek side camp,150.0362311,-36.4225317,Hardcore Bushcamp
Unnamed Campsite,144.6056961,-36.7857088,Hardcore Bushcamp
Alice River Bush Camp,142.6159579,-15.7050132,Hardcore Bushcamp
Michelle’s Caravan Park,147.4111408,-19.6599213,Hardcore Bushcamp
Janes Bay,113.7123477,-22.712322,Hardcore Bushcamp
Oaky Beach Camp Ground,150.2781051,-35.7025972,Hardcore Bushcamp
Sarawak West,153.0557925,-25.8099384,Hardcore Bushcamp
Camp 2,140.7138049,-33.4588221,Hardcore Bushcamp
Erica caravan park,146.3733036,-37.9789699,Hardcore Bushcamp
Yapari Ngawanthi (Cliffs) campground hike-in only,138.2576221,-35.6303748,Hardcore Bushcamp
Rocky Waterholes,146.5968388,-34.7572949,Hardcore Bushcamp
short stay campervan,148.152796,-35.5191239,Hardcore Bushcamp
Unnamed Campsite,118.2680684,-32.4955885,Commercial / Resort
Unnamed Campsite,118.2641229,-32.4957811,Commercial / Resort
Unnamed Campsite,139.4587322,-35.2486181,Hardcore Bushcamp
Tarcoola,153.2276696,-27.6074693,Hardcore Bushcamp
Unnamed Campsite,150.7185686,-34.1963616,Hardcore Bushcamp
Burt Plains Bush Camp,133.8140651,-23.3864076,Hardcore Bushcamp
Federal Hotel,149.1859857,-26.5883792,Hardcore Bushcamp
Louisa Bay Campsite,146.358791,-43.5150673,Hardcore Bushcamp
Louisa River Campsite,146.4098433,-43.4862958,Hardcore Bushcamp
Trackcutters Camp,146.7216905,-43.5954099,Hardcore Bushcamp
Corella Dam,140.0460634,-20.8376709,Hardcore Bushcamp
Thomas Boyd Trackhead,148.416329,-35.3732237,Hardcore Bushcamp
Breakfast Creek - Cox River junction,150.1786171,-33.808558,Hardcore Bushcamp
Eustace Camping Area,147.6396954,-36.6282071,Hardcore Bushcamp
Lakeside Caravan Park,145.583246,-17.2507886,Commercial / Resort
Bowenville Hotel,151.4919501,-27.3039206,Commercial / Resort
Mareeba Bush Stays,145.3681767,-17.0511262,Hardcore Bushcamp
Jones Bridge Camp Site,148.2572633,-35.3731165,Hardcore Bushcamp
Unnamed Campsite,145.3264059,-15.5968544,Hardcore Bushcamp
Unnamed Campsite,145.3261983,-15.5986483,Hardcore Bushcamp
1770 Travellers Rest Camping,151.8412088,-24.2503669,Hardcore Bushcamp
Tom Cat Hill Campground,134.7443867,-28.9872337,Hardcore Bushcamp
Moura Rotary Park,149.9775976,-24.5653862,Commercial / Resort
Beltana Campground,138.4100046,-30.8123327,Hardcore Bushcamp
Unnamed Campsite,145.8659124,-37.1601696,Hardcore Bushcamp
Coominglah Range Rest Area / Hurdle Gully Lookout Access,150.9845868,-24.7995646,Hardcore Bushcamp
Beer Garden,121.3310204,-30.908155,Hardcore Bushcamp
Beer Garden (South),121.3327774,-30.9154194,Hardcore Bushcamp
Ben Lomond Station camping,148.3827547,-20.1969617,Hardcore Bushcamp
Warriedar,117.1866131,-29.1337058,Hardcore Bushcamp
Unnamed Campsite,140.1299965,-37.566179,Hardcore Bushcamp
Shady Mikes Caravan Park,149.8699851,-28.4162824,Hardcore Bushcamp
Wood Duck Camping Ground,146.145705,-36.4033621,Hardcore Bushcamp
Cunningham Rest Area -East bound,151.731594,-28.1691792,Hardcore Bushcamp
Riverbend Youth Centre,145.1068744,-40.8953059,Hardcore Bushcamp
Ebor Falls Hotel Motel,152.347394,-30.4029428,Hardcore Bushcamp
Clarkesdale Bird Sanctuary,143.5933599,-37.7071086,Hardcore Bushcamp
Goomeri Van Park,152.0682021,-26.1860375,Hardcore Bushcamp
Windsong Cabins & Tea Gardens,152.5671919,-25.9874281,Commercial / Resort
Dungowan Recreation Ground - TMF camping ONLY,151.1009471,-31.2137894,Commercial / Resort
Unnamed Campsite,146.2249384,-37.234923,Hardcore Bushcamp
Unnamed Campsite,146.227449,-37.2348142,Hardcore Bushcamp
Tia River Rest Area,151.8304784,-31.1880878,Hardcore Bushcamp
Wildlife Management Station Camping Area,143.7538719,-35.6244773,Hardcore Bushcamp
Kamanga Camp and Water Reserve,149.5654058,-28.5655593,Hardcore Bushcamp
Westmar Rest Area,149.7156245,-27.9196112,Hardcore Bushcamp
NT-SA Border,133.1964566,-25.9985336,Hardcore Bushcamp
Waroo Sporting Complex - Specisl Events Only,149.0873919,-27.1639526,Commercial / Resort
Frys Flat Campground,146.3305269,-37.1959009,Hardcore Bushcamp
Blackbird Flat,146.3449128,-37.1962474,Hardcore Bushcamp
Sheepyard Flat,146.3468476,-37.1949309,Hardcore Bushcamp
Davons Flat,146.3489144,-37.1894885,Hardcore Bushcamp
Pickerings Flat,146.3544035,-37.186392,Hardcore Bushcamp
Noonans Flat,146.3609075,-37.1872887,Hardcore Bushcamp
Tunnel Bend Flat,146.3687489,-37.1882486,Hardcore Bushcamp
Gardiners Hut,146.3777753,-37.1924125,Hardcore Bushcamp
6 Mile Flat,146.4006723,-37.1947983,Hardcore Bushcamp
8 Mile Flat,146.429719,-37.1979564,Hardcore Bushcamp
Ritchies,146.4754448,-37.1951447,Hardcore Bushcamp
Pikes Flat,146.5126282,-37.1794367,Hardcore Bushcamp
CMCA RV Park Bush Camp - s/c only,146.2278802,-26.3900955,Hardcore Bushcamp
Adavale Way Farm Stay,145.707898,-26.1239568,Hardcore Bushcamp
Langlo Crossing,145.6669915,-26.1242494,Hardcore Bushcamp
Ambathala Creek,145.3431604,-26.0137005,Hardcore Bushcamp
Ward River,146.0976942,-26.3263789,Hardcore Bushcamp
Cavendish Recreation Reserve,142.0438499,-37.5224035,Hardcore Bushcamp
Yates Crossing - Crown Land - Camping Prohibited,152.5777819,-29.0409659,Hardcore Bushcamp
Coutts Crossing Tavern,152.8907066,-29.8280736,Hardcore Bushcamp
Brooklyn Dam Campsite,151.2080659,-33.5548617,Hardcore Bushcamp
Warrumbungles Mountain Motel & Camping Grounds,149.1902761,-31.2734994,Commercial / Resort
Oallen Crossing camp site,149.9594568,-35.151132,Hardcore Bushcamp
Unnamed Campsite,150.2931057,-34.7368243,Hardcore Bushcamp
Unnamed Campsite,150.33107,-34.7522934,Hardcore Bushcamp
Unnamed Campsite,150.3053801,-34.7334144,Hardcore Bushcamp
Lonely Tarns Campsite,146.4535309,-42.9588469,Hardcore Bushcamp
Tullamore Hotel Freecamp,147.56429,-32.630755,Hardcore Bushcamp
Hotel Koorawatha Free Camping,148.5547557,-34.0394627,Hardcore Bushcamp
Dry Creek,140.9659651,-37.9935923,Hardcore Bushcamp
Wattle Flat Heritage Lands Southern Section,149.6894123,-33.1486759,Hardcore Bushcamp
Crossley Bridge,149.6870641,-33.0792319,Hardcore Bushcamp
Jaron Park Ilford,149.8620482,-32.9637692,Hardcore Bushcamp
Riverglen Cottage,151.1306334,-31.4552219,Hardcore Bushcamp
Big River,147.3369242,-36.7878667,Hardcore Bushcamp
Willoughbys Beach Campground,144.9778601,-35.5285687,Hardcore Bushcamp
Deepwater Commercial Hotel - The Top Pub - Freecamp,151.8454681,-29.4424684,Hardcore Bushcamp
Durd Durd Hike-in Campground,142.5552611,-37.3538407,Hardcore Bushcamp
Alstonville Showground Camping,153.4408649,-28.8393442,Commercial / Resort
Unnamed Campsite,153.0258097,-29.449081,Hardcore Bushcamp
Gurmac Farmstay,152.9960985,-29.4363007,Hardcore Bushcamp
Summer Creek Farm Camping Bakers Hill,116.4551904,-31.7476334,Hardcore Bushcamp
Bulahdelah Showgrounds,152.2036934,-32.4063764,Hardcore Bushcamp
Bulga Recreation Ground,151.0193886,-32.654272,Commercial / Resort
Taralga Road MR256,149.7354788,-34.1947617,Hardcore Bushcamp
Woodleigh Station,145.2778525,-17.6678658,Hardcore Bushcamp
David Ugle Campsite,116.2240059,-33.4573491,Hardcore Bushcamp
Unnamed Campsite,150.4179545,-34.6497895,Hardcore Bushcamp
Freycinet Campground,148.2409184,-42.008394,Commercial / Resort
Lake Adelaide Camp Ground,146.2625434,-41.8328336,Hardcore Bushcamp
Unnamed Campsite,138.0791775,-32.8995586,Hardcore Bushcamp
Little River Falls,148.3098863,-37.0607184,Hardcore Bushcamp
Swifts Creek Riverbank Camping,147.7229222,-37.2606593,Hardcore Bushcamp
Boort Township RV Friendly Site,143.729067,-36.1098709,Hardcore Bushcamp
Unnamed Campsite,145.285689,-42.2182026,Hardcore Bushcamp
Alexander Bay Campsites,122.7469422,-33.8861331,Hardcore Bushcamp
Alexander Bay Campsites,122.7472962,-33.8865377,Hardcore Bushcamp
Unnamed Campsite,145.6211045,-41.7594624,Hardcore Bushcamp
Unnamed Campsite,147.6171341,-36.9216856,Hardcore Bushcamp
Hinnomunjie Bridge Camping Area,147.608044,-36.9455274,Hardcore Bushcamp
Florence Falls 'Old 4WD' Campground,130.7846541,-13.0929838,Hardcore Bushcamp
Rocky Creek hike-in campsite,146.7305444,-36.7528314,Hardcore Bushcamp
Spring Creek Sawmill,146.0850715,-36.8711411,Hardcore Bushcamp
Wooloondool Camp Ground,144.7700992,-34.5185025,Hardcore Bushcamp
Chateau Baudin,145.3757979,-38.3909931,Hardcore Bushcamp
Lake Bolac Foreshore - Picnic Point,142.8513831,-37.7218179,Hardcore Bushcamp
Lake Bolac Foreshore - East Beach,142.8781725,-37.7211497,Hardcore Bushcamp
Lake Bolac Foreshore - South Beach,142.8418546,-37.7458917,Hardcore Bushcamp
Mooraback Horse Camp,152.1998021,-31.1543839,Hardcore Bushcamp
Brew Park,145.7230357,-35.3550387,Hardcore Bushcamp
Oasis Youth Camp,145.3883989,-37.7971781,Hardcore Bushcamp
Powered Sites,152.2119329,-27.84344,Hardcore Bushcamp
Unnamed Campsite,141.9982395,-35.9170765,Hardcore Bushcamp
Butts Reserve,144.053829,-36.9874431,Hardcore Bushcamp
Unnamed Campsite,152.8935509,-27.9957725,Hardcore Bushcamp
Unnamed Campsite,152.8926594,-27.9968241,Hardcore Bushcamp
Unnamed Campsite,152.8931688,-27.9965563,Hardcore Bushcamp
Unnamed Campsite,152.8947382,-27.995455,Hardcore Bushcamp
Unnamed Campsite,146.1601681,-41.4760802,Commercial / Resort
Safari Camp,143.6824822,-14.0763758,Hardcore Bushcamp
Unnamed Campsite,143.6872566,-14.0650582,Hardcore Bushcamp
Unnamed Campsite,152.3712264,-28.3422223,Hardcore Bushcamp
Unnamed Campsite,148.311854,-41.6258503,Hardcore Bushcamp
Little Beach Co Glamping,148.31575,-41.6225095,Hardcore Bushcamp
Uralla Showground Camping,151.5050256,-30.6468847,Commercial / Resort
Henty Showgrounds,147.0309626,-35.5101121,Hardcore Bushcamp
Geelong Showgrounds Camping,144.372617,-38.1709294,Hardcore Bushcamp
Minlacowie Bush Campground,137.4593336,-34.8329485,Hardcore Bushcamp
Unnamed Campsite,148.0058911,-36.7427693,Hardcore Bushcamp
Unnamed Campsite,148.0073449,-36.7420944,Hardcore Bushcamp
Falls Park Rest Area,147.254721,-41.5717062,Hardcore Bushcamp
Unnamed Campsite,145.8660083,-37.2952151,Hardcore Bushcamp
Unnamed Campsite,145.86335,-37.2910355,Hardcore Bushcamp
Mudgee Showgroun,149.5839974,-32.6017596,Hardcore Bushcamp
Gundaroo Park,149.2657971,-35.0241534,Hardcore Bushcamp
Murray Lagoon Campground,137.4534976,-35.9043593,Hardcore Bushcamp
Four Season Holiday,115.1959923,-33.6494038,Hardcore Bushcamp
Lemongrab,150.371849,-35.4382728,Hardcore Bushcamp
NRMA Eastern Beach Holiday Park,148.0137769,-37.8740773,Commercial / Resort
Broughtons Waterhole,141.3367038,-36.5670064,Hardcore Bushcamp
Unnamed Campsite,149.6939958,-33.153847,Hardcore Bushcamp
Unnamed Campsite,146.8283489,-37.5400962,Hardcore Bushcamp
Unnamed Campsite,146.8284397,-37.5405248,Hardcore Bushcamp
Wairuna Campground,145.3941044,-18.423265,Hardcore Bushcamp
"Ravenswood Sports, Recreation & Campimg Reserve",146.892536,-20.0969676,Commercial / Resort
Wallaville Hotel,151.9957792,-25.075558,Hardcore Bushcamp
Free camp Park- 5 cars,114.6125698,-28.6702591,Commercial / Resort
Moses Rock Walk-in Campsite,114.9969637,-33.7787878,Hardcore Bushcamp
Glen Rock camping area,152.247364,-27.8886411,Hardcore Bushcamp
Riverside Burrum Heads,152.5739052,-25.187994,Hardcore Bushcamp
Cape Weymouth Camping and Cabins,143.4287854,-12.6147357,Hardcore Bushcamp
Camp Sandy,142.3750395,-36.8980525,Hardcore Bushcamp
Rainforest Gateway Campground,152.9576721,-28.4282472,Hardcore Bushcamp
Allora Showground Camping,151.9886719,-28.0395107,Commercial / Resort
Lions Park Rest Area,149.7959043,-25.6427542,Hardcore Bushcamp
Discovery Parks Fraser Coast,152.8725043,-25.2872423,Commercial / Resort
Banana Hall,150.1293747,-24.4712126,Hardcore Bushcamp
Jambin Hall Rest Area,150.3713358,-24.1952846,Hardcore Bushcamp
Jambin Hotel Motel Freecamp,150.3694884,-24.1946566,Hardcore Bushcamp
Yaamba Rest Area / Joan Tierney Park,150.3686419,-23.1352582,Hardcore Bushcamp
Campground free,149.831386,-33.7171534,Hardcore Bushcamp
Unnamed Campsite,144.0727566,-14.7532582,Hardcore Bushcamp
Mamanga Campground,143.5182881,-34.6656436,Hardcore Bushcamp
Unnamed Campsite,146.6352895,-23.6466015,Hardcore Bushcamp
Unnamed Campsite,146.3998348,-37.5372605,Hardcore Bushcamp
Unnamed Campsite,148.5709453,-25.1889134,Hardcore Bushcamp
Unnamed Campsite,148.5565226,-25.8553739,Hardcore Bushcamp
Unnamed Campsite,116.1052644,-21.0041527,Hardcore Bushcamp
Reflections Wee Jasper Campground,148.6801761,-35.1394371,Commercial / Resort
Reception - Reflections Ferry Reserve Holiday Park,153.537951,-28.5332547,Commercial / Resort
Halifax Bay Wetland National Park camping area 2,146.274363,-18.7808955,Hardcore Bushcamp
Halifax Bay Wetland National Park camping area 1,146.2585984,-18.7529217,Hardcore Bushcamp
Non Powered Sites,152.2129584,-27.8438439,Hardcore Bushcamp
Non Powered Sites,152.2123166,-27.8444992,Hardcore Bushcamp
Non Powered Site,152.2105291,-27.844515,Hardcore Bushcamp
Non Powered Site,152.2113965,-27.8447421,Hardcore Bushcamp
1770 Eco Camp,151.8756036,-24.2306236,Hardcore Bushcamp
Mucka Pub Freecamp,148.3839311,-26.5859893,Hardcore Bushcamp
Nanango Showgrounds,151.9905217,-26.6720935,Hardcore Bushcamp
Wondai Showgrounds,151.8813573,-26.3170857,Commercial / Resort
Fig Tree Campground,151.9404291,-28.3796478,Hardcore Bushcamp
Bushmans Camp,151.932788,-28.3747927,Hardcore Bushcamp
Unnamed Campsite,151.9361555,-28.3763106,Hardcore Bushcamp
Unnamed Campsite,151.9363001,-28.3751382,Hardcore Bushcamp
Free Camping,118.0809276,-22.5692281,Hardcore Bushcamp
Unnamed Campsite,151.9367007,-28.3736976,Hardcore Bushcamp
Discovery Lagoon Campsite,137.5232199,-35.6233691,Hardcore Bushcamp
Flat Spur Camping Area,146.5480205,-37.168764,Hardcore Bushcamp
Tuarts Reserve,115.1393911,-30.4176857,Hardcore Bushcamp
Banksia Reserve,115.1799905,-30.39314,Hardcore Bushcamp
Mungallala Reserve Camping,147.543406,-26.4477627,Hardcore Bushcamp
Wilcolo Campground,138.5700686,-31.4898205,Hardcore Bushcamp
Foxtrap Cooladdi Roadhouse - Paycamp Internal,145.4686743,-26.6478026,Commercial / Resort
Adavale Hall,144.5999676,-25.9085427,Commercial / Resort
Unnamed Campsite,144.6163102,-25.9088028,Hardcore Bushcamp
WIlkinson's Creek Campsite,148.2629843,-36.4405363,Hardcore Bushcamp
Reception - Big 4 Park Beach Holiday Park,153.137873,-30.2927478,Commercial / Resort
Warragamba Reserve Camp,150.6011635,-33.8930984,Commercial / Resort
Unnamed Campsite,152.9200458,-30.7037607,Commercial / Resort
R&R Farm Stay,152.6438661,-28.8717124,Hardcore Bushcamp
Green Valley Farm Stay,116.1029041,-34.6369407,Hardcore Bushcamp
Nelson Bay PWS Campground,144.6718193,-41.1277528,Hardcore Bushcamp
Fat Hen Creek Caravan and Camping,152.2894242,-26.0902245,Hardcore Bushcamp
Higgins Yard,146.8794251,-37.4092004,Hardcore Bushcamp
The Summit,146.1973274,-38.2015634,Hardcore Bushcamp
Toogoolawah Showgrounds,152.3761648,-27.0778611,Hardcore Bushcamp
Proston Golf Club Free Camp,151.5936207,-26.1625891,Hardcore Bushcamp
Garrawalt Creek Campsite,145.8094981,-18.4597698,Hardcore Bushcamp
Unnamed Campsite,144.9845023,-38.3314377,Commercial / Resort
Jindera Recreational Grounds,146.889747,-35.9593516,Hardcore Bushcamp
Unnamed Campsite,144.3609489,-37.4803099,Hardcore Bushcamp
Tolmie Recreational Reserve,146.2358445,-36.9346163,Hardcore Bushcamp
Len Barker Reserve,137.3017831,-34.9209076,Hardcore Bushcamp
Foul Bay Boat Ramp Campground,137.1895729,-35.2101916,Hardcore Bushcamp
Goldsmiths Beach Camp Ground,137.6871484,-35.1475764,Hardcore Bushcamp
Gravel Bay Campground,136.9954872,-34.9356344,Hardcore Bushcamp
Dogwood Creek Camping Area,150.4055672,-26.33217,Hardcore Bushcamp
Riverside Tourist Park,150.5149608,-23.3717814,Hardcore Bushcamp
Redbank Reserve,148.5318657,-32.1688401,Hardcore Bushcamp
Sandy Cape Camping Area,144.7715557,-41.4153157,Hardcore Bushcamp
Pedder River Camping Area,144.7890812,-41.3955438,Hardcore Bushcamp
Unnamed Campsite,145.0344497,-41.1516693,Hardcore Bushcamp
Prickly Wattle,144.6819243,-41.0598576,Hardcore Bushcamp
Stinky Beach PWS Camping Area,144.6926853,-41.2182729,Hardcore Bushcamp
Campe Elsewhere PWS Camping Area,144.6951342,-41.186874,Hardcore Bushcamp
Nal-a-wort campground,140.1378111,-37.581696,Hardcore Bushcamp
Postmans Campground,149.5215198,-36.7609772,Hardcore Bushcamp
Four Mile Trail campground - Eucumbene River,148.5412855,-35.9199141,Hardcore Bushcamp
Little Plain Campsite,147.1994203,-36.8705812,Hardcore Bushcamp
The Hatch Farm - Port Macquarie,152.8364371,-31.379477,Hardcore Bushcamp
Talaroo Outback Camping and Caravan Park,143.9606778,-18.1207993,Hardcore Bushcamp
Charters Towers Tourist Park,146.2613678,-20.0935459,Commercial / Resort
Yokinup Mia Mia Campground,123.0123142,-33.8543974,Hardcore Bushcamp
Unnamed Campsite,147.0325657,-37.2946939,Hardcore Bushcamp
Unnamed Campsite,147.0323808,-37.2978483,Hardcore Bushcamp
Unnamed Campsite,147.038413,-37.3218762,Hardcore Bushcamp
Unnamed Campsite,147.0390609,-37.3244033,Hardcore Bushcamp
Unnamed Campsite,147.0464769,-37.3269575,Hardcore Bushcamp
Unnamed Campsite,147.0483177,-37.3285583,Hardcore Bushcamp
Janowen Hills Camp Site 4,152.2537397,-27.9917366,Hardcore Bushcamp
Unnamed Campsite,147.1734185,-36.9195788,Hardcore Bushcamp
Dibbins Hut free camping area,147.1822525,-36.948649,Hardcore Bushcamp
Unnamed Campsite,143.700936,-35.3798755,Hardcore Bushcamp
Unnamed Campsite,143.5818994,-35.2977385,Hardcore Bushcamp
Unnamed Campsite,143.5814833,-35.2891135,Hardcore Bushcamp
Unnamed Campsite,140.1708309,-27.2017324,Hardcore Bushcamp
Seib Street Kilcoy 20hr Free camp,152.5684527,-26.9479399,Commercial / Resort
LiveLoveLearn Camping,153.5158895,-28.3103817,Hardcore Bushcamp
Armidale Acres - Van Park & Cabins,151.6825266,-30.4613417,Commercial / Resort
Premer Hotel Caravan/Camping Sites,149.9001563,-31.4576718,Hardcore Bushcamp
Happy Valley Crossing Streamside Reserve Campsite,143.5797531,-37.7512574,Hardcore Bushcamp
Black Stump Rest Area,149.7062359,-31.7456612,Hardcore Bushcamp
Black Stump Inn Free Parking,149.7189847,-31.8241684,Hardcore Bushcamp
Coolah Sporting Club - Self Contained Only,149.7203559,-31.8214561,Hardcore Bushcamp
Camphora Campsite,146.086078,-36.884331,Hardcore Bushcamp
Binda Sports Park,149.3628313,-34.3253113,Hardcore Bushcamp
Unnamed Campsite,148.8226815,-34.7707182,Hardcore Bushcamp
Walshs,145.9117008,-37.113649,Hardcore Bushcamp
Parkers Pines,145.919439,-37.1174102,Hardcore Bushcamp
Owens Hill 2,145.9126774,-37.1155616,Hardcore Bushcamp
Braidwood Showground,149.7913187,-35.4227412,Commercial / Resort
Colemans Camp Loddon River,143.8661831,-36.3485125,Hardcore Bushcamp
Unnamed Campsite,150.0695087,-35.2691276,Hardcore Bushcamp
Unnamed Campsite,150.1058573,-35.2621816,Hardcore Bushcamp
Unnamed Campsite,150.1008397,-35.2573141,Hardcore Bushcamp
Unnamed Campsite,150.1239888,-35.2759134,Hardcore Bushcamp
Badja Recreation Reserve - East,149.3506873,-36.1741397,Hardcore Bushcamp
Old Mates Farm,145.4948301,-17.3583297,Hardcore Bushcamp
Lochinvar Forest Park (Overnight) Rest Area,148.0918603,-35.609526,Hardcore Bushcamp
Tooma Inn Freecamp,148.0585948,-35.9676329,Hardcore Bushcamp
Glamping,146.8054756,-42.9513482,Hardcore Bushcamp
Unnamed Campsite,146.3052682,-37.5158602,Hardcore Bushcamp
Jingellic Showground,147.6985384,-35.9271564,Commercial / Resort
Mount Lawson State Park - The Kurrajongs,147.4199722,-35.9564495,Hardcore Bushcamp
Discovery Parks - Casino,153.0624894,-28.8615468,Hardcore Bushcamp
Cockatoo Creek camping area,146.9555841,-19.4405926,Hardcore Bushcamp
Alligator Creek Falls camping area,146.9908311,-19.4729048,Hardcore Bushcamp
Eco Park Villagge Camping Area,152.717144,-26.7854561,Hardcore Bushcamp
Anglers Reach Caravan Park,148.6620047,-35.9975843,Commercial / Resort
Wedderburn Christian Campsite,150.8054101,-34.1530648,Hardcore Bushcamp
Unnamed Campsite,153.356731,-29.4623322,Hardcore Bushcamp
Lake Charm General Store & Caravan Park,143.8010897,-35.6085076,Hardcore Bushcamp
Armidale Showground Camping,151.6799305,-30.515284,Hardcore Bushcamp
Balgal Beach (Tents Only),146.4181786,-19.0270024,Hardcore Bushcamp
Wilderluxe Lake Keepit,150.4986818,-30.8861478,Commercial / Resort
Bon Accord Hotel - Overnight Parking,138.9226487,-33.6710041,Commercial / Resort
Bundaleer Campground,138.5729502,-33.2789308,Hardcore Bushcamp
Coconut Beach bush camping,147.85063,-19.7578903,Hardcore Bushcamp
Robinson Park Motorhome Reserve - s/c only,138.6030794,-33.2015887,Hardcore Bushcamp
Half Way Rest Area,137.5107388,-32.7260773,Hardcore Bushcamp
Alyi-wa Miya group campsite,116.2436932,-32.3284017,Hardcore Bushcamp
Grass Patch - informal,123.1551067,-33.9360156,Hardcore Bushcamp
Camp 5 - informal,123.1477287,-33.9256488,Hardcore Bushcamp
Camp 3 - informal,123.1422716,-33.9134235,Hardcore Bushcamp
Camp 4 - informal,123.1424113,-33.9157733,Hardcore Bushcamp
Camp 2 - informal,123.1304613,-33.8980243,Hardcore Bushcamp
Camp 1 - informal,123.1136385,-33.8861171,Hardcore Bushcamp
Camp 6 - informal,123.1655819,-33.959264,Hardcore Bushcamp
Northam RV 48hr Stay,116.6600924,-31.6575507,Hardcore Bushcamp
Unnamed Campsite,148.2810224,-36.1117306,Hardcore Bushcamp
O'Keefes,148.4025188,-36.1241849,Hardcore Bushcamp
Tumut River,148.371342,-36.1510799,Hardcore Bushcamp
Derschkos,148.3531611,-36.142207,Hardcore Bushcamp
Hazelvale,142.2647246,-31.7655579,Commercial / Resort
Collie Hotel Freecamp,148.3027821,-31.667404,Commercial / Resort
Bickley Outdoor Recreation Camp,116.0398305,-32.0296825,Hardcore Bushcamp
Royal Hotel Caravan Parking,149.8284301,-31.3468178,Hardcore Bushcamp
Unnamed Campsite,146.7531547,-37.2631178,Hardcore Bushcamp
Palmerville Station - Camp Ground,144.4180276,-16.2031457,Hardcore Bushcamp
Meunga Creek Caravan Park,145.9905557,-18.2405712,Commercial / Resort
Road stop/campsite,152.6904018,-26.6244702,Hardcore Bushcamp
Unnamed Campsite,146.554507,-37.4396913,Hardcore Bushcamp
Unnamed Campsite,146.5546502,-37.423596,Hardcore Bushcamp
Unnamed Campsite,146.5557408,-37.460918,Hardcore Bushcamp
Unnamed Campsite,146.5539513,-37.4606455,Hardcore Bushcamp
Unnamed Campsite,146.5540078,-37.4197879,Hardcore Bushcamp
Unnamed Campsite,152.2393951,-28.0724117,Hardcore Bushcamp
Unnamed Campsite,151.7639848,-28.0025634,Hardcore Bushcamp
Middle Creek Camping Area,151.7833254,-24.1246889,Hardcore Bushcamp
Kogan Memorial Hall,150.7615404,-27.0399225,Commercial / Resort
Unnamed Campsite,148.4783981,-35.9298077,Hardcore Bushcamp
Warra Hotel Self Contained Camping,150.9195198,-26.9283592,Hardcore Bushcamp
Kumbia Caravan Park,151.6546654,-26.6896035,Commercial / Resort
Stuart River / Alwyn Francis Bridge Rest Area,151.7832633,-26.6111013,Hardcore Bushcamp
Ban Ban Springs,151.8148945,-25.6812225,Hardcore Bushcamp
Unnamed Campsite,150.0448555,-22.1301394,Hardcore Bushcamp
Red Steer Thangool Freecamp,150.575759,-24.4861401,Hardcore Bushcamp
Katarapko Campsite 01,140.5886623,-34.306508,Hardcore Bushcamp
Katarapko Campsite 02,140.5881092,-34.3082387,Hardcore Bushcamp
Katarapko Campsite 03,140.5860906,-34.310628,Hardcore Bushcamp
Katarapko Campsite 05,140.5762964,-34.317434,Hardcore Bushcamp
Katarapko Campsite 06,140.5962105,-34.3221308,Hardcore Bushcamp
Katarapko Campsite 08 (Booky Cliffs),140.5978493,-34.324769,Hardcore Bushcamp
Katarapko Campsite 09 (Booky Cliffs),140.5970621,-34.3246469,Hardcore Bushcamp
Katarapko Campsite 10,140.591955,-34.3242593,Hardcore Bushcamp
Katarapko Campsite 11,140.5874283,-34.3251851,Hardcore Bushcamp
Katarapko Campsite 12,140.5854419,-34.3259625,Hardcore Bushcamp
Katarapko Campsite 13,140.5745021,-34.3270192,Hardcore Bushcamp
Katarapko Campsite 14,140.5702782,-34.3297693,Hardcore Bushcamp
Katarapko Campsite 17 (Sawmill),140.5512964,-34.3447724,Hardcore Bushcamp
Katarapko Campsite 18 (Sawmill),140.5511467,-34.3456209,Hardcore Bushcamp
Katarapko Campsite 15,140.5537364,-34.3415085,Hardcore Bushcamp
Katarapko Campsite 19 Group site (Causeway),140.5525733,-34.34902,Hardcore Bushcamp
Katarapko Campsite 20,140.5497458,-34.3506378,Hardcore Bushcamp
Katarapko Campsite 21,140.5490676,-34.3513003,Hardcore Bushcamp
Katarapko Campsite 22,140.5486116,-34.3521486,Hardcore Bushcamp
Katarapko Campsite 23,140.5491659,-34.3528533,Hardcore Bushcamp
Katarapko Campsite 24,140.5490892,-34.3537119,Hardcore Bushcamp
Katarapko Campsite 25,140.5404039,-34.3569057,Hardcore Bushcamp
Katarapko Campsite 26,140.5413831,-34.3605233,Hardcore Bushcamp
Katarapko Campsite 29,140.5450883,-34.3628595,Hardcore Bushcamp
Katarapko Campsite 30,140.5458447,-34.3640108,Hardcore Bushcamp
Katarapko Campsite 31,140.545842,-34.3648876,Hardcore Bushcamp
Katarapko Campsite 32,140.5436274,-34.366375,Hardcore Bushcamp
Katarapko Campsite 33,140.5493831,-34.3714479,Hardcore Bushcamp
Katarapko Campsite 34,140.551559,-34.3743003,Hardcore Bushcamp
Katarapko Campsite 35,140.5495761,-34.3755193,Hardcore Bushcamp
Katarapko Campsite 36,140.5469243,-34.385499,Hardcore Bushcamp
Katarapko Campsite 37,140.5483947,-34.3900579,Hardcore Bushcamp
Katarapko Campsite 38,140.5502235,-34.3926244,Hardcore Bushcamp
Katarapko Campsite 39,140.5517843,-34.3973735,Hardcore Bushcamp
Katarapko Campsite 40,140.5505911,-34.3980363,Hardcore Bushcamp
Katarapko Campsite 42,140.5413966,-34.4065862,Hardcore Bushcamp
Katarapko Campsite 43,140.5409017,-34.408278,Hardcore Bushcamp
Katarapko Campsite 44,140.5407214,-34.4093152,Hardcore Bushcamp
Katarapko Campsite 45,140.5388534,-34.4108253,Hardcore Bushcamp
Katarapko Campsite 47,140.5313488,-34.4239827,Hardcore Bushcamp
Katarapko Campsite 48,140.5295686,-34.4266276,Hardcore Bushcamp
Katarapko Campsite 49,140.5285493,-34.4262481,Hardcore Bushcamp
Katarapko Campsite 50,140.5240351,-34.4335987,Hardcore Bushcamp
Katarapko Campsite 51,140.5219954,-34.4353114,Hardcore Bushcamp
Katarapko Campsite 52,140.5191943,-34.4367805,Hardcore Bushcamp
Katarapko Campsite 53,140.5141495,-34.4418693,Hardcore Bushcamp
Katarapko Campsite 54,140.5114968,-34.4444774,Hardcore Bushcamp
Katarapko Campsite 55,140.5067246,-34.4455307,Hardcore Bushcamp
ingelia Holidays Hervey Bay,152.8804932,-25.2861996,Commercial / Resort
The Saddle Camp,149.6879589,-35.4346329,Hardcore Bushcamp
Churchbank Weir Reserve campsite,152.6867093,-27.775394,Hardcore Bushcamp
Unnamed Campsite,150.0472218,-33.1112791,Hardcore Bushcamp
Unnamed Campsite,150.0475473,-33.1068482,Hardcore Bushcamp
Dyers Campground,145.6723435,-37.946768,Hardcore Bushcamp
Camping,147.8901078,-43.0721897,Hardcore Bushcamp
Forest Campsites,146.3251068,-18.4028593,Hardcore Bushcamp
Reception - South Goulburn Caravan Park,149.6950721,-34.7710395,Commercial / Resort
Reception - Jerilderie Motel & Caravan Park,145.736347,-35.357712,Commercial / Resort
Reception - Gwydir Motel & Caravan Park,149.8494835,-29.485289,Commercial / Resort
Reception - Deniliquin Riverside Caravan Park,144.9688965,-35.5281795,Commercial / Resort
Stans Camp - Overflow,113.794709,-23.3128716,Hardcore Bushcamp
Camping at Bruny Island,147.1985474,-43.4426442,Hardcore Bushcamp
Mount Mistake SRT walkers camp,152.3118785,-27.8743856,Hardcore Bushcamp
Wairuna camping area,145.4420078,-18.4372009,Hardcore Bushcamp
Karijini Free Camp,118.5838135,-22.6078689,Hardcore Bushcamp
Rainbow Reserve,150.4515286,-28.6415516,Hardcore Bushcamp
Yellowbank Reserve,150.5294498,-28.6553022,Hardcore Bushcamp
Lee's Reserve,150.5614095,-28.6618161,Hardcore Bushcamp
Bengalla Reserve,150.5980395,-28.6640599,Hardcore Bushcamp
Montana on the Macalister,146.710154,-37.8239561,Commercial / Resort
Saleyards Rest Area,150.5823113,-29.5455843,Hardcore Bushcamp
Augathella Diggers Rodeo Grounds - Events Only,146.5786435,-25.7904228,Commercial / Resort
Unnamed Campsite,150.3373002,-33.6429362,Hardcore Bushcamp
Berrook Campground,141.0192177,-34.9897277,Hardcore Bushcamp
Unnamed Campsite,138.7338326,-34.9849673,Hardcore Bushcamp
Unnamed Campsite,152.9001561,-27.9903139,Hardcore Bushcamp
Unnamed Campsite,152.9007496,-27.9883518,Hardcore Bushcamp
Unnamed Campsite,152.8999041,-27.9956746,Hardcore Bushcamp
Unnamed Campsite,152.9003932,-27.99414,Hardcore Bushcamp
Unnamed Campsite,152.9012279,-27.9957466,Hardcore Bushcamp
Pally Pub - Caravan Park,150.1354774,-29.4744775,Commercial / Resort
Unnamed Campsite,116.2609187,-33.0120733,Hardcore Bushcamp
Unnamed Campsite,116.2513886,-32.9968382,Hardcore Bushcamp
Unnamed Campsite,116.2521286,-32.999497,Hardcore Bushcamp
Unnamed Campsite,116.2554878,-33.0105646,Hardcore Bushcamp
Unnamed Campsite,116.250531,-33.0137764,Hardcore Bushcamp
Matt Wilson campground / Gulim Campground,131.2990846,-15.4725412,Hardcore Bushcamp
Mundubbera Showgrounds Camping,151.298318,-25.5844056,Hardcore Bushcamp
Black Jungle Spring,132.162888,-13.0821222,Hardcore Bushcamp
1770 Holiday Village,151.8860944,-24.1831809,Commercial / Resort
Rocky Ned Campground,145.91258,-36.8367066,Hardcore Bushcamp
Unnamed Campsite,147.0566928,-38.1134432,Commercial / Resort
Mowarry campground,149.9903941,-37.1405563,Hardcore Bushcamp
Hegartys Bay campground,150.014011,-37.2001613,Hardcore Bushcamp
Nitchaga Creek bush camping,145.5556462,-17.8459642,Hardcore Bushcamp
Wall Creek bush camping,145.5712459,-17.846434,Hardcore Bushcamp
Unnamed Campsite,141.1370609,-35.362898,Hardcore Bushcamp
Tunnel Ridge Ranch,152.9858634,-26.7867178,Hardcore Bushcamp
Hinson Creek camping area,145.6579185,-17.6886764,Hardcore Bushcamp
Tweed Billabong Holiday Park,153.5305291,-28.1949747,Commercial / Resort
Bandilngan Campground / Windjana Campground,125.3896106,-17.7455868,Hardcore Bushcamp
The Holding Paddock,146.6698155,-37.761027,Hardcore Bushcamp
Dispersed camping unnumbered sites amongst trees,144.9583036,-35.9574196,Hardcore Bushcamp
Spacious flat spot,145.9925626,-34.5576842,Hardcore Bushcamp
Unpowered camp\caravan sites,138.6061679,-31.524781,Hardcore Bushcamp
Bundaleer Donation Camp,138.5727513,-33.2789608,Hardcore Bushcamp
Hutt River Caravan Park,114.4708286,-28.0740178,Commercial / Resort
Unnamed Campsite,146.4912501,-37.2658828,Hardcore Bushcamp
Seven Mile Flat walk-in campsite,146.4176243,-37.1958879,Hardcore Bushcamp
Nowendoc Recreation Reserve,151.7145265,-31.4838739,Hardcore Bushcamp
Battery Falls Campground,152.8317466,-30.1665835,Hardcore Bushcamp
Miall Island Camping Area,150.9006264,-23.1513637,Hardcore Bushcamp
Konomie Considine Beach Camping Ground,150.8905133,-23.0664971,Hardcore Bushcamp
Conical Island Camping Area,150.8800902,-23.0477829,Hardcore Bushcamp
Middle Island Camping Area,150.9169148,-23.1640935,Hardcore Bushcamp
Humpy Island Camping Area,150.9683961,-23.2142115,Hardcore Bushcamp
Pelican Island Camping Area,150.8717605,-23.2409848,Hardcore Bushcamp
Divided Island Camping Area,150.8850634,-23.2775695,Hardcore Bushcamp
Hummocky Island Camping Area,151.1555791,-23.4001171,Hardcore Bushcamp
The Island,145.9632272,-37.1250014,Hardcore Bushcamp
Sheep Dip Pines,146.0006675,-37.176508,Hardcore Bushcamp
Newtons 2,146.0042448,-37.1804149,Hardcore Bushcamp
Dunns,146.0070654,-37.1816204,Hardcore Bushcamp
Blue Gum Flat 3,145.9961584,-37.1699463,Hardcore Bushcamp
Magazine Gully,145.994833,-37.1671797,Hardcore Bushcamp
Red Box,145.9927515,-37.1594105,Hardcore Bushcamp
Kirbys 2,145.9908082,-37.1570842,Hardcore Bushcamp
Matt's Camp,145.9898406,-37.1541421,Hardcore Bushcamp
Tim's Camp,145.9809454,-37.1385485,Hardcore Bushcamp
Howdens Inlet 2,145.9772331,-37.1310387,Hardcore Bushcamp
Parsons Point,145.9729087,-37.1276617,Hardcore Bushcamp
Red Gum,145.9586229,-37.1235619,Hardcore Bushcamp
Yellow Box,145.9539643,-37.1238714,Hardcore Bushcamp
Mahogany,145.9399764,-37.1225595,Hardcore Bushcamp
Junction Camp,145.9340467,-37.1210412,Hardcore Bushcamp
Parkers Point,145.9291768,-37.1211259,Hardcore Bushcamp
Mads Pointer,145.9088236,-37.1247141,Hardcore Bushcamp
Hill View,145.9088449,-37.1273649,Hardcore Bushcamp
Dumbells 2,145.9076932,-37.1308213,Hardcore Bushcamp
Red Stringybark,145.9073938,-37.132282,Hardcore Bushcamp
Howdens Inlet,145.9765531,-37.1326579,Hardcore Bushcamp
Boat Harbour Beach Holiday Park,145.6156978,-40.9292337,Commercial / Resort
Unnamed Campsite,143.1595608,-38.6985813,Hardcore Bushcamp
Unnamed Campsite,146.568466,-37.1421156,Hardcore Bushcamp
7 Mile Flat,146.422712,-37.1954106,Hardcore Bushcamp
Bindaree Flat,146.54285,-37.1667941,Hardcore Bushcamp
Tobacco Flat Camping Area,146.3153267,-37.2170819,Hardcore Bushcamp
Dugout terrace,150.6856341,-34.5553097,Hardcore Bushcamp
Corys Fall,151.4197511,-32.9670376,Hardcore Bushcamp
Campsite,145.9350645,-35.9724386,Hardcore Bushcamp
Mitchells Flat Camping Area,146.353843,-37.3029903,Hardcore Bushcamp
The Elms Camping Area,146.8325541,-37.2081913,Hardcore Bushcamp
Conglomerate Creek Camping Area,146.8310073,-37.2112937,Hardcore Bushcamp
Upper Noosa River Campsite 8,153.0348785,-26.1167146,Hardcore Bushcamp
Upper Noosa River Campsite 13,153.0343115,-26.1011548,Hardcore Bushcamp
Upper Noosa River Campsite 9,153.0308538,-26.1151676,Hardcore Bushcamp
Upper Noosa River Campsite 15,153.0332421,-26.0870867,Hardcore Bushcamp
Madura Pass Camprground,127.0145894,-31.8956822,Hardcore Bushcamp
Campground free,149.8274018,-33.7173921,Hardcore Bushcamp
Bethungra Community Campground,147.8578908,-34.7613507,Hardcore Bushcamp
Old Camp Road,149.8520629,-33.3877687,Hardcore Bushcamp
Campground for Self Contained Vehicles,145.7516684,-37.5140935,Commercial / Resort
Camp Site,140.5154117,-31.9850215,Hardcore Bushcamp
Unpowered camping - no cars,138.6348285,-35.0106814,Hardcore Bushcamp
Wards Glen Camping Ground,152.0068467,-32.1735601,Hardcore Bushcamp
Chapel Flat,143.9102769,-37.4864184,Hardcore Bushcamp
GDay - Discovery Parks Caravan Park - Port Hedland,118.638507,-20.3108005,Hardcore Bushcamp
Discovery Parks Port Hedland,118.6389008,-20.3111761,Commercial / Resort
Sand Ridge Campground,153.3581972,-28.4956383,Hardcore Bushcamp
Yelgun Kyoomgun Campground,153.3473208,-28.5623903,Hardcore Bushcamp
Weeun Weeun Campground,153.3953327,-28.5882236,Hardcore Bushcamp
Commercial Hotel Freecamp,146.5756421,-34.2855789,Hardcore Bushcamp
Beckom Park,146.9616982,-34.3247585,Hardcore Bushcamp
Barmedman Mineral Pool - north campsite,147.3859812,-34.1386999,Hardcore Bushcamp
Barmedman Mineral Pool - south campsite,147.3863637,-34.1399322,Hardcore Bushcamp
Quandialla (Showground) Free Camp,147.7913492,-34.0085484,Commercial / Resort
Nina Bay,146.2884542,-18.3314989,Hardcore Bushcamp
George Point campsite,146.3252534,-18.4849137,Hardcore Bushcamp
Watermill Cottage Campground,146.7631881,-41.1506765,Hardcore Bushcamp
Mendooran Showground,149.1307556,-31.8208974,Commercial / Resort
Imperial Hotel Freecamping S/C only,150.6845263,-31.5082219,Hardcore Bushcamp
Bowna Rest Area,147.1041696,-35.9516716,Hardcore Bushcamp
Henry Angel Flat,148.0614067,-35.8252403,Hardcore Bushcamp
Desert Oaks Rest Area,133.1959049,-24.9053083,Hardcore Bushcamp
Mount Stuart Reserve,133.4967113,-21.9601841,Hardcore Bushcamp
Overflow campsite Esperance,121.88386,-33.8566123,Hardcore Bushcamp
Croppa Creek Recreation Ground / Bowling Club,150.3093509,-29.1234832,Hardcore Bushcamp
Unnamed Campsite,146.5783465,-43.4848586,Hardcore Bushcamp
Unnamed Campsite,140.5120966,-34.6421313,Hardcore Bushcamp
Nobby Campground / Nobby Town Park / Sister Kenny Park,151.9035414,-27.8533097,Commercial / Resort
Rum Jungle Ridge,130.9810918,-12.955386,Hardcore Bushcamp
Bumi Perkemahan Fatubena Kwarcab Kota Kupang,123.6662837,-10.2270727,Hardcore Bushcamp
Unnamed Campsite,151.2648605,-33.2614999,Hardcore Bushcamp
Free Camp Temora - S/C Only,147.5283539,-34.4453732,Hardcore Bushcamp
Augusta Tracksite Campground,115.1434071,-34.2971969,Commercial / Resort
Augusta Tracksite Campground,115.1434071,-34.2971969,Commercial / Resort
Augusta Tracksite Campground,115.1434071,-34.2971969,Commercial / Resort
Joan Point Campsite,146.0861598,-43.3422209,Hardcore Bushcamp
Unnamed Campsite,146.0249819,-43.4593249,Hardcore Bushcamp
Unnamed Campsite,146.0895281,-43.3503403,Hardcore Bushcamp
Neville Hotel Freecamp,149.2212516,-33.710114,Hardcore Bushcamp
Unnamed Campsite,116.1846596,-32.9442635,Hardcore Bushcamp
Muddy Duck Tourist Park,144.226464,-23.4082743,Commercial / Resort
Unnamed Campsite,146.0814675,-43.3385615,Hardcore Bushcamp
Crown Hotel Camping,152.5476184,-28.4723344,Hardcore Bushcamp
Anzac Park Primitive Campground,148.9709936,-30.6084063,Hardcore Bushcamp
Minne Ha Ha Falls Campground,146.466465,-38.5206697,Hardcore Bushcamp
Lake Wau Wauka Campsite (new),149.9356911,-37.5202498,Hardcore Bushcamp
Redbank Rest Area,150.3779789,-30.9937608,Hardcore Bushcamp
Unnamed Campsite,133.9882867,-23.9823704,Hardcore Bushcamp
Unnamed Campsite,150.0456493,-32.2421953,Hardcore Bushcamp
Lerderderg Campground,144.386334,-37.4854894,Hardcore Bushcamp
Bill Newburn Park Irvinebank camping area,145.203649,-17.4281421,Hardcore Bushcamp
Gelsim Ranch,150.9634411,-27.9798355,Hardcore Bushcamp
Hidden Valley Cricket Ground,146.0230671,-18.9813488,Hardcore Bushcamp
Camp site 2 Dhula yamba (Tree camp),148.9991235,-20.3053187,Hardcore Bushcamp
Camp site 1 Bowarri yamba (Moon camp),149.0300523,-20.30396,Hardcore Bushcamp
Woodenbong Showground Camping,152.6060021,-28.3857366,Hardcore Bushcamp
James Price Point Beach Campsite,122.1492259,-17.4836084,Hardcore Bushcamp
Barratta Creek camping area,147.2350402,-19.461659,Hardcore Bushcamp
12 Red Box Camp,146.6269968,-37.5159921,Hardcore Bushcamp
8 Muttonwood Camp,146.6126512,-37.5298212,Hardcore Bushcamp
Kandanga Bowling Club Campground,152.6754511,-26.386723,Hardcore Bushcamp
Hidden Valley at Gro Mad Plantations,152.9740151,-26.5789609,Hardcore Bushcamp
Balor Hut Campground,148.9959135,-31.3269994,Hardcore Bushcamp
Unnamed Campsite,151.5980762,-25.6291947,Hardcore Bushcamp
Bullock Flat Camping Area,147.0571814,-37.3745346,Hardcore Bushcamp
Unnamed Campsite,146.3606987,-37.3394231,Hardcore Bushcamp
Proston Music Muster Free Camping - Only early August,151.5014791,-26.228896,Hardcore Bushcamp
Illinbah Bush Camp,153.1685554,-28.1606053,Hardcore Bushcamp
9 Cockatoo Camp,146.6130988,-37.5214084,Hardcore Bushcamp
Millmerran Golf Course RV Free Camp,151.2717272,-27.8846976,Hardcore Bushcamp
Daintree RV Park,145.3214579,-16.2483062,Hardcore Bushcamp
Grannys Flat,146.2125775,-37.2890529,Hardcore Bushcamp
Unnamed Campsite,153.1482046,-30.3123393,Hardcore Bushcamp
Clear Hills,146.5356252,-37.1060998,Hardcore Bushcamp
Aramac Hotel Camping,145.24121,-22.9719781,Hardcore Bushcamp
Unnamed Campsite,147.5087647,-32.3570203,Hardcore Bushcamp
Flintstones Diner & Van Park,144.1998449,-20.8482418,Commercial / Resort
Eromanga Free Campground,143.2664943,-26.6700718,Hardcore Bushcamp
Pentland Campdraft Only,145.4059103,-20.5209662,Hardcore Bushcamp
Mingela Hotel Camping,146.633446,-19.8788555,Hardcore Bushcamp
Grass Hut Farm Stay,146.6842929,-19.924068,Commercial / Resort
Unnamed Campsite,145.8792017,-38.7884003,Hardcore Bushcamp
Free RV Camping,148.1235938,-21.3501874,Hardcore Bushcamp
Jardine Campground,144.0853981,-18.3720419,Hardcore Bushcamp
Jardine Campground,144.0853981,-18.3720419,Hardcore Bushcamp
Barlangi Rock campsite,118.8366277,-27.1824973,Hardcore Bushcamp
Unnamed Campsite,145.5881631,-16.9233091,Hardcore Bushcamp
Eton Hotel (w/facilities),148.9765858,-21.2626941,Hardcore Bushcamp
Eton Hotel (no facilties),148.9767166,-21.2627362,Hardcore Bushcamp
Funnel Creek,148.9339065,-21.7786233,Hardcore Bushcamp
Junee Rest Area,149.0350584,-23.0492632,Hardcore Bushcamp
Don River,150.1153308,-24.0983894,Hardcore Bushcamp
Under The Bridge,145.6837363,-17.5688292,Hardcore Bushcamp
Royal Hotel Campground,143.0382605,-22.3893333,Commercial / Resort
Racecourse camp ground,143.0494645,-22.3881698,Commercial / Resort
Unnamed Campsite,142.4056397,-11.3950911,Hardcore Bushcamp
Unnamed Campsite,142.4064766,-11.3942847,Hardcore Bushcamp
Unnamed Campsite,116.3300433,-31.4483092,Hardcore Bushcamp
Blair witch camp,116.3300501,-31.4483162,Hardcore Bushcamp
Ayrshire Downs Station,142.7294081,-21.987493,Hardcore Bushcamp
Unnamed Campsite,140.4970137,-20.7050069,Hardcore Bushcamp
Corella Dam 2,140.0479875,-20.8370642,Hardcore Bushcamp
Mary Kathleen Canning Grounds,139.980836,-20.7799933,Hardcore Bushcamp
Cullen Point campground,141.9080121,-11.9557211,Hardcore Bushcamp
Schulzes Beach Camping Area,141.8575415,-36.04563,Hardcore Bushcamp
Jabaljarri Indigenous Art Gallery Campground,134.183105,-19.6603263,Hardcore Bushcamp
Central Station Great Walk Campgroun,153.0559612,-25.4736271,Hardcore Bushcamp
Dillbury's,134.2197294,-20.1826709,Hardcore Bushcamp
The Anchorage,153.4235538,-27.8120269,Commercial / Resort
Unnamed Campsite,143.0302496,-12.706416,Hardcore Bushcamp
Teddy's Overnighter,131.0348201,-25.2187978,Hardcore Bushcamp
Hornet’s free camp,144.6066584,-14.5830733,Hardcore Bushcamp
Unnamed Campsite,145.3275498,-14.9567432,Hardcore Bushcamp
Unnamed Campsite,145.3275498,-14.9567432,Hardcore Bushcamp
Unnamed Campsite,145.3281925,-14.9567047,Hardcore Bushcamp
Unnamed Campsite,145.3338775,-14.9549961,Hardcore Bushcamp
Unnamed Campsite,145.3221074,-14.956028,Hardcore Bushcamp
Unnamed Campsite,145.3248891,-14.9566132,Hardcore Bushcamp
Unnamed Campsite,145.3267781,-14.9567853,Hardcore Bushcamp
North of Flinders River,140.8580213,-18.1613305,Hardcore Bushcamp
Miss Keats Picnic Park,143.9558154,-35.504995,Hardcore Bushcamp
Darwin River Tavern,130.9628671,-12.7796804,Hardcore Bushcamp
Malabanjbanjdju Caravan Camping Area,132.7553011,-12.7676798,Hardcore Bushcamp
Mount Huntley Remote Bush Camp,152.4318349,-28.1427909,Hardcore Bushcamp
Panorama Point Remote Bush Camp,152.4387548,-28.1601693,Hardcore Bushcamp
Spicers/Double Top remote camping zone,152.4117791,-28.1143106,Hardcore Bushcamp
Lower Panorama Point Remote Bush Camp,152.4456874,-28.1634172,Hardcore Bushcamp
Mount Steamers Saddle Remote Bush Camp,152.4509071,-28.190348,Hardcore Bushcamp
Handover Campsite,127.5364836,-20.181639,Hardcore Bushcamp
Boranup Campground,115.0679263,-34.1778041,Hardcore Bushcamp
Castleburn Creek,147.2036831,-37.5413322,Hardcore Bushcamp
Brodies Campground,141.9931818,-37.2497626,Hardcore Bushcamp
McKenzie river,149.7123983,-23.5287912,Hardcore Bushcamp
Elsey freedom camping,133.0901934,-15.0338508,Hardcore Bushcamp
RV Stop (SC only),144.6994702,-36.3601919,Hardcore Bushcamp
Sylva Lagoons Campground,152.9502654,-28.9697759,Hardcore Bushcamp
Unnamed Campsite,141.913379,-34.1047794,Hardcore Bushcamp
Wilson's Hut Campground,148.8922862,-37.1817489,Hardcore Bushcamp
Unnamed Campsite,145.5602093,-42.0767843,Hardcore Bushcamp
Kinchega Cabins & Campsite,142.3434333,-32.4736137,Hardcore Bushcamp
Unnamed Campsite,142.3716214,-32.4599693,Hardcore Bushcamp
Peterborough RV Park (SC only),138.8240127,-32.9739782,Hardcore Bushcamp
Caravan Camping Area,132.7552323,-12.7676808,Hardcore Bushcamp
"Kingoonya Caravan Park, Cafe & Fuel",135.317408,-30.9141882,Commercial / Resort
Jumbuk Park,146.4305256,-38.4059424,Hardcore Bushcamp
Billys Creek - Churchill Camping Area 1,146.3856469,-38.324283,Hardcore Bushcamp
Unnamed Campsite,146.3805269,-41.1851837,Hardcore Bushcamp
Talliwanu,130.8312741,-25.3735288,Hardcore Bushcamp
Tjakura,130.6797537,-25.3679814,Hardcore Bushcamp
Stockmans campground,141.3849944,-35.7662834,Hardcore Bushcamp
Stanley Recreation RV site,145.289567,-40.7640344,Hardcore Bushcamp
Unnamed Campsite,143.4718156,-37.0880333,Hardcore Bushcamp
“Fairways” Self Contained RV & Caravan Park,148.2451703,-42.0961129,Hardcore Bushcamp
